Timing Analyzer report for RemoteController
Mon Dec 29 16:00:55 2025
Quartus Prime Version 20.1.1 Build 720 11/11/2020 SJ Lite Edition


---------------------
; Table of Contents ;
---------------------
  1. Legal Notice
  2. Timing Analyzer Summary
  3. Parallel Compilation
  4. SDC File List
  5. Clocks
  6. Slow 1200mV 85C Model Fmax Summary
  7. Timing Closure Recommendations
  8. Slow 1200mV 85C Model Setup Summary
  9. Slow 1200mV 85C Model Hold Summary
 10. Slow 1200mV 85C Model Recovery Summary
 11. Slow 1200mV 85C Model Removal Summary
 12. Slow 1200mV 85C Model Minimum Pulse Width Summary
 13. Slow 1200mV 85C Model Setup: 'inst|altpll_component|auto_generated|pll1|clk[0]'
 14. Slow 1200mV 85C Model Hold: 'inst|altpll_component|auto_generated|pll1|clk[0]'
 15. Slow 1200mV 85C Model Metastability Summary
 16. Slow 1200mV 0C Model Fmax Summary
 17. Slow 1200mV 0C Model Setup Summary
 18. Slow 1200mV 0C Model Hold Summary
 19. Slow 1200mV 0C Model Recovery Summary
 20. Slow 1200mV 0C Model Removal Summary
 21. Slow 1200mV 0C Model Minimum Pulse Width Summary
 22. Slow 1200mV 0C Model Setup: 'inst|altpll_component|auto_generated|pll1|clk[0]'
 23. Slow 1200mV 0C Model Hold: 'inst|altpll_component|auto_generated|pll1|clk[0]'
 24. Slow 1200mV 0C Model Metastability Summary
 25. Fast 1200mV 0C Model Setup Summary
 26. Fast 1200mV 0C Model Hold Summary
 27. Fast 1200mV 0C Model Recovery Summary
 28. Fast 1200mV 0C Model Removal Summary
 29. Fast 1200mV 0C Model Minimum Pulse Width Summary
 30. Fast 1200mV 0C Model Setup: 'inst|altpll_component|auto_generated|pll1|clk[0]'
 31. Fast 1200mV 0C Model Hold: 'inst|altpll_component|auto_generated|pll1|clk[0]'
 32. Fast 1200mV 0C Model Metastability Summary
 33. Multicorner Timing Analysis Summary
 34. Board Trace Model Assignments
 35. Input Transition Times
 36. Signal Integrity Metrics (Slow 1200mv 0c Model)
 37. Signal Integrity Metrics (Slow 1200mv 85c Model)
 38. Signal Integrity Metrics (Fast 1200mv 0c Model)
 39. Setup Transfers
 40. Hold Transfers
 41. Report TCCS
 42. Report RSKM
 43. Unconstrained Paths Summary
 44. Clock Status Summary
 45. Timing Analyzer Messages



----------------
; Legal Notice ;
----------------
Copyright (C) 2020  Intel Corporation. All rights reserved.
Your use of Intel Corporation's design tools, logic functions 
and other software and tools, and any partner logic 
functions, and any output files from any of the foregoing 
(including device programming or simulation files), and any 
associated documentation or information are expressly subject 
to the terms and conditions of the Intel Program License 
Subscription Agreement, the Intel Quartus Prime License Agreement,
the Intel FPGA IP License Agreement, or other applicable license
agreement, including, without limitation, that your use is for
the sole purpose of programming logic devices manufactured by
Intel and sold by Intel or its authorized distributors.  Please
refer to the applicable agreement for further details, at
https://fpgasoftware.intel.com/eula.



+-----------------------------------------------------------------------------+
; Timing Analyzer Summary                                                     ;
+-----------------------+-----------------------------------------------------+
; Quartus Prime Version ; Version 20.1.1 Build 720 11/11/2020 SJ Lite Edition ;
; Timing Analyzer       ; Legacy Timing Analyzer                              ;
; Revision Name         ; RemoteController                                    ;
; Device Family         ; Cyclone IV E                                        ;
; Device Name           ; EP4CE115F29C7                                       ;
; Timing Models         ; Final                                               ;
; Delay Model           ; Combined                                            ;
; Rise/Fall Delays      ; Enabled                                             ;
+-----------------------+-----------------------------------------------------+


+------------------------------------------+
; Parallel Compilation                     ;
+----------------------------+-------------+
; Processors                 ; Number      ;
+----------------------------+-------------+
; Number detected on machine ; 12          ;
; Maximum allowed            ; 12          ;
;                            ;             ;
; Average used               ; 1.04        ;
; Maximum used               ; 12          ;
;                            ;             ;
; Usage by Processor         ; % Time Used ;
;     Processor 1            ; 100.0%      ;
;     Processor 2            ;   1.1%      ;
;     Processors 3-12        ;   0.3%      ;
+----------------------------+-------------+


+--------------------------------------------------------------+
; SDC File List                                                ;
+--------------------------+--------+--------------------------+
; SDC File Path            ; Status ; Read at                  ;
+--------------------------+--------+--------------------------+
; RemoteController.out.sdc ; OK     ; Mon Dec 29 16:00:54 2025 ;
+--------------------------+--------+--------------------------+


+-----------------------------------------------------------------------------------------------------------------------------------------------------------------------------------------------------------------------------------------------------------------------------------------------------------------------------+
; Clocks                                                                                                                                                                                                                                                                                                                      ;
+--------------------------------------------------+-----------+-----------+-----------+-------+-----------+------------+-----------+-------------+-------+--------+-----------+------------+----------+----------+----------------------------------------------------+------------------------------------------------------+
; Clock Name                                       ; Type      ; Period    ; Frequency ; Rise  ; Fall      ; Duty Cycle ; Divide by ; Multiply by ; Phase ; Offset ; Edge List ; Edge Shift ; Inverted ; Master   ; Source                                             ; Targets                                              ;
+--------------------------------------------------+-----------+-----------+-----------+-------+-----------+------------+-----------+-------------+-------+--------+-----------+------------+----------+----------+----------------------------------------------------+------------------------------------------------------+
; CLOCK_50                                         ; Base      ; 20.000    ; 50.0 MHz  ; 0.000 ; 10.000    ;            ;           ;             ;       ;        ;           ;            ;          ;          ;                                                    ; { CLOCK_50 }                                         ;
; inst|altpll_component|auto_generated|pll1|clk[0] ; Generated ; 26000.377 ; 0.04 MHz  ; 0.000 ; 13000.188 ; 50.00      ; 68901     ; 53          ;       ;        ;           ;            ; false    ; CLOCK_50 ; inst|altpll_component|auto_generated|pll1|inclk[0] ; { inst|altpll_component|auto_generated|pll1|clk[0] } ;
+--------------------------------------------------+-----------+-----------+-----------+-------+-----------+------------+-----------+-------------+-------+--------+-----------+------------+----------+----------+----------------------------------------------------+------------------------------------------------------+


+---------------------------------------------------------------------------------------+
; Slow 1200mV 85C Model Fmax Summary                                                    ;
+-----------+-----------------+--------------------------------------------------+------+
; Fmax      ; Restricted Fmax ; Clock Name                                       ; Note ;
+-----------+-----------------+--------------------------------------------------+------+
; 92.11 MHz ; 92.11 MHz       ; inst|altpll_component|auto_generated|pll1|clk[0] ;      ;
+-----------+-----------------+--------------------------------------------------+------+
This panel reports FMAX for every clock in the design, regardless of the user-specified clock periods.  FMAX is only computed for paths where the source and destination registers or ports are driven by the same clock.  Paths of different clocks, including generated clocks, are ignored.  For paths between a clock and its inversion, FMAX is computed as if the rising and falling edges are scaled along with FMAX, such that the duty cycle (in terms of a percentage) is maintained. Altera recommends that you always use clock constraints and other slack reports for sign-off analysis.


----------------------------------
; Timing Closure Recommendations ;
----------------------------------
HTML report is unavailable in plain text report export.


+------------------------------------------------------------------------------+
; Slow 1200mV 85C Model Setup Summary                                          ;
+--------------------------------------------------+-----------+---------------+
; Clock                                            ; Slack     ; End Point TNS ;
+--------------------------------------------------+-----------+---------------+
; inst|altpll_component|auto_generated|pll1|clk[0] ; 25989.521 ; 0.000         ;
+--------------------------------------------------+-----------+---------------+


+--------------------------------------------------------------------------+
; Slow 1200mV 85C Model Hold Summary                                       ;
+--------------------------------------------------+-------+---------------+
; Clock                                            ; Slack ; End Point TNS ;
+--------------------------------------------------+-------+---------------+
; inst|altpll_component|auto_generated|pll1|clk[0] ; 0.402 ; 0.000         ;
+--------------------------------------------------+-------+---------------+


------------------------------------------
; Slow 1200mV 85C Model Recovery Summary ;
------------------------------------------
No paths to report.


-----------------------------------------
; Slow 1200mV 85C Model Removal Summary ;
-----------------------------------------
No paths to report.


+------------------------------------------------------------------------------+
; Slow 1200mV 85C Model Minimum Pulse Width Summary                            ;
+--------------------------------------------------+-----------+---------------+
; Clock                                            ; Slack     ; End Point TNS ;
+--------------------------------------------------+-----------+---------------+
; CLOCK_50                                         ; 9.891     ; 0.000         ;
; inst|altpll_component|auto_generated|pll1|clk[0] ; 12999.898 ; 0.000         ;
+--------------------------------------------------+-----------+---------------+


+---------------------------------------------------------------------------------------------------------------------------------------------------------------------------------------------------------------------------------------------------------------------+
; Slow 1200mV 85C Model Setup: 'inst|altpll_component|auto_generated|pll1|clk[0]'                                                                                                                                                                                     ;
+-----------+------------------------------------------------------+---------------------------------------------------+--------------------------------------------------+--------------------------------------------------+--------------+------------+------------+
; Slack     ; From Node                                            ; To Node                                           ; Launch Clock                                     ; Latch Clock                                      ; Relationship ; Clock Skew ; Data Delay ;
+-----------+------------------------------------------------------+---------------------------------------------------+--------------------------------------------------+--------------------------------------------------+--------------+------------+------------+
; 25989.521 ; RemoteController:inst1|Tecla[0]                      ; LEDR[0]                                           ; inst|altpll_component|auto_generated|pll1|clk[0] ; inst|altpll_component|auto_generated|pll1|clk[0] ; 26000.377    ; -4.398     ; 3.838      ;
; 25989.521 ; RemoteController:inst1|Tecla[6]                      ; LEDR[6]                                           ; inst|altpll_component|auto_generated|pll1|clk[0] ; inst|altpll_component|auto_generated|pll1|clk[0] ; 26000.377    ; -4.398     ; 3.838      ;
; 25989.558 ; RemoteController:inst1|Tecla[1]                      ; LEDR[1]                                           ; inst|altpll_component|auto_generated|pll1|clk[0] ; inst|altpll_component|auto_generated|pll1|clk[0] ; 26000.377    ; -4.391     ; 3.808      ;
; 25989.572 ; RemoteController:inst1|Tecla[3]                      ; LEDR[3]                                           ; inst|altpll_component|auto_generated|pll1|clk[0] ; inst|altpll_component|auto_generated|pll1|clk[0] ; 26000.377    ; -4.397     ; 3.788      ;
; 25989.581 ; RemoteController:inst1|Ready                         ; LEDG[1]                                           ; inst|altpll_component|auto_generated|pll1|clk[0] ; inst|altpll_component|auto_generated|pll1|clk[0] ; 26000.377    ; -4.398     ; 3.778      ;
; 25989.581 ; RemoteController:inst1|Tecla[7]                      ; LEDR[7]                                           ; inst|altpll_component|auto_generated|pll1|clk[0] ; inst|altpll_component|auto_generated|pll1|clk[0] ; 26000.377    ; -4.398     ; 3.778      ;
; 25989.582 ; RemoteController:inst1|Tecla[2]                      ; LEDR[2]                                           ; inst|altpll_component|auto_generated|pll1|clk[0] ; inst|altpll_component|auto_generated|pll1|clk[0] ; 26000.377    ; -4.397     ; 3.778      ;
; 25989.582 ; RemoteController:inst1|Tecla[4]                      ; LEDR[4]                                           ; inst|altpll_component|auto_generated|pll1|clk[0] ; inst|altpll_component|auto_generated|pll1|clk[0] ; 26000.377    ; -4.397     ; 3.778      ;
; 25989.582 ; RemoteController:inst1|Tecla[5]                      ; LEDR[5]                                           ; inst|altpll_component|auto_generated|pll1|clk[0] ; inst|altpll_component|auto_generated|pll1|clk[0] ; 26000.377    ; -4.397     ; 3.778      ;
; 25995.631 ; RemoteController:inst1|dados_brutos[11]              ; RemoteController:inst1|Ready                      ; inst|altpll_component|auto_generated|pll1|clk[0] ; inst|altpll_component|auto_generated|pll1|clk[0] ; 26000.377    ; -0.097     ; 4.532      ;
; 25995.653 ; RemoteController:inst1|dados_brutos[2]               ; RemoteController:inst1|Ready                      ; inst|altpll_component|auto_generated|pll1|clk[0] ; inst|altpll_component|auto_generated|pll1|clk[0] ; 26000.377    ; -0.097     ; 4.510      ;
; 25995.765 ; RemoteController:inst1|dados_brutos[14]              ; RemoteController:inst1|Ready                      ; inst|altpll_component|auto_generated|pll1|clk[0] ; inst|altpll_component|auto_generated|pll1|clk[0] ; 26000.377    ; -0.097     ; 4.398      ;
; 25995.789 ; RemoteController:inst1|dados_brutos[9]               ; RemoteController:inst1|Ready                      ; inst|altpll_component|auto_generated|pll1|clk[0] ; inst|altpll_component|auto_generated|pll1|clk[0] ; 26000.377    ; -0.097     ; 4.374      ;
; 25995.791 ; RemoteController:inst1|dados_brutos[0]               ; RemoteController:inst1|Ready                      ; inst|altpll_component|auto_generated|pll1|clk[0] ; inst|altpll_component|auto_generated|pll1|clk[0] ; 26000.377    ; -0.097     ; 4.372      ;
; 25995.817 ; RemoteController:inst1|dados_brutos[8]               ; RemoteController:inst1|Ready                      ; inst|altpll_component|auto_generated|pll1|clk[0] ; inst|altpll_component|auto_generated|pll1|clk[0] ; 26000.377    ; -0.097     ; 4.346      ;
; 25995.819 ; RemoteController:inst1|dados_brutos[10]              ; RemoteController:inst1|Ready                      ; inst|altpll_component|auto_generated|pll1|clk[0] ; inst|altpll_component|auto_generated|pll1|clk[0] ; 26000.377    ; -0.097     ; 4.344      ;
; 25995.894 ; RemoteController:inst1|dados_brutos[12]              ; RemoteController:inst1|Ready                      ; inst|altpll_component|auto_generated|pll1|clk[0] ; inst|altpll_component|auto_generated|pll1|clk[0] ; 26000.377    ; -0.097     ; 4.269      ;
; 25995.905 ; RemoteController:inst1|dados_brutos[4]               ; RemoteController:inst1|Ready                      ; inst|altpll_component|auto_generated|pll1|clk[0] ; inst|altpll_component|auto_generated|pll1|clk[0] ; 26000.377    ; -0.097     ; 4.258      ;
; 25995.962 ; RemoteController:inst1|dados_brutos[6]               ; RemoteController:inst1|Ready                      ; inst|altpll_component|auto_generated|pll1|clk[0] ; inst|altpll_component|auto_generated|pll1|clk[0] ; 26000.377    ; -0.097     ; 4.201      ;
; 25995.992 ; RemoteController:inst1|dados_brutos[3]               ; RemoteController:inst1|Ready                      ; inst|altpll_component|auto_generated|pll1|clk[0] ; inst|altpll_component|auto_generated|pll1|clk[0] ; 26000.377    ; -0.097     ; 4.171      ;
; 25996.075 ; RemoteController:inst1|dados_brutos[5]               ; RemoteController:inst1|Ready                      ; inst|altpll_component|auto_generated|pll1|clk[0] ; inst|altpll_component|auto_generated|pll1|clk[0] ; 26000.377    ; -0.097     ; 4.088      ;
; 25996.086 ; RemoteController:inst1|dados_brutos[7]               ; RemoteController:inst1|Ready                      ; inst|altpll_component|auto_generated|pll1|clk[0] ; inst|altpll_component|auto_generated|pll1|clk[0] ; 26000.377    ; -0.097     ; 4.077      ;
; 25996.130 ; RemoteController:inst1|dados_brutos[1]               ; RemoteController:inst1|Ready                      ; inst|altpll_component|auto_generated|pll1|clk[0] ; inst|altpll_component|auto_generated|pll1|clk[0] ; 26000.377    ; -0.097     ; 4.033      ;
; 25996.202 ; RemoteController:inst1|dados_brutos[13]              ; RemoteController:inst1|Ready                      ; inst|altpll_component|auto_generated|pll1|clk[0] ; inst|altpll_component|auto_generated|pll1|clk[0] ; 26000.377    ; -0.097     ; 3.961      ;
; 25996.242 ; RemoteController:inst1|dados_brutos[15]              ; RemoteController:inst1|Ready                      ; inst|altpll_component|auto_generated|pll1|clk[0] ; inst|altpll_component|auto_generated|pll1|clk[0] ; 26000.377    ; -0.097     ; 3.921      ;
; 25996.354 ; RemoteController:inst1|dados_brutos[2]               ; RemoteController:inst1|Tecla[1]                   ; inst|altpll_component|auto_generated|pll1|clk[0] ; inst|altpll_component|auto_generated|pll1|clk[0] ; 26000.377    ; -0.105     ; 3.801      ;
; 25996.377 ; RemoteController:inst1|dados_brutos[11]              ; RemoteController:inst1|Tecla[1]                   ; inst|altpll_component|auto_generated|pll1|clk[0] ; inst|altpll_component|auto_generated|pll1|clk[0] ; 26000.377    ; -0.105     ; 3.778      ;
; 25996.421 ; RemoteController:inst1|dados_brutos[14]              ; RemoteController:inst1|Tecla[1]                   ; inst|altpll_component|auto_generated|pll1|clk[0] ; inst|altpll_component|auto_generated|pll1|clk[0] ; 26000.377    ; -0.105     ; 3.734      ;
; 25996.509 ; RemoteController:inst1|dados_brutos[0]               ; RemoteController:inst1|Tecla[1]                   ; inst|altpll_component|auto_generated|pll1|clk[0] ; inst|altpll_component|auto_generated|pll1|clk[0] ; 26000.377    ; -0.105     ; 3.646      ;
; 25996.531 ; RemoteController:inst1|dados_brutos[9]               ; RemoteController:inst1|Tecla[1]                   ; inst|altpll_component|auto_generated|pll1|clk[0] ; inst|altpll_component|auto_generated|pll1|clk[0] ; 26000.377    ; -0.105     ; 3.624      ;
; 25996.535 ; RemoteController:inst1|dados_brutos[12]              ; RemoteController:inst1|Tecla[1]                   ; inst|altpll_component|auto_generated|pll1|clk[0] ; inst|altpll_component|auto_generated|pll1|clk[0] ; 26000.377    ; -0.105     ; 3.620      ;
; 25996.538 ; RemoteController:inst1|dados_brutos[10]              ; RemoteController:inst1|Tecla[1]                   ; inst|altpll_component|auto_generated|pll1|clk[0] ; inst|altpll_component|auto_generated|pll1|clk[0] ; 26000.377    ; -0.105     ; 3.617      ;
; 25996.543 ; RemoteController:inst1|dados_brutos[8]               ; RemoteController:inst1|Tecla[1]                   ; inst|altpll_component|auto_generated|pll1|clk[0] ; inst|altpll_component|auto_generated|pll1|clk[0] ; 26000.377    ; -0.105     ; 3.612      ;
; 25996.546 ; RemoteController:inst1|dados_brutos[4]               ; RemoteController:inst1|Tecla[1]                   ; inst|altpll_component|auto_generated|pll1|clk[0] ; inst|altpll_component|auto_generated|pll1|clk[0] ; 26000.377    ; -0.105     ; 3.609      ;
; 25996.603 ; RemoteController:inst1|dados_brutos[6]               ; RemoteController:inst1|Tecla[1]                   ; inst|altpll_component|auto_generated|pll1|clk[0] ; inst|altpll_component|auto_generated|pll1|clk[0] ; 26000.377    ; -0.105     ; 3.552      ;
; 25996.660 ; RemoteController:inst1|dados_brutos[11]              ; RemoteController:inst1|Ready~_Duplicate_1         ; inst|altpll_component|auto_generated|pll1|clk[0] ; inst|altpll_component|auto_generated|pll1|clk[0] ; 26000.377    ; -0.081     ; 3.634      ;
; 25996.666 ; RemoteController:inst1|dados_brutos[3]               ; RemoteController:inst1|Tecla[1]                   ; inst|altpll_component|auto_generated|pll1|clk[0] ; inst|altpll_component|auto_generated|pll1|clk[0] ; 26000.377    ; -0.105     ; 3.489      ;
; 25996.682 ; RemoteController:inst1|dados_brutos[2]               ; RemoteController:inst1|Ready~_Duplicate_1         ; inst|altpll_component|auto_generated|pll1|clk[0] ; inst|altpll_component|auto_generated|pll1|clk[0] ; 26000.377    ; -0.081     ; 3.612      ;
; 25996.698 ; RemoteController:inst1|dados_brutos[2]               ; RemoteController:inst1|Tecla[5]                   ; inst|altpll_component|auto_generated|pll1|clk[0] ; inst|altpll_component|auto_generated|pll1|clk[0] ; 26000.377    ; -0.099     ; 3.463      ;
; 25996.698 ; RemoteController:inst1|dados_brutos[2]               ; RemoteController:inst1|Tecla[4]                   ; inst|altpll_component|auto_generated|pll1|clk[0] ; inst|altpll_component|auto_generated|pll1|clk[0] ; 26000.377    ; -0.099     ; 3.463      ;
; 25996.698 ; RemoteController:inst1|dados_brutos[2]               ; RemoteController:inst1|Tecla[3]                   ; inst|altpll_component|auto_generated|pll1|clk[0] ; inst|altpll_component|auto_generated|pll1|clk[0] ; 26000.377    ; -0.099     ; 3.463      ;
; 25996.698 ; RemoteController:inst1|dados_brutos[2]               ; RemoteController:inst1|Tecla[2]                   ; inst|altpll_component|auto_generated|pll1|clk[0] ; inst|altpll_component|auto_generated|pll1|clk[0] ; 26000.377    ; -0.099     ; 3.463      ;
; 25996.721 ; RemoteController:inst1|dados_brutos[11]              ; RemoteController:inst1|Tecla[5]                   ; inst|altpll_component|auto_generated|pll1|clk[0] ; inst|altpll_component|auto_generated|pll1|clk[0] ; 26000.377    ; -0.099     ; 3.440      ;
; 25996.721 ; RemoteController:inst1|dados_brutos[11]              ; RemoteController:inst1|Tecla[4]                   ; inst|altpll_component|auto_generated|pll1|clk[0] ; inst|altpll_component|auto_generated|pll1|clk[0] ; 26000.377    ; -0.099     ; 3.440      ;
; 25996.721 ; RemoteController:inst1|dados_brutos[11]              ; RemoteController:inst1|Tecla[3]                   ; inst|altpll_component|auto_generated|pll1|clk[0] ; inst|altpll_component|auto_generated|pll1|clk[0] ; 26000.377    ; -0.099     ; 3.440      ;
; 25996.721 ; RemoteController:inst1|dados_brutos[11]              ; RemoteController:inst1|Tecla[2]                   ; inst|altpll_component|auto_generated|pll1|clk[0] ; inst|altpll_component|auto_generated|pll1|clk[0] ; 26000.377    ; -0.099     ; 3.440      ;
; 25996.731 ; RemoteController:inst1|dados_brutos[5]               ; RemoteController:inst1|Tecla[1]                   ; inst|altpll_component|auto_generated|pll1|clk[0] ; inst|altpll_component|auto_generated|pll1|clk[0] ; 26000.377    ; -0.105     ; 3.424      ;
; 25996.765 ; RemoteController:inst1|dados_brutos[14]              ; RemoteController:inst1|Tecla[5]                   ; inst|altpll_component|auto_generated|pll1|clk[0] ; inst|altpll_component|auto_generated|pll1|clk[0] ; 26000.377    ; -0.099     ; 3.396      ;
; 25996.765 ; RemoteController:inst1|dados_brutos[14]              ; RemoteController:inst1|Tecla[4]                   ; inst|altpll_component|auto_generated|pll1|clk[0] ; inst|altpll_component|auto_generated|pll1|clk[0] ; 26000.377    ; -0.099     ; 3.396      ;
; 25996.765 ; RemoteController:inst1|dados_brutos[14]              ; RemoteController:inst1|Tecla[3]                   ; inst|altpll_component|auto_generated|pll1|clk[0] ; inst|altpll_component|auto_generated|pll1|clk[0] ; 26000.377    ; -0.099     ; 3.396      ;
; 25996.765 ; RemoteController:inst1|dados_brutos[14]              ; RemoteController:inst1|Tecla[2]                   ; inst|altpll_component|auto_generated|pll1|clk[0] ; inst|altpll_component|auto_generated|pll1|clk[0] ; 26000.377    ; -0.099     ; 3.396      ;
; 25996.794 ; RemoteController:inst1|dados_brutos[14]              ; RemoteController:inst1|Ready~_Duplicate_1         ; inst|altpll_component|auto_generated|pll1|clk[0] ; inst|altpll_component|auto_generated|pll1|clk[0] ; 26000.377    ; -0.081     ; 3.500      ;
; 25996.800 ; RemoteController:inst1|dados_brutos[7]               ; RemoteController:inst1|Tecla[1]                   ; inst|altpll_component|auto_generated|pll1|clk[0] ; inst|altpll_component|auto_generated|pll1|clk[0] ; 26000.377    ; -0.105     ; 3.355      ;
; 25996.811 ; RemoteController:inst1|dados_brutos[1]               ; RemoteController:inst1|Tecla[1]                   ; inst|altpll_component|auto_generated|pll1|clk[0] ; inst|altpll_component|auto_generated|pll1|clk[0] ; 26000.377    ; -0.105     ; 3.344      ;
; 25996.818 ; RemoteController:inst1|dados_brutos[9]               ; RemoteController:inst1|Ready~_Duplicate_1         ; inst|altpll_component|auto_generated|pll1|clk[0] ; inst|altpll_component|auto_generated|pll1|clk[0] ; 26000.377    ; -0.081     ; 3.476      ;
; 25996.820 ; RemoteController:inst1|dados_brutos[0]               ; RemoteController:inst1|Ready~_Duplicate_1         ; inst|altpll_component|auto_generated|pll1|clk[0] ; inst|altpll_component|auto_generated|pll1|clk[0] ; 26000.377    ; -0.081     ; 3.474      ;
; 25996.843 ; RemoteController:inst1|dados_brutos[13]              ; RemoteController:inst1|Tecla[1]                   ; inst|altpll_component|auto_generated|pll1|clk[0] ; inst|altpll_component|auto_generated|pll1|clk[0] ; 26000.377    ; -0.105     ; 3.312      ;
; 25996.846 ; RemoteController:inst1|dados_brutos[8]               ; RemoteController:inst1|Ready~_Duplicate_1         ; inst|altpll_component|auto_generated|pll1|clk[0] ; inst|altpll_component|auto_generated|pll1|clk[0] ; 26000.377    ; -0.081     ; 3.448      ;
; 25996.848 ; RemoteController:inst1|dados_brutos[10]              ; RemoteController:inst1|Ready~_Duplicate_1         ; inst|altpll_component|auto_generated|pll1|clk[0] ; inst|altpll_component|auto_generated|pll1|clk[0] ; 26000.377    ; -0.081     ; 3.446      ;
; 25996.853 ; RemoteController:inst1|dados_brutos[0]               ; RemoteController:inst1|Tecla[5]                   ; inst|altpll_component|auto_generated|pll1|clk[0] ; inst|altpll_component|auto_generated|pll1|clk[0] ; 26000.377    ; -0.099     ; 3.308      ;
; 25996.853 ; RemoteController:inst1|dados_brutos[0]               ; RemoteController:inst1|Tecla[4]                   ; inst|altpll_component|auto_generated|pll1|clk[0] ; inst|altpll_component|auto_generated|pll1|clk[0] ; 26000.377    ; -0.099     ; 3.308      ;
; 25996.853 ; RemoteController:inst1|dados_brutos[0]               ; RemoteController:inst1|Tecla[3]                   ; inst|altpll_component|auto_generated|pll1|clk[0] ; inst|altpll_component|auto_generated|pll1|clk[0] ; 26000.377    ; -0.099     ; 3.308      ;
; 25996.853 ; RemoteController:inst1|dados_brutos[0]               ; RemoteController:inst1|Tecla[2]                   ; inst|altpll_component|auto_generated|pll1|clk[0] ; inst|altpll_component|auto_generated|pll1|clk[0] ; 26000.377    ; -0.099     ; 3.308      ;
; 25996.875 ; RemoteController:inst1|dados_brutos[9]               ; RemoteController:inst1|Tecla[5]                   ; inst|altpll_component|auto_generated|pll1|clk[0] ; inst|altpll_component|auto_generated|pll1|clk[0] ; 26000.377    ; -0.099     ; 3.286      ;
; 25996.875 ; RemoteController:inst1|dados_brutos[9]               ; RemoteController:inst1|Tecla[4]                   ; inst|altpll_component|auto_generated|pll1|clk[0] ; inst|altpll_component|auto_generated|pll1|clk[0] ; 26000.377    ; -0.099     ; 3.286      ;
; 25996.875 ; RemoteController:inst1|dados_brutos[9]               ; RemoteController:inst1|Tecla[3]                   ; inst|altpll_component|auto_generated|pll1|clk[0] ; inst|altpll_component|auto_generated|pll1|clk[0] ; 26000.377    ; -0.099     ; 3.286      ;
; 25996.875 ; RemoteController:inst1|dados_brutos[9]               ; RemoteController:inst1|Tecla[2]                   ; inst|altpll_component|auto_generated|pll1|clk[0] ; inst|altpll_component|auto_generated|pll1|clk[0] ; 26000.377    ; -0.099     ; 3.286      ;
; 25996.879 ; RemoteController:inst1|dados_brutos[12]              ; RemoteController:inst1|Tecla[5]                   ; inst|altpll_component|auto_generated|pll1|clk[0] ; inst|altpll_component|auto_generated|pll1|clk[0] ; 26000.377    ; -0.099     ; 3.282      ;
; 25996.879 ; RemoteController:inst1|dados_brutos[12]              ; RemoteController:inst1|Tecla[4]                   ; inst|altpll_component|auto_generated|pll1|clk[0] ; inst|altpll_component|auto_generated|pll1|clk[0] ; 26000.377    ; -0.099     ; 3.282      ;
; 25996.879 ; RemoteController:inst1|dados_brutos[12]              ; RemoteController:inst1|Tecla[3]                   ; inst|altpll_component|auto_generated|pll1|clk[0] ; inst|altpll_component|auto_generated|pll1|clk[0] ; 26000.377    ; -0.099     ; 3.282      ;
; 25996.879 ; RemoteController:inst1|dados_brutos[12]              ; RemoteController:inst1|Tecla[2]                   ; inst|altpll_component|auto_generated|pll1|clk[0] ; inst|altpll_component|auto_generated|pll1|clk[0] ; 26000.377    ; -0.099     ; 3.282      ;
; 25996.882 ; RemoteController:inst1|dados_brutos[10]              ; RemoteController:inst1|Tecla[5]                   ; inst|altpll_component|auto_generated|pll1|clk[0] ; inst|altpll_component|auto_generated|pll1|clk[0] ; 26000.377    ; -0.099     ; 3.279      ;
; 25996.882 ; RemoteController:inst1|dados_brutos[10]              ; RemoteController:inst1|Tecla[4]                   ; inst|altpll_component|auto_generated|pll1|clk[0] ; inst|altpll_component|auto_generated|pll1|clk[0] ; 26000.377    ; -0.099     ; 3.279      ;
; 25996.882 ; RemoteController:inst1|dados_brutos[10]              ; RemoteController:inst1|Tecla[3]                   ; inst|altpll_component|auto_generated|pll1|clk[0] ; inst|altpll_component|auto_generated|pll1|clk[0] ; 26000.377    ; -0.099     ; 3.279      ;
; 25996.882 ; RemoteController:inst1|dados_brutos[10]              ; RemoteController:inst1|Tecla[2]                   ; inst|altpll_component|auto_generated|pll1|clk[0] ; inst|altpll_component|auto_generated|pll1|clk[0] ; 26000.377    ; -0.099     ; 3.279      ;
; 25996.887 ; RemoteController:inst1|dados_brutos[8]               ; RemoteController:inst1|Tecla[5]                   ; inst|altpll_component|auto_generated|pll1|clk[0] ; inst|altpll_component|auto_generated|pll1|clk[0] ; 26000.377    ; -0.099     ; 3.274      ;
; 25996.887 ; RemoteController:inst1|dados_brutos[8]               ; RemoteController:inst1|Tecla[4]                   ; inst|altpll_component|auto_generated|pll1|clk[0] ; inst|altpll_component|auto_generated|pll1|clk[0] ; 26000.377    ; -0.099     ; 3.274      ;
; 25996.887 ; RemoteController:inst1|dados_brutos[8]               ; RemoteController:inst1|Tecla[3]                   ; inst|altpll_component|auto_generated|pll1|clk[0] ; inst|altpll_component|auto_generated|pll1|clk[0] ; 26000.377    ; -0.099     ; 3.274      ;
; 25996.887 ; RemoteController:inst1|dados_brutos[8]               ; RemoteController:inst1|Tecla[2]                   ; inst|altpll_component|auto_generated|pll1|clk[0] ; inst|altpll_component|auto_generated|pll1|clk[0] ; 26000.377    ; -0.099     ; 3.274      ;
; 25996.890 ; RemoteController:inst1|dados_brutos[4]               ; RemoteController:inst1|Tecla[5]                   ; inst|altpll_component|auto_generated|pll1|clk[0] ; inst|altpll_component|auto_generated|pll1|clk[0] ; 26000.377    ; -0.099     ; 3.271      ;
; 25996.890 ; RemoteController:inst1|dados_brutos[4]               ; RemoteController:inst1|Tecla[4]                   ; inst|altpll_component|auto_generated|pll1|clk[0] ; inst|altpll_component|auto_generated|pll1|clk[0] ; 26000.377    ; -0.099     ; 3.271      ;
; 25996.890 ; RemoteController:inst1|dados_brutos[4]               ; RemoteController:inst1|Tecla[3]                   ; inst|altpll_component|auto_generated|pll1|clk[0] ; inst|altpll_component|auto_generated|pll1|clk[0] ; 26000.377    ; -0.099     ; 3.271      ;
; 25996.890 ; RemoteController:inst1|dados_brutos[4]               ; RemoteController:inst1|Tecla[2]                   ; inst|altpll_component|auto_generated|pll1|clk[0] ; inst|altpll_component|auto_generated|pll1|clk[0] ; 26000.377    ; -0.099     ; 3.271      ;
; 25996.901 ; RemoteController:inst1|estado_atual.ESTADO_RECEBENDO ; RemoteController:inst1|estado_atual.ESTADO_ESPERA ; inst|altpll_component|auto_generated|pll1|clk[0] ; inst|altpll_component|auto_generated|pll1|clk[0] ; 26000.377    ; -0.081     ; 3.393      ;
; 25996.903 ; RemoteController:inst1|estado_atual.ESTADO_RECEBENDO ; RemoteController:inst1|estado_atual.ESTADO_PRONTO ; inst|altpll_component|auto_generated|pll1|clk[0] ; inst|altpll_component|auto_generated|pll1|clk[0] ; 26000.377    ; -0.081     ; 3.391      ;
; 25996.911 ; RemoteController:inst1|dados_brutos[15]              ; RemoteController:inst1|Tecla[1]                   ; inst|altpll_component|auto_generated|pll1|clk[0] ; inst|altpll_component|auto_generated|pll1|clk[0] ; 26000.377    ; -0.105     ; 3.244      ;
; 25996.922 ; RemoteController:inst1|dados_brutos[2]               ; RemoteController:inst1|Tecla[7]                   ; inst|altpll_component|auto_generated|pll1|clk[0] ; inst|altpll_component|auto_generated|pll1|clk[0] ; 26000.377    ; -0.097     ; 3.241      ;
; 25996.922 ; RemoteController:inst1|dados_brutos[2]               ; RemoteController:inst1|Tecla[6]                   ; inst|altpll_component|auto_generated|pll1|clk[0] ; inst|altpll_component|auto_generated|pll1|clk[0] ; 26000.377    ; -0.097     ; 3.241      ;
; 25996.922 ; RemoteController:inst1|dados_brutos[2]               ; RemoteController:inst1|Tecla[0]                   ; inst|altpll_component|auto_generated|pll1|clk[0] ; inst|altpll_component|auto_generated|pll1|clk[0] ; 26000.377    ; -0.097     ; 3.241      ;
; 25996.945 ; RemoteController:inst1|dados_brutos[11]              ; RemoteController:inst1|Tecla[7]                   ; inst|altpll_component|auto_generated|pll1|clk[0] ; inst|altpll_component|auto_generated|pll1|clk[0] ; 26000.377    ; -0.097     ; 3.218      ;
; 25996.945 ; RemoteController:inst1|dados_brutos[11]              ; RemoteController:inst1|Tecla[6]                   ; inst|altpll_component|auto_generated|pll1|clk[0] ; inst|altpll_component|auto_generated|pll1|clk[0] ; 26000.377    ; -0.097     ; 3.218      ;
; 25996.945 ; RemoteController:inst1|dados_brutos[11]              ; RemoteController:inst1|Tecla[0]                   ; inst|altpll_component|auto_generated|pll1|clk[0] ; inst|altpll_component|auto_generated|pll1|clk[0] ; 26000.377    ; -0.097     ; 3.218      ;
; 25996.947 ; RemoteController:inst1|dados_brutos[6]               ; RemoteController:inst1|Tecla[5]                   ; inst|altpll_component|auto_generated|pll1|clk[0] ; inst|altpll_component|auto_generated|pll1|clk[0] ; 26000.377    ; -0.099     ; 3.214      ;
; 25996.947 ; RemoteController:inst1|dados_brutos[6]               ; RemoteController:inst1|Tecla[4]                   ; inst|altpll_component|auto_generated|pll1|clk[0] ; inst|altpll_component|auto_generated|pll1|clk[0] ; 26000.377    ; -0.099     ; 3.214      ;
; 25996.947 ; RemoteController:inst1|dados_brutos[6]               ; RemoteController:inst1|Tecla[3]                   ; inst|altpll_component|auto_generated|pll1|clk[0] ; inst|altpll_component|auto_generated|pll1|clk[0] ; 26000.377    ; -0.099     ; 3.214      ;
; 25996.947 ; RemoteController:inst1|dados_brutos[6]               ; RemoteController:inst1|Tecla[2]                   ; inst|altpll_component|auto_generated|pll1|clk[0] ; inst|altpll_component|auto_generated|pll1|clk[0] ; 26000.377    ; -0.099     ; 3.214      ;
; 25996.955 ; RemoteController:inst1|dados_brutos[12]              ; RemoteController:inst1|Ready~_Duplicate_1         ; inst|altpll_component|auto_generated|pll1|clk[0] ; inst|altpll_component|auto_generated|pll1|clk[0] ; 26000.377    ; -0.081     ; 3.339      ;
; 25996.966 ; RemoteController:inst1|dados_brutos[4]               ; RemoteController:inst1|Ready~_Duplicate_1         ; inst|altpll_component|auto_generated|pll1|clk[0] ; inst|altpll_component|auto_generated|pll1|clk[0] ; 26000.377    ; -0.081     ; 3.328      ;
; 25996.989 ; RemoteController:inst1|dados_brutos[14]              ; RemoteController:inst1|Tecla[7]                   ; inst|altpll_component|auto_generated|pll1|clk[0] ; inst|altpll_component|auto_generated|pll1|clk[0] ; 26000.377    ; -0.097     ; 3.174      ;
; 25996.989 ; RemoteController:inst1|dados_brutos[14]              ; RemoteController:inst1|Tecla[6]                   ; inst|altpll_component|auto_generated|pll1|clk[0] ; inst|altpll_component|auto_generated|pll1|clk[0] ; 26000.377    ; -0.097     ; 3.174      ;
+-----------+------------------------------------------------------+---------------------------------------------------+--------------------------------------------------+--------------------------------------------------+--------------+------------+------------+


+--------------------------------------------------------------------------------------------------------------------------------------------------------------------------------------------------------------------------------------------------------------------+
; Slow 1200mV 85C Model Hold: 'inst|altpll_component|auto_generated|pll1|clk[0]'                                                                                                                                                                                     ;
+-------+------------------------------------------------------+------------------------------------------------------+--------------------------------------------------+--------------------------------------------------+--------------+------------+------------+
; Slack ; From Node                                            ; To Node                                              ; Launch Clock                                     ; Latch Clock                                      ; Relationship ; Clock Skew ; Data Delay ;
+-------+------------------------------------------------------+------------------------------------------------------+--------------------------------------------------+--------------------------------------------------+--------------+------------+------------+
; 0.402 ; RemoteController:inst1|Ready~_Duplicate_1            ; RemoteController:inst1|Ready~_Duplicate_1            ; inst|altpll_component|auto_generated|pll1|clk[0] ; inst|altpll_component|auto_generated|pll1|clk[0] ; 0.000        ; 0.081      ; 0.669      ;
; 0.402 ; RemoteController:inst1|estado_atual.ESTADO_RECEBENDO ; RemoteController:inst1|estado_atual.ESTADO_RECEBENDO ; inst|altpll_component|auto_generated|pll1|clk[0] ; inst|altpll_component|auto_generated|pll1|clk[0] ; 0.000        ; 0.081      ; 0.669      ;
; 0.402 ; RemoteController:inst1|estado_atual.ESTADO_PRONTO    ; RemoteController:inst1|estado_atual.ESTADO_PRONTO    ; inst|altpll_component|auto_generated|pll1|clk[0] ; inst|altpll_component|auto_generated|pll1|clk[0] ; 0.000        ; 0.081      ; 0.669      ;
; 0.402 ; RemoteController:inst1|estado_atual.ESTADO_ESPERA    ; RemoteController:inst1|estado_atual.ESTADO_ESPERA    ; inst|altpll_component|auto_generated|pll1|clk[0] ; inst|altpll_component|auto_generated|pll1|clk[0] ; 0.000        ; 0.081      ; 0.669      ;
; 0.402 ; RemoteController:inst1|contador_ready[1]             ; RemoteController:inst1|contador_ready[1]             ; inst|altpll_component|auto_generated|pll1|clk[0] ; inst|altpll_component|auto_generated|pll1|clk[0] ; 0.000        ; 0.081      ; 0.669      ;
; 0.402 ; RemoteController:inst1|contador_ready[0]             ; RemoteController:inst1|contador_ready[0]             ; inst|altpll_component|auto_generated|pll1|clk[0] ; inst|altpll_component|auto_generated|pll1|clk[0] ; 0.000        ; 0.081      ; 0.669      ;
; 0.427 ; RemoteController:inst1|contador_bits[5]              ; RemoteController:inst1|contador_bits[5]              ; inst|altpll_component|auto_generated|pll1|clk[0] ; inst|altpll_component|auto_generated|pll1|clk[0] ; 0.000        ; 0.081      ; 0.694      ;
; 0.457 ; RemoteController:inst1|serial_sync                   ; RemoteController:inst1|estado_atual.ESTADO_RECEBENDO ; inst|altpll_component|auto_generated|pll1|clk[0] ; inst|altpll_component|auto_generated|pll1|clk[0] ; 0.000        ; 0.081      ; 0.724      ;
; 0.560 ; RemoteController:inst1|dados_brutos[7]               ; RemoteController:inst1|dados_brutos[8]               ; inst|altpll_component|auto_generated|pll1|clk[0] ; inst|altpll_component|auto_generated|pll1|clk[0] ; 0.000        ; 0.081      ; 0.827      ;
; 0.565 ; RemoteController:inst1|dados_brutos[10]              ; RemoteController:inst1|dados_brutos[11]              ; inst|altpll_component|auto_generated|pll1|clk[0] ; inst|altpll_component|auto_generated|pll1|clk[0] ; 0.000        ; 0.082      ; 0.833      ;
; 0.567 ; RemoteController:inst1|dados_brutos[12]              ; RemoteController:inst1|dados_brutos[13]              ; inst|altpll_component|auto_generated|pll1|clk[0] ; inst|altpll_component|auto_generated|pll1|clk[0] ; 0.000        ; 0.082      ; 0.835      ;
; 0.568 ; RemoteController:inst1|dados_brutos[11]              ; RemoteController:inst1|dados_brutos[12]              ; inst|altpll_component|auto_generated|pll1|clk[0] ; inst|altpll_component|auto_generated|pll1|clk[0] ; 0.000        ; 0.082      ; 0.836      ;
; 0.600 ; RemoteController:inst1|serial_ff1                    ; RemoteController:inst1|serial_sync                   ; inst|altpll_component|auto_generated|pll1|clk[0] ; inst|altpll_component|auto_generated|pll1|clk[0] ; 0.000        ; 0.081      ; 0.867      ;
; 0.601 ; RemoteController:inst1|rst_ff1                       ; RemoteController:inst1|rst_sync                      ; inst|altpll_component|auto_generated|pll1|clk[0] ; inst|altpll_component|auto_generated|pll1|clk[0] ; 0.000        ; 0.081      ; 0.868      ;
; 0.643 ; RemoteController:inst1|contador_bits[1]              ; RemoteController:inst1|contador_bits[1]              ; inst|altpll_component|auto_generated|pll1|clk[0] ; inst|altpll_component|auto_generated|pll1|clk[0] ; 0.000        ; 0.081      ; 0.910      ;
; 0.645 ; RemoteController:inst1|contador_bits[2]              ; RemoteController:inst1|contador_bits[2]              ; inst|altpll_component|auto_generated|pll1|clk[0] ; inst|altpll_component|auto_generated|pll1|clk[0] ; 0.000        ; 0.081      ; 0.912      ;
; 0.648 ; RemoteController:inst1|contador_bits[3]              ; RemoteController:inst1|contador_bits[3]              ; inst|altpll_component|auto_generated|pll1|clk[0] ; inst|altpll_component|auto_generated|pll1|clk[0] ; 0.000        ; 0.081      ; 0.915      ;
; 0.659 ; RemoteController:inst1|contador_bits[4]              ; RemoteController:inst1|contador_bits[4]              ; inst|altpll_component|auto_generated|pll1|clk[0] ; inst|altpll_component|auto_generated|pll1|clk[0] ; 0.000        ; 0.081      ; 0.926      ;
; 0.662 ; RemoteController:inst1|contador_bits[0]              ; RemoteController:inst1|contador_bits[0]              ; inst|altpll_component|auto_generated|pll1|clk[0] ; inst|altpll_component|auto_generated|pll1|clk[0] ; 0.000        ; 0.081      ; 0.929      ;
; 0.663 ; RemoteController:inst1|dados_brutos[3]               ; RemoteController:inst1|dados_brutos[4]               ; inst|altpll_component|auto_generated|pll1|clk[0] ; inst|altpll_component|auto_generated|pll1|clk[0] ; 0.000        ; 0.082      ; 0.931      ;
; 0.663 ; RemoteController:inst1|dados_brutos[2]               ; RemoteController:inst1|dados_brutos[3]               ; inst|altpll_component|auto_generated|pll1|clk[0] ; inst|altpll_component|auto_generated|pll1|clk[0] ; 0.000        ; 0.082      ; 0.931      ;
; 0.664 ; RemoteController:inst1|dados_brutos[6]               ; RemoteController:inst1|dados_brutos[7]               ; inst|altpll_component|auto_generated|pll1|clk[0] ; inst|altpll_component|auto_generated|pll1|clk[0] ; 0.000        ; 0.081      ; 0.931      ;
; 0.671 ; RemoteController:inst1|dados_brutos[13]              ; RemoteController:inst1|dados_brutos[14]              ; inst|altpll_component|auto_generated|pll1|clk[0] ; inst|altpll_component|auto_generated|pll1|clk[0] ; 0.000        ; 0.082      ; 0.939      ;
; 0.687 ; RemoteController:inst1|dados_brutos[4]               ; RemoteController:inst1|dados_brutos[5]               ; inst|altpll_component|auto_generated|pll1|clk[0] ; inst|altpll_component|auto_generated|pll1|clk[0] ; 0.000        ; 0.082      ; 0.955      ;
; 0.687 ; RemoteController:inst1|dados_brutos[0]               ; RemoteController:inst1|dados_brutos[1]               ; inst|altpll_component|auto_generated|pll1|clk[0] ; inst|altpll_component|auto_generated|pll1|clk[0] ; 0.000        ; 0.081      ; 0.954      ;
; 0.693 ; RemoteController:inst1|estado_atual.ESTADO_ENDPOINT  ; RemoteController:inst1|estado_atual.ESTADO_PRONTO    ; inst|altpll_component|auto_generated|pll1|clk[0] ; inst|altpll_component|auto_generated|pll1|clk[0] ; 0.000        ; 0.081      ; 0.960      ;
; 0.731 ; RemoteController:inst1|dados_brutos[8]               ; RemoteController:inst1|dados_brutos[9]               ; inst|altpll_component|auto_generated|pll1|clk[0] ; inst|altpll_component|auto_generated|pll1|clk[0] ; 0.000        ; 0.081      ; 0.998      ;
; 0.736 ; RemoteController:inst1|rst_sync                      ; RemoteController:inst1|contador_ready[0]             ; inst|altpll_component|auto_generated|pll1|clk[0] ; inst|altpll_component|auto_generated|pll1|clk[0] ; 0.000        ; 0.081      ; 1.003      ;
; 0.750 ; RemoteController:inst1|estado_atual.ESTADO_PRONTO    ; RemoteController:inst1|contador_ready[0]             ; inst|altpll_component|auto_generated|pll1|clk[0] ; inst|altpll_component|auto_generated|pll1|clk[0] ; 0.000        ; 0.081      ; 1.017      ;
; 0.783 ; RemoteController:inst1|rst_sync                      ; RemoteController:inst1|estado_atual.ESTADO_ENDPOINT  ; inst|altpll_component|auto_generated|pll1|clk[0] ; inst|altpll_component|auto_generated|pll1|clk[0] ; 0.000        ; 0.081      ; 1.050      ;
; 0.807 ; RemoteController:inst1|rst_sync                      ; RemoteController:inst1|contador_ready[1]             ; inst|altpll_component|auto_generated|pll1|clk[0] ; inst|altpll_component|auto_generated|pll1|clk[0] ; 0.000        ; 0.081      ; 1.074      ;
; 0.810 ; RemoteController:inst1|serial_sync                   ; RemoteController:inst1|estado_atual.ESTADO_ESPERA    ; inst|altpll_component|auto_generated|pll1|clk[0] ; inst|altpll_component|auto_generated|pll1|clk[0] ; 0.000        ; 0.081      ; 1.077      ;
; 0.824 ; RemoteController:inst1|serial_sync                   ; RemoteController:inst1|estado_atual.ESTADO_PRONTO    ; inst|altpll_component|auto_generated|pll1|clk[0] ; inst|altpll_component|auto_generated|pll1|clk[0] ; 0.000        ; 0.081      ; 1.091      ;
; 0.866 ; RemoteController:inst1|dados_brutos[5]               ; RemoteController:inst1|dados_brutos[6]               ; inst|altpll_component|auto_generated|pll1|clk[0] ; inst|altpll_component|auto_generated|pll1|clk[0] ; 0.000        ; 0.082      ; 1.134      ;
; 0.868 ; RemoteController:inst1|dados_brutos[1]               ; RemoteController:inst1|dados_brutos[2]               ; inst|altpll_component|auto_generated|pll1|clk[0] ; inst|altpll_component|auto_generated|pll1|clk[0] ; 0.000        ; 0.081      ; 1.135      ;
; 0.885 ; RemoteController:inst1|serial_sync                   ; RemoteController:inst1|dados_brutos[0]               ; inst|altpll_component|auto_generated|pll1|clk[0] ; inst|altpll_component|auto_generated|pll1|clk[0] ; 0.000        ; 0.080      ; 1.151      ;
; 0.891 ; RemoteController:inst1|dados_brutos[9]               ; RemoteController:inst1|dados_brutos[10]              ; inst|altpll_component|auto_generated|pll1|clk[0] ; inst|altpll_component|auto_generated|pll1|clk[0] ; 0.000        ; 0.081      ; 1.158      ;
; 0.899 ; RemoteController:inst1|dados_brutos[14]              ; RemoteController:inst1|dados_brutos[15]              ; inst|altpll_component|auto_generated|pll1|clk[0] ; inst|altpll_component|auto_generated|pll1|clk[0] ; 0.000        ; 0.082      ; 1.167      ;
; 0.904 ; RemoteController:inst1|rst_sync                      ; RemoteController:inst1|estado_atual.ESTADO_ESPERA    ; inst|altpll_component|auto_generated|pll1|clk[0] ; inst|altpll_component|auto_generated|pll1|clk[0] ; 0.000        ; 0.081      ; 1.171      ;
; 0.904 ; RemoteController:inst1|estado_atual.ESTADO_RECEBENDO ; RemoteController:inst1|dados_brutos[9]               ; inst|altpll_component|auto_generated|pll1|clk[0] ; inst|altpll_component|auto_generated|pll1|clk[0] ; 0.000        ; 0.080      ; 1.170      ;
; 0.905 ; RemoteController:inst1|estado_atual.ESTADO_RECEBENDO ; RemoteController:inst1|Ready~_Duplicate_1            ; inst|altpll_component|auto_generated|pll1|clk[0] ; inst|altpll_component|auto_generated|pll1|clk[0] ; 0.000        ; 0.080      ; 1.171      ;
; 0.908 ; RemoteController:inst1|estado_atual.ESTADO_RECEBENDO ; RemoteController:inst1|dados_brutos[8]               ; inst|altpll_component|auto_generated|pll1|clk[0] ; inst|altpll_component|auto_generated|pll1|clk[0] ; 0.000        ; 0.080      ; 1.174      ;
; 0.908 ; RemoteController:inst1|estado_atual.ESTADO_RECEBENDO ; RemoteController:inst1|dados_brutos[7]               ; inst|altpll_component|auto_generated|pll1|clk[0] ; inst|altpll_component|auto_generated|pll1|clk[0] ; 0.000        ; 0.080      ; 1.174      ;
; 0.908 ; RemoteController:inst1|estado_atual.ESTADO_RECEBENDO ; RemoteController:inst1|dados_brutos[0]               ; inst|altpll_component|auto_generated|pll1|clk[0] ; inst|altpll_component|auto_generated|pll1|clk[0] ; 0.000        ; 0.080      ; 1.174      ;
; 0.913 ; RemoteController:inst1|estado_atual.ESTADO_RECEBENDO ; RemoteController:inst1|dados_brutos[10]              ; inst|altpll_component|auto_generated|pll1|clk[0] ; inst|altpll_component|auto_generated|pll1|clk[0] ; 0.000        ; 0.080      ; 1.179      ;
; 0.914 ; RemoteController:inst1|estado_atual.ESTADO_RECEBENDO ; RemoteController:inst1|dados_brutos[11]              ; inst|altpll_component|auto_generated|pll1|clk[0] ; inst|altpll_component|auto_generated|pll1|clk[0] ; 0.000        ; 0.080      ; 1.180      ;
; 0.915 ; RemoteController:inst1|estado_atual.ESTADO_RECEBENDO ; RemoteController:inst1|dados_brutos[3]               ; inst|altpll_component|auto_generated|pll1|clk[0] ; inst|altpll_component|auto_generated|pll1|clk[0] ; 0.000        ; 0.080      ; 1.181      ;
; 0.916 ; RemoteController:inst1|estado_atual.ESTADO_RECEBENDO ; RemoteController:inst1|dados_brutos[13]              ; inst|altpll_component|auto_generated|pll1|clk[0] ; inst|altpll_component|auto_generated|pll1|clk[0] ; 0.000        ; 0.080      ; 1.182      ;
; 0.918 ; RemoteController:inst1|estado_atual.ESTADO_RECEBENDO ; RemoteController:inst1|dados_brutos[4]               ; inst|altpll_component|auto_generated|pll1|clk[0] ; inst|altpll_component|auto_generated|pll1|clk[0] ; 0.000        ; 0.080      ; 1.184      ;
; 0.918 ; RemoteController:inst1|estado_atual.ESTADO_RECEBENDO ; RemoteController:inst1|dados_brutos[14]              ; inst|altpll_component|auto_generated|pll1|clk[0] ; inst|altpll_component|auto_generated|pll1|clk[0] ; 0.000        ; 0.080      ; 1.184      ;
; 0.919 ; RemoteController:inst1|estado_atual.ESTADO_RECEBENDO ; RemoteController:inst1|dados_brutos[12]              ; inst|altpll_component|auto_generated|pll1|clk[0] ; inst|altpll_component|auto_generated|pll1|clk[0] ; 0.000        ; 0.080      ; 1.185      ;
; 0.920 ; RemoteController:inst1|estado_atual.ESTADO_RECEBENDO ; RemoteController:inst1|contador_ready[1]             ; inst|altpll_component|auto_generated|pll1|clk[0] ; inst|altpll_component|auto_generated|pll1|clk[0] ; 0.000        ; 0.081      ; 1.187      ;
; 0.920 ; RemoteController:inst1|estado_atual.ESTADO_RECEBENDO ; RemoteController:inst1|contador_ready[0]             ; inst|altpll_component|auto_generated|pll1|clk[0] ; inst|altpll_component|auto_generated|pll1|clk[0] ; 0.000        ; 0.081      ; 1.187      ;
; 0.921 ; RemoteController:inst1|rst_sync                      ; RemoteController:inst1|estado_atual.ESTADO_PRONTO    ; inst|altpll_component|auto_generated|pll1|clk[0] ; inst|altpll_component|auto_generated|pll1|clk[0] ; 0.000        ; 0.081      ; 1.188      ;
; 0.924 ; RemoteController:inst1|estado_atual.ESTADO_ENDPOINT  ; RemoteController:inst1|Ready~_Duplicate_1            ; inst|altpll_component|auto_generated|pll1|clk[0] ; inst|altpll_component|auto_generated|pll1|clk[0] ; 0.000        ; 0.080      ; 1.190      ;
; 0.944 ; RemoteController:inst1|contador_bits[3]              ; RemoteController:inst1|estado_atual.ESTADO_ENDPOINT  ; inst|altpll_component|auto_generated|pll1|clk[0] ; inst|altpll_component|auto_generated|pll1|clk[0] ; 0.000        ; 0.080      ; 1.210      ;
; 0.959 ; RemoteController:inst1|contador_bits[1]              ; RemoteController:inst1|contador_bits[2]              ; inst|altpll_component|auto_generated|pll1|clk[0] ; inst|altpll_component|auto_generated|pll1|clk[0] ; 0.000        ; 0.081      ; 1.226      ;
; 0.962 ; RemoteController:inst1|contador_bits[3]              ; RemoteController:inst1|contador_bits[4]              ; inst|altpll_component|auto_generated|pll1|clk[0] ; inst|altpll_component|auto_generated|pll1|clk[0] ; 0.000        ; 0.081      ; 1.229      ;
; 0.970 ; RemoteController:inst1|contador_bits[0]              ; RemoteController:inst1|contador_bits[1]              ; inst|altpll_component|auto_generated|pll1|clk[0] ; inst|altpll_component|auto_generated|pll1|clk[0] ; 0.000        ; 0.081      ; 1.237      ;
; 0.971 ; RemoteController:inst1|rst_sync                      ; RemoteController:inst1|dados_brutos[15]              ; inst|altpll_component|auto_generated|pll1|clk[0] ; inst|altpll_component|auto_generated|pll1|clk[0] ; 0.000        ; 0.080      ; 1.237      ;
; 0.972 ; RemoteController:inst1|estado_atual.ESTADO_ESPERA    ; RemoteController:inst1|estado_atual.ESTADO_RECEBENDO ; inst|altpll_component|auto_generated|pll1|clk[0] ; inst|altpll_component|auto_generated|pll1|clk[0] ; 0.000        ; 0.081      ; 1.239      ;
; 0.972 ; RemoteController:inst1|rst_sync                      ; RemoteController:inst1|dados_brutos[1]               ; inst|altpll_component|auto_generated|pll1|clk[0] ; inst|altpll_component|auto_generated|pll1|clk[0] ; 0.000        ; 0.080      ; 1.238      ;
; 0.975 ; RemoteController:inst1|contador_bits[2]              ; RemoteController:inst1|contador_bits[3]              ; inst|altpll_component|auto_generated|pll1|clk[0] ; inst|altpll_component|auto_generated|pll1|clk[0] ; 0.000        ; 0.081      ; 1.242      ;
; 0.975 ; RemoteController:inst1|contador_bits[0]              ; RemoteController:inst1|contador_bits[2]              ; inst|altpll_component|auto_generated|pll1|clk[0] ; inst|altpll_component|auto_generated|pll1|clk[0] ; 0.000        ; 0.081      ; 1.242      ;
; 0.976 ; RemoteController:inst1|rst_sync                      ; RemoteController:inst1|dados_brutos[6]               ; inst|altpll_component|auto_generated|pll1|clk[0] ; inst|altpll_component|auto_generated|pll1|clk[0] ; 0.000        ; 0.080      ; 1.242      ;
; 0.980 ; RemoteController:inst1|contador_bits[2]              ; RemoteController:inst1|contador_bits[4]              ; inst|altpll_component|auto_generated|pll1|clk[0] ; inst|altpll_component|auto_generated|pll1|clk[0] ; 0.000        ; 0.081      ; 1.247      ;
; 0.989 ; RemoteController:inst1|contador_bits[4]              ; RemoteController:inst1|contador_bits[5]              ; inst|altpll_component|auto_generated|pll1|clk[0] ; inst|altpll_component|auto_generated|pll1|clk[0] ; 0.000        ; 0.081      ; 1.256      ;
; 0.996 ; RemoteController:inst1|rst_sync                      ; RemoteController:inst1|dados_brutos[2]               ; inst|altpll_component|auto_generated|pll1|clk[0] ; inst|altpll_component|auto_generated|pll1|clk[0] ; 0.000        ; 0.080      ; 1.262      ;
; 0.999 ; RemoteController:inst1|rst_sync                      ; RemoteController:inst1|dados_brutos[5]               ; inst|altpll_component|auto_generated|pll1|clk[0] ; inst|altpll_component|auto_generated|pll1|clk[0] ; 0.000        ; 0.080      ; 1.265      ;
; 1.080 ; RemoteController:inst1|contador_bits[1]              ; RemoteController:inst1|contador_bits[3]              ; inst|altpll_component|auto_generated|pll1|clk[0] ; inst|altpll_component|auto_generated|pll1|clk[0] ; 0.000        ; 0.081      ; 1.347      ;
; 1.083 ; RemoteController:inst1|contador_bits[3]              ; RemoteController:inst1|contador_bits[5]              ; inst|altpll_component|auto_generated|pll1|clk[0] ; inst|altpll_component|auto_generated|pll1|clk[0] ; 0.000        ; 0.081      ; 1.350      ;
; 1.085 ; RemoteController:inst1|contador_bits[1]              ; RemoteController:inst1|contador_bits[4]              ; inst|altpll_component|auto_generated|pll1|clk[0] ; inst|altpll_component|auto_generated|pll1|clk[0] ; 0.000        ; 0.081      ; 1.352      ;
; 1.096 ; RemoteController:inst1|contador_bits[0]              ; RemoteController:inst1|contador_bits[3]              ; inst|altpll_component|auto_generated|pll1|clk[0] ; inst|altpll_component|auto_generated|pll1|clk[0] ; 0.000        ; 0.081      ; 1.363      ;
; 1.101 ; RemoteController:inst1|contador_bits[2]              ; RemoteController:inst1|contador_bits[5]              ; inst|altpll_component|auto_generated|pll1|clk[0] ; inst|altpll_component|auto_generated|pll1|clk[0] ; 0.000        ; 0.081      ; 1.368      ;
; 1.101 ; RemoteController:inst1|contador_bits[0]              ; RemoteController:inst1|contador_bits[4]              ; inst|altpll_component|auto_generated|pll1|clk[0] ; inst|altpll_component|auto_generated|pll1|clk[0] ; 0.000        ; 0.081      ; 1.368      ;
; 1.116 ; RemoteController:inst1|estado_atual.ESTADO_ESPERA    ; RemoteController:inst1|estado_atual.ESTADO_PRONTO    ; inst|altpll_component|auto_generated|pll1|clk[0] ; inst|altpll_component|auto_generated|pll1|clk[0] ; 0.000        ; 0.081      ; 1.383      ;
; 1.120 ; RemoteController:inst1|estado_atual.ESTADO_ESPERA    ; RemoteController:inst1|contador_ready[1]             ; inst|altpll_component|auto_generated|pll1|clk[0] ; inst|altpll_component|auto_generated|pll1|clk[0] ; 0.000        ; 0.081      ; 1.387      ;
; 1.120 ; RemoteController:inst1|estado_atual.ESTADO_ESPERA    ; RemoteController:inst1|contador_ready[0]             ; inst|altpll_component|auto_generated|pll1|clk[0] ; inst|altpll_component|auto_generated|pll1|clk[0] ; 0.000        ; 0.081      ; 1.387      ;
; 1.162 ; RemoteController:inst1|contador_ready[1]             ; RemoteController:inst1|Ready~_Duplicate_1            ; inst|altpll_component|auto_generated|pll1|clk[0] ; inst|altpll_component|auto_generated|pll1|clk[0] ; 0.000        ; 0.080      ; 1.428      ;
; 1.163 ; RemoteController:inst1|estado_atual.ESTADO_ENDPOINT  ; RemoteController:inst1|estado_atual.ESTADO_RECEBENDO ; inst|altpll_component|auto_generated|pll1|clk[0] ; inst|altpll_component|auto_generated|pll1|clk[0] ; 0.000        ; 0.081      ; 1.430      ;
; 1.175 ; RemoteController:inst1|estado_atual.ESTADO_RECEBENDO ; RemoteController:inst1|dados_brutos[6]               ; inst|altpll_component|auto_generated|pll1|clk[0] ; inst|altpll_component|auto_generated|pll1|clk[0] ; 0.000        ; 0.080      ; 1.441      ;
; 1.181 ; RemoteController:inst1|estado_atual.ESTADO_RECEBENDO ; RemoteController:inst1|dados_brutos[1]               ; inst|altpll_component|auto_generated|pll1|clk[0] ; inst|altpll_component|auto_generated|pll1|clk[0] ; 0.000        ; 0.080      ; 1.447      ;
; 1.182 ; RemoteController:inst1|estado_atual.ESTADO_RECEBENDO ; RemoteController:inst1|dados_brutos[15]              ; inst|altpll_component|auto_generated|pll1|clk[0] ; inst|altpll_component|auto_generated|pll1|clk[0] ; 0.000        ; 0.080      ; 1.448      ;
; 1.188 ; RemoteController:inst1|rst_sync                      ; RemoteController:inst1|contador_bits[5]              ; inst|altpll_component|auto_generated|pll1|clk[0] ; inst|altpll_component|auto_generated|pll1|clk[0] ; 0.000        ; 0.082      ; 1.456      ;
; 1.189 ; RemoteController:inst1|estado_atual.ESTADO_RECEBENDO ; RemoteController:inst1|dados_brutos[5]               ; inst|altpll_component|auto_generated|pll1|clk[0] ; inst|altpll_component|auto_generated|pll1|clk[0] ; 0.000        ; 0.080      ; 1.455      ;
; 1.192 ; RemoteController:inst1|estado_atual.ESTADO_RECEBENDO ; RemoteController:inst1|dados_brutos[2]               ; inst|altpll_component|auto_generated|pll1|clk[0] ; inst|altpll_component|auto_generated|pll1|clk[0] ; 0.000        ; 0.080      ; 1.458      ;
; 1.206 ; RemoteController:inst1|contador_bits[1]              ; RemoteController:inst1|contador_bits[5]              ; inst|altpll_component|auto_generated|pll1|clk[0] ; inst|altpll_component|auto_generated|pll1|clk[0] ; 0.000        ; 0.081      ; 1.473      ;
; 1.222 ; RemoteController:inst1|contador_bits[0]              ; RemoteController:inst1|contador_bits[5]              ; inst|altpll_component|auto_generated|pll1|clk[0] ; inst|altpll_component|auto_generated|pll1|clk[0] ; 0.000        ; 0.081      ; 1.489      ;
; 1.231 ; RemoteController:inst1|rst_sync                      ; RemoteController:inst1|dados_brutos[8]               ; inst|altpll_component|auto_generated|pll1|clk[0] ; inst|altpll_component|auto_generated|pll1|clk[0] ; 0.000        ; 0.080      ; 1.497      ;
; 1.233 ; RemoteController:inst1|rst_sync                      ; RemoteController:inst1|dados_brutos[9]               ; inst|altpll_component|auto_generated|pll1|clk[0] ; inst|altpll_component|auto_generated|pll1|clk[0] ; 0.000        ; 0.080      ; 1.499      ;
; 1.233 ; RemoteController:inst1|contador_bits[5]              ; RemoteController:inst1|estado_atual.ESTADO_ENDPOINT  ; inst|altpll_component|auto_generated|pll1|clk[0] ; inst|altpll_component|auto_generated|pll1|clk[0] ; 0.000        ; 0.080      ; 1.499      ;
; 1.249 ; RemoteController:inst1|rst_sync                      ; RemoteController:inst1|dados_brutos[0]               ; inst|altpll_component|auto_generated|pll1|clk[0] ; inst|altpll_component|auto_generated|pll1|clk[0] ; 0.000        ; 0.080      ; 1.515      ;
; 1.250 ; RemoteController:inst1|rst_sync                      ; RemoteController:inst1|dados_brutos[7]               ; inst|altpll_component|auto_generated|pll1|clk[0] ; inst|altpll_component|auto_generated|pll1|clk[0] ; 0.000        ; 0.080      ; 1.516      ;
; 1.256 ; RemoteController:inst1|rst_sync                      ; RemoteController:inst1|dados_brutos[12]              ; inst|altpll_component|auto_generated|pll1|clk[0] ; inst|altpll_component|auto_generated|pll1|clk[0] ; 0.000        ; 0.080      ; 1.522      ;
; 1.259 ; RemoteController:inst1|rst_sync                      ; RemoteController:inst1|dados_brutos[13]              ; inst|altpll_component|auto_generated|pll1|clk[0] ; inst|altpll_component|auto_generated|pll1|clk[0] ; 0.000        ; 0.080      ; 1.525      ;
; 1.261 ; RemoteController:inst1|rst_sync                      ; RemoteController:inst1|dados_brutos[11]              ; inst|altpll_component|auto_generated|pll1|clk[0] ; inst|altpll_component|auto_generated|pll1|clk[0] ; 0.000        ; 0.080      ; 1.527      ;
; 1.276 ; RemoteController:inst1|rst_sync                      ; RemoteController:inst1|dados_brutos[4]               ; inst|altpll_component|auto_generated|pll1|clk[0] ; inst|altpll_component|auto_generated|pll1|clk[0] ; 0.000        ; 0.080      ; 1.542      ;
; 1.277 ; RemoteController:inst1|rst_sync                      ; RemoteController:inst1|dados_brutos[14]              ; inst|altpll_component|auto_generated|pll1|clk[0] ; inst|altpll_component|auto_generated|pll1|clk[0] ; 0.000        ; 0.080      ; 1.543      ;
; 1.279 ; RemoteController:inst1|rst_sync                      ; RemoteController:inst1|dados_brutos[3]               ; inst|altpll_component|auto_generated|pll1|clk[0] ; inst|altpll_component|auto_generated|pll1|clk[0] ; 0.000        ; 0.080      ; 1.545      ;
; 1.281 ; RemoteController:inst1|rst_sync                      ; RemoteController:inst1|dados_brutos[10]              ; inst|altpll_component|auto_generated|pll1|clk[0] ; inst|altpll_component|auto_generated|pll1|clk[0] ; 0.000        ; 0.080      ; 1.547      ;
+-------+------------------------------------------------------+------------------------------------------------------+--------------------------------------------------+--------------------------------------------------+--------------+------------+------------+


-----------------------------------------------
; Slow 1200mV 85C Model Metastability Summary ;
-----------------------------------------------
No synchronizer chains to report.


+----------------------------------------------------------------------------------------+
; Slow 1200mV 0C Model Fmax Summary                                                      ;
+------------+-----------------+--------------------------------------------------+------+
; Fmax       ; Restricted Fmax ; Clock Name                                       ; Note ;
+------------+-----------------+--------------------------------------------------+------+
; 101.64 MHz ; 101.64 MHz      ; inst|altpll_component|auto_generated|pll1|clk[0] ;      ;
+------------+-----------------+--------------------------------------------------+------+
This panel reports FMAX for every clock in the design, regardless of the user-specified clock periods.  FMAX is only computed for paths where the source and destination registers or ports are driven by the same clock.  Paths of different clocks, including generated clocks, are ignored.  For paths between a clock and its inversion, FMAX is computed as if the rising and falling edges are scaled along with FMAX, such that the duty cycle (in terms of a percentage) is maintained. Altera recommends that you always use clock constraints and other slack reports for sign-off analysis.


+------------------------------------------------------------------------------+
; Slow 1200mV 0C Model Setup Summary                                           ;
+--------------------------------------------------+-----------+---------------+
; Clock                                            ; Slack     ; End Point TNS ;
+--------------------------------------------------+-----------+---------------+
; inst|altpll_component|auto_generated|pll1|clk[0] ; 25990.538 ; 0.000         ;
+--------------------------------------------------+-----------+---------------+


+--------------------------------------------------------------------------+
; Slow 1200mV 0C Model Hold Summary                                        ;
+--------------------------------------------------+-------+---------------+
; Clock                                            ; Slack ; End Point TNS ;
+--------------------------------------------------+-------+---------------+
; inst|altpll_component|auto_generated|pll1|clk[0] ; 0.353 ; 0.000         ;
+--------------------------------------------------+-------+---------------+


-----------------------------------------
; Slow 1200mV 0C Model Recovery Summary ;
-----------------------------------------
No paths to report.


----------------------------------------
; Slow 1200mV 0C Model Removal Summary ;
----------------------------------------
No paths to report.


+------------------------------------------------------------------------------+
; Slow 1200mV 0C Model Minimum Pulse Width Summary                             ;
+--------------------------------------------------+-----------+---------------+
; Clock                                            ; Slack     ; End Point TNS ;
+--------------------------------------------------+-----------+---------------+
; CLOCK_50                                         ; 9.887     ; 0.000         ;
; inst|altpll_component|auto_generated|pll1|clk[0] ; 12999.898 ; 0.000         ;
+--------------------------------------------------+-----------+---------------+


+------------------------------------------------------------------------------------------------------------------------------------------------------------------------------------------------------------------------------------------------+
; Slow 1200mV 0C Model Setup: 'inst|altpll_component|auto_generated|pll1|clk[0]'                                                                                                                                                                 ;
+-----------+-----------------------------------------+-------------------------------------------+--------------------------------------------------+--------------------------------------------------+--------------+------------+------------+
; Slack     ; From Node                               ; To Node                                   ; Launch Clock                                     ; Latch Clock                                      ; Relationship ; Clock Skew ; Data Delay ;
+-----------+-----------------------------------------+-------------------------------------------+--------------------------------------------------+--------------------------------------------------+--------------+------------+------------+
; 25990.538 ; RemoteController:inst1|Tecla[0]         ; LEDR[0]                                   ; inst|altpll_component|auto_generated|pll1|clk[0] ; inst|altpll_component|auto_generated|pll1|clk[0] ; 26000.377    ; -3.876     ; 3.343      ;
; 25990.538 ; RemoteController:inst1|Tecla[6]         ; LEDR[6]                                   ; inst|altpll_component|auto_generated|pll1|clk[0] ; inst|altpll_component|auto_generated|pll1|clk[0] ; 26000.377    ; -3.876     ; 3.343      ;
; 25990.575 ; RemoteController:inst1|Tecla[1]         ; LEDR[1]                                   ; inst|altpll_component|auto_generated|pll1|clk[0] ; inst|altpll_component|auto_generated|pll1|clk[0] ; 26000.377    ; -3.869     ; 3.313      ;
; 25990.589 ; RemoteController:inst1|Tecla[3]         ; LEDR[3]                                   ; inst|altpll_component|auto_generated|pll1|clk[0] ; inst|altpll_component|auto_generated|pll1|clk[0] ; 26000.377    ; -3.875     ; 3.293      ;
; 25990.598 ; RemoteController:inst1|Ready            ; LEDG[1]                                   ; inst|altpll_component|auto_generated|pll1|clk[0] ; inst|altpll_component|auto_generated|pll1|clk[0] ; 26000.377    ; -3.876     ; 3.283      ;
; 25990.598 ; RemoteController:inst1|Tecla[7]         ; LEDR[7]                                   ; inst|altpll_component|auto_generated|pll1|clk[0] ; inst|altpll_component|auto_generated|pll1|clk[0] ; 26000.377    ; -3.876     ; 3.283      ;
; 25990.599 ; RemoteController:inst1|Tecla[2]         ; LEDR[2]                                   ; inst|altpll_component|auto_generated|pll1|clk[0] ; inst|altpll_component|auto_generated|pll1|clk[0] ; 26000.377    ; -3.875     ; 3.283      ;
; 25990.599 ; RemoteController:inst1|Tecla[4]         ; LEDR[4]                                   ; inst|altpll_component|auto_generated|pll1|clk[0] ; inst|altpll_component|auto_generated|pll1|clk[0] ; 26000.377    ; -3.875     ; 3.283      ;
; 25990.599 ; RemoteController:inst1|Tecla[5]         ; LEDR[5]                                   ; inst|altpll_component|auto_generated|pll1|clk[0] ; inst|altpll_component|auto_generated|pll1|clk[0] ; 26000.377    ; -3.875     ; 3.283      ;
; 25996.072 ; RemoteController:inst1|dados_brutos[2]  ; RemoteController:inst1|Ready              ; inst|altpll_component|auto_generated|pll1|clk[0] ; inst|altpll_component|auto_generated|pll1|clk[0] ; 26000.377    ; -0.092     ; 4.100      ;
; 25996.096 ; RemoteController:inst1|dados_brutos[11] ; RemoteController:inst1|Ready              ; inst|altpll_component|auto_generated|pll1|clk[0] ; inst|altpll_component|auto_generated|pll1|clk[0] ; 26000.377    ; -0.092     ; 4.076      ;
; 25996.150 ; RemoteController:inst1|dados_brutos[14] ; RemoteController:inst1|Ready              ; inst|altpll_component|auto_generated|pll1|clk[0] ; inst|altpll_component|auto_generated|pll1|clk[0] ; 26000.377    ; -0.092     ; 4.022      ;
; 25996.221 ; RemoteController:inst1|dados_brutos[0]  ; RemoteController:inst1|Ready              ; inst|altpll_component|auto_generated|pll1|clk[0] ; inst|altpll_component|auto_generated|pll1|clk[0] ; 26000.377    ; -0.093     ; 3.950      ;
; 25996.230 ; RemoteController:inst1|dados_brutos[10] ; RemoteController:inst1|Ready              ; inst|altpll_component|auto_generated|pll1|clk[0] ; inst|altpll_component|auto_generated|pll1|clk[0] ; 26000.377    ; -0.092     ; 3.942      ;
; 25996.235 ; RemoteController:inst1|dados_brutos[12] ; RemoteController:inst1|Ready              ; inst|altpll_component|auto_generated|pll1|clk[0] ; inst|altpll_component|auto_generated|pll1|clk[0] ; 26000.377    ; -0.092     ; 3.937      ;
; 25996.242 ; RemoteController:inst1|dados_brutos[4]  ; RemoteController:inst1|Ready              ; inst|altpll_component|auto_generated|pll1|clk[0] ; inst|altpll_component|auto_generated|pll1|clk[0] ; 26000.377    ; -0.092     ; 3.930      ;
; 25996.245 ; RemoteController:inst1|dados_brutos[9]  ; RemoteController:inst1|Ready              ; inst|altpll_component|auto_generated|pll1|clk[0] ; inst|altpll_component|auto_generated|pll1|clk[0] ; 26000.377    ; -0.093     ; 3.926      ;
; 25996.252 ; RemoteController:inst1|dados_brutos[8]  ; RemoteController:inst1|Ready              ; inst|altpll_component|auto_generated|pll1|clk[0] ; inst|altpll_component|auto_generated|pll1|clk[0] ; 26000.377    ; -0.093     ; 3.919      ;
; 25996.307 ; RemoteController:inst1|dados_brutos[6]  ; RemoteController:inst1|Ready              ; inst|altpll_component|auto_generated|pll1|clk[0] ; inst|altpll_component|auto_generated|pll1|clk[0] ; 26000.377    ; -0.093     ; 3.864      ;
; 25996.349 ; RemoteController:inst1|dados_brutos[3]  ; RemoteController:inst1|Ready              ; inst|altpll_component|auto_generated|pll1|clk[0] ; inst|altpll_component|auto_generated|pll1|clk[0] ; 26000.377    ; -0.092     ; 3.823      ;
; 25996.402 ; RemoteController:inst1|dados_brutos[5]  ; RemoteController:inst1|Ready              ; inst|altpll_component|auto_generated|pll1|clk[0] ; inst|altpll_component|auto_generated|pll1|clk[0] ; 26000.377    ; -0.092     ; 3.770      ;
; 25996.476 ; RemoteController:inst1|dados_brutos[7]  ; RemoteController:inst1|Ready              ; inst|altpll_component|auto_generated|pll1|clk[0] ; inst|altpll_component|auto_generated|pll1|clk[0] ; 26000.377    ; -0.093     ; 3.695      ;
; 25996.490 ; RemoteController:inst1|dados_brutos[1]  ; RemoteController:inst1|Ready              ; inst|altpll_component|auto_generated|pll1|clk[0] ; inst|altpll_component|auto_generated|pll1|clk[0] ; 26000.377    ; -0.093     ; 3.681      ;
; 25996.508 ; RemoteController:inst1|dados_brutos[13] ; RemoteController:inst1|Ready              ; inst|altpll_component|auto_generated|pll1|clk[0] ; inst|altpll_component|auto_generated|pll1|clk[0] ; 26000.377    ; -0.092     ; 3.664      ;
; 25996.581 ; RemoteController:inst1|dados_brutos[15] ; RemoteController:inst1|Ready              ; inst|altpll_component|auto_generated|pll1|clk[0] ; inst|altpll_component|auto_generated|pll1|clk[0] ; 26000.377    ; -0.093     ; 3.590      ;
; 25996.633 ; RemoteController:inst1|dados_brutos[2]  ; RemoteController:inst1|Tecla[1]           ; inst|altpll_component|auto_generated|pll1|clk[0] ; inst|altpll_component|auto_generated|pll1|clk[0] ; 26000.377    ; -0.099     ; 3.532      ;
; 25996.657 ; RemoteController:inst1|dados_brutos[11] ; RemoteController:inst1|Tecla[1]           ; inst|altpll_component|auto_generated|pll1|clk[0] ; inst|altpll_component|auto_generated|pll1|clk[0] ; 26000.377    ; -0.099     ; 3.508      ;
; 25996.711 ; RemoteController:inst1|dados_brutos[14] ; RemoteController:inst1|Tecla[1]           ; inst|altpll_component|auto_generated|pll1|clk[0] ; inst|altpll_component|auto_generated|pll1|clk[0] ; 26000.377    ; -0.099     ; 3.454      ;
; 25996.782 ; RemoteController:inst1|dados_brutos[0]  ; RemoteController:inst1|Tecla[1]           ; inst|altpll_component|auto_generated|pll1|clk[0] ; inst|altpll_component|auto_generated|pll1|clk[0] ; 26000.377    ; -0.100     ; 3.382      ;
; 25996.791 ; RemoteController:inst1|dados_brutos[10] ; RemoteController:inst1|Tecla[1]           ; inst|altpll_component|auto_generated|pll1|clk[0] ; inst|altpll_component|auto_generated|pll1|clk[0] ; 26000.377    ; -0.099     ; 3.374      ;
; 25996.796 ; RemoteController:inst1|dados_brutos[12] ; RemoteController:inst1|Tecla[1]           ; inst|altpll_component|auto_generated|pll1|clk[0] ; inst|altpll_component|auto_generated|pll1|clk[0] ; 26000.377    ; -0.099     ; 3.369      ;
; 25996.803 ; RemoteController:inst1|dados_brutos[4]  ; RemoteController:inst1|Tecla[1]           ; inst|altpll_component|auto_generated|pll1|clk[0] ; inst|altpll_component|auto_generated|pll1|clk[0] ; 26000.377    ; -0.099     ; 3.362      ;
; 25996.806 ; RemoteController:inst1|dados_brutos[9]  ; RemoteController:inst1|Tecla[1]           ; inst|altpll_component|auto_generated|pll1|clk[0] ; inst|altpll_component|auto_generated|pll1|clk[0] ; 26000.377    ; -0.100     ; 3.358      ;
; 25996.813 ; RemoteController:inst1|dados_brutos[8]  ; RemoteController:inst1|Tecla[1]           ; inst|altpll_component|auto_generated|pll1|clk[0] ; inst|altpll_component|auto_generated|pll1|clk[0] ; 26000.377    ; -0.100     ; 3.351      ;
; 25996.868 ; RemoteController:inst1|dados_brutos[6]  ; RemoteController:inst1|Tecla[1]           ; inst|altpll_component|auto_generated|pll1|clk[0] ; inst|altpll_component|auto_generated|pll1|clk[0] ; 26000.377    ; -0.100     ; 3.296      ;
; 25996.910 ; RemoteController:inst1|dados_brutos[3]  ; RemoteController:inst1|Tecla[1]           ; inst|altpll_component|auto_generated|pll1|clk[0] ; inst|altpll_component|auto_generated|pll1|clk[0] ; 26000.377    ; -0.099     ; 3.255      ;
; 25996.962 ; RemoteController:inst1|dados_brutos[2]  ; RemoteController:inst1|Tecla[5]           ; inst|altpll_component|auto_generated|pll1|clk[0] ; inst|altpll_component|auto_generated|pll1|clk[0] ; 26000.377    ; -0.094     ; 3.208      ;
; 25996.962 ; RemoteController:inst1|dados_brutos[2]  ; RemoteController:inst1|Tecla[4]           ; inst|altpll_component|auto_generated|pll1|clk[0] ; inst|altpll_component|auto_generated|pll1|clk[0] ; 26000.377    ; -0.094     ; 3.208      ;
; 25996.962 ; RemoteController:inst1|dados_brutos[2]  ; RemoteController:inst1|Tecla[3]           ; inst|altpll_component|auto_generated|pll1|clk[0] ; inst|altpll_component|auto_generated|pll1|clk[0] ; 26000.377    ; -0.094     ; 3.208      ;
; 25996.962 ; RemoteController:inst1|dados_brutos[2]  ; RemoteController:inst1|Tecla[2]           ; inst|altpll_component|auto_generated|pll1|clk[0] ; inst|altpll_component|auto_generated|pll1|clk[0] ; 26000.377    ; -0.094     ; 3.208      ;
; 25996.963 ; RemoteController:inst1|dados_brutos[5]  ; RemoteController:inst1|Tecla[1]           ; inst|altpll_component|auto_generated|pll1|clk[0] ; inst|altpll_component|auto_generated|pll1|clk[0] ; 26000.377    ; -0.099     ; 3.202      ;
; 25996.986 ; RemoteController:inst1|dados_brutos[11] ; RemoteController:inst1|Tecla[5]           ; inst|altpll_component|auto_generated|pll1|clk[0] ; inst|altpll_component|auto_generated|pll1|clk[0] ; 26000.377    ; -0.094     ; 3.184      ;
; 25996.986 ; RemoteController:inst1|dados_brutos[11] ; RemoteController:inst1|Tecla[4]           ; inst|altpll_component|auto_generated|pll1|clk[0] ; inst|altpll_component|auto_generated|pll1|clk[0] ; 26000.377    ; -0.094     ; 3.184      ;
; 25996.986 ; RemoteController:inst1|dados_brutos[11] ; RemoteController:inst1|Tecla[3]           ; inst|altpll_component|auto_generated|pll1|clk[0] ; inst|altpll_component|auto_generated|pll1|clk[0] ; 26000.377    ; -0.094     ; 3.184      ;
; 25996.986 ; RemoteController:inst1|dados_brutos[11] ; RemoteController:inst1|Tecla[2]           ; inst|altpll_component|auto_generated|pll1|clk[0] ; inst|altpll_component|auto_generated|pll1|clk[0] ; 26000.377    ; -0.094     ; 3.184      ;
; 25997.037 ; RemoteController:inst1|dados_brutos[7]  ; RemoteController:inst1|Tecla[1]           ; inst|altpll_component|auto_generated|pll1|clk[0] ; inst|altpll_component|auto_generated|pll1|clk[0] ; 26000.377    ; -0.100     ; 3.127      ;
; 25997.040 ; RemoteController:inst1|dados_brutos[14] ; RemoteController:inst1|Tecla[5]           ; inst|altpll_component|auto_generated|pll1|clk[0] ; inst|altpll_component|auto_generated|pll1|clk[0] ; 26000.377    ; -0.094     ; 3.130      ;
; 25997.040 ; RemoteController:inst1|dados_brutos[14] ; RemoteController:inst1|Tecla[4]           ; inst|altpll_component|auto_generated|pll1|clk[0] ; inst|altpll_component|auto_generated|pll1|clk[0] ; 26000.377    ; -0.094     ; 3.130      ;
; 25997.040 ; RemoteController:inst1|dados_brutos[14] ; RemoteController:inst1|Tecla[3]           ; inst|altpll_component|auto_generated|pll1|clk[0] ; inst|altpll_component|auto_generated|pll1|clk[0] ; 26000.377    ; -0.094     ; 3.130      ;
; 25997.040 ; RemoteController:inst1|dados_brutos[14] ; RemoteController:inst1|Tecla[2]           ; inst|altpll_component|auto_generated|pll1|clk[0] ; inst|altpll_component|auto_generated|pll1|clk[0] ; 26000.377    ; -0.094     ; 3.130      ;
; 25997.051 ; RemoteController:inst1|dados_brutos[1]  ; RemoteController:inst1|Tecla[1]           ; inst|altpll_component|auto_generated|pll1|clk[0] ; inst|altpll_component|auto_generated|pll1|clk[0] ; 26000.377    ; -0.100     ; 3.113      ;
; 25997.060 ; RemoteController:inst1|dados_brutos[2]  ; RemoteController:inst1|Ready~_Duplicate_1 ; inst|altpll_component|auto_generated|pll1|clk[0] ; inst|altpll_component|auto_generated|pll1|clk[0] ; 26000.377    ; -0.072     ; 3.244      ;
; 25997.063 ; RemoteController:inst1|dados_brutos[11] ; RemoteController:inst1|Ready~_Duplicate_1 ; inst|altpll_component|auto_generated|pll1|clk[0] ; inst|altpll_component|auto_generated|pll1|clk[0] ; 26000.377    ; -0.072     ; 3.241      ;
; 25997.069 ; RemoteController:inst1|dados_brutos[13] ; RemoteController:inst1|Tecla[1]           ; inst|altpll_component|auto_generated|pll1|clk[0] ; inst|altpll_component|auto_generated|pll1|clk[0] ; 26000.377    ; -0.099     ; 3.096      ;
; 25997.111 ; RemoteController:inst1|dados_brutos[0]  ; RemoteController:inst1|Tecla[5]           ; inst|altpll_component|auto_generated|pll1|clk[0] ; inst|altpll_component|auto_generated|pll1|clk[0] ; 26000.377    ; -0.095     ; 3.058      ;
; 25997.111 ; RemoteController:inst1|dados_brutos[0]  ; RemoteController:inst1|Tecla[4]           ; inst|altpll_component|auto_generated|pll1|clk[0] ; inst|altpll_component|auto_generated|pll1|clk[0] ; 26000.377    ; -0.095     ; 3.058      ;
; 25997.111 ; RemoteController:inst1|dados_brutos[0]  ; RemoteController:inst1|Tecla[3]           ; inst|altpll_component|auto_generated|pll1|clk[0] ; inst|altpll_component|auto_generated|pll1|clk[0] ; 26000.377    ; -0.095     ; 3.058      ;
; 25997.111 ; RemoteController:inst1|dados_brutos[0]  ; RemoteController:inst1|Tecla[2]           ; inst|altpll_component|auto_generated|pll1|clk[0] ; inst|altpll_component|auto_generated|pll1|clk[0] ; 26000.377    ; -0.095     ; 3.058      ;
; 25997.120 ; RemoteController:inst1|dados_brutos[10] ; RemoteController:inst1|Tecla[5]           ; inst|altpll_component|auto_generated|pll1|clk[0] ; inst|altpll_component|auto_generated|pll1|clk[0] ; 26000.377    ; -0.094     ; 3.050      ;
; 25997.120 ; RemoteController:inst1|dados_brutos[10] ; RemoteController:inst1|Tecla[4]           ; inst|altpll_component|auto_generated|pll1|clk[0] ; inst|altpll_component|auto_generated|pll1|clk[0] ; 26000.377    ; -0.094     ; 3.050      ;
; 25997.120 ; RemoteController:inst1|dados_brutos[10] ; RemoteController:inst1|Tecla[3]           ; inst|altpll_component|auto_generated|pll1|clk[0] ; inst|altpll_component|auto_generated|pll1|clk[0] ; 26000.377    ; -0.094     ; 3.050      ;
; 25997.120 ; RemoteController:inst1|dados_brutos[10] ; RemoteController:inst1|Tecla[2]           ; inst|altpll_component|auto_generated|pll1|clk[0] ; inst|altpll_component|auto_generated|pll1|clk[0] ; 26000.377    ; -0.094     ; 3.050      ;
; 25997.125 ; RemoteController:inst1|dados_brutos[12] ; RemoteController:inst1|Tecla[5]           ; inst|altpll_component|auto_generated|pll1|clk[0] ; inst|altpll_component|auto_generated|pll1|clk[0] ; 26000.377    ; -0.094     ; 3.045      ;
; 25997.125 ; RemoteController:inst1|dados_brutos[12] ; RemoteController:inst1|Tecla[4]           ; inst|altpll_component|auto_generated|pll1|clk[0] ; inst|altpll_component|auto_generated|pll1|clk[0] ; 26000.377    ; -0.094     ; 3.045      ;
; 25997.125 ; RemoteController:inst1|dados_brutos[12] ; RemoteController:inst1|Tecla[3]           ; inst|altpll_component|auto_generated|pll1|clk[0] ; inst|altpll_component|auto_generated|pll1|clk[0] ; 26000.377    ; -0.094     ; 3.045      ;
; 25997.125 ; RemoteController:inst1|dados_brutos[12] ; RemoteController:inst1|Tecla[2]           ; inst|altpll_component|auto_generated|pll1|clk[0] ; inst|altpll_component|auto_generated|pll1|clk[0] ; 26000.377    ; -0.094     ; 3.045      ;
; 25997.132 ; RemoteController:inst1|dados_brutos[4]  ; RemoteController:inst1|Tecla[5]           ; inst|altpll_component|auto_generated|pll1|clk[0] ; inst|altpll_component|auto_generated|pll1|clk[0] ; 26000.377    ; -0.094     ; 3.038      ;
; 25997.132 ; RemoteController:inst1|dados_brutos[4]  ; RemoteController:inst1|Tecla[4]           ; inst|altpll_component|auto_generated|pll1|clk[0] ; inst|altpll_component|auto_generated|pll1|clk[0] ; 26000.377    ; -0.094     ; 3.038      ;
; 25997.132 ; RemoteController:inst1|dados_brutos[4]  ; RemoteController:inst1|Tecla[3]           ; inst|altpll_component|auto_generated|pll1|clk[0] ; inst|altpll_component|auto_generated|pll1|clk[0] ; 26000.377    ; -0.094     ; 3.038      ;
; 25997.132 ; RemoteController:inst1|dados_brutos[4]  ; RemoteController:inst1|Tecla[2]           ; inst|altpll_component|auto_generated|pll1|clk[0] ; inst|altpll_component|auto_generated|pll1|clk[0] ; 26000.377    ; -0.094     ; 3.038      ;
; 25997.135 ; RemoteController:inst1|dados_brutos[9]  ; RemoteController:inst1|Tecla[5]           ; inst|altpll_component|auto_generated|pll1|clk[0] ; inst|altpll_component|auto_generated|pll1|clk[0] ; 26000.377    ; -0.095     ; 3.034      ;
; 25997.135 ; RemoteController:inst1|dados_brutos[9]  ; RemoteController:inst1|Tecla[4]           ; inst|altpll_component|auto_generated|pll1|clk[0] ; inst|altpll_component|auto_generated|pll1|clk[0] ; 26000.377    ; -0.095     ; 3.034      ;
; 25997.135 ; RemoteController:inst1|dados_brutos[9]  ; RemoteController:inst1|Tecla[3]           ; inst|altpll_component|auto_generated|pll1|clk[0] ; inst|altpll_component|auto_generated|pll1|clk[0] ; 26000.377    ; -0.095     ; 3.034      ;
; 25997.135 ; RemoteController:inst1|dados_brutos[9]  ; RemoteController:inst1|Tecla[2]           ; inst|altpll_component|auto_generated|pll1|clk[0] ; inst|altpll_component|auto_generated|pll1|clk[0] ; 26000.377    ; -0.095     ; 3.034      ;
; 25997.138 ; RemoteController:inst1|dados_brutos[14] ; RemoteController:inst1|Ready~_Duplicate_1 ; inst|altpll_component|auto_generated|pll1|clk[0] ; inst|altpll_component|auto_generated|pll1|clk[0] ; 26000.377    ; -0.072     ; 3.166      ;
; 25997.142 ; RemoteController:inst1|dados_brutos[15] ; RemoteController:inst1|Tecla[1]           ; inst|altpll_component|auto_generated|pll1|clk[0] ; inst|altpll_component|auto_generated|pll1|clk[0] ; 26000.377    ; -0.100     ; 3.022      ;
; 25997.142 ; RemoteController:inst1|dados_brutos[8]  ; RemoteController:inst1|Tecla[5]           ; inst|altpll_component|auto_generated|pll1|clk[0] ; inst|altpll_component|auto_generated|pll1|clk[0] ; 26000.377    ; -0.095     ; 3.027      ;
; 25997.142 ; RemoteController:inst1|dados_brutos[8]  ; RemoteController:inst1|Tecla[4]           ; inst|altpll_component|auto_generated|pll1|clk[0] ; inst|altpll_component|auto_generated|pll1|clk[0] ; 26000.377    ; -0.095     ; 3.027      ;
; 25997.142 ; RemoteController:inst1|dados_brutos[8]  ; RemoteController:inst1|Tecla[3]           ; inst|altpll_component|auto_generated|pll1|clk[0] ; inst|altpll_component|auto_generated|pll1|clk[0] ; 26000.377    ; -0.095     ; 3.027      ;
; 25997.142 ; RemoteController:inst1|dados_brutos[8]  ; RemoteController:inst1|Tecla[2]           ; inst|altpll_component|auto_generated|pll1|clk[0] ; inst|altpll_component|auto_generated|pll1|clk[0] ; 26000.377    ; -0.095     ; 3.027      ;
; 25997.177 ; RemoteController:inst1|dados_brutos[2]  ; RemoteController:inst1|Tecla[7]           ; inst|altpll_component|auto_generated|pll1|clk[0] ; inst|altpll_component|auto_generated|pll1|clk[0] ; 26000.377    ; -0.092     ; 2.995      ;
; 25997.177 ; RemoteController:inst1|dados_brutos[2]  ; RemoteController:inst1|Tecla[6]           ; inst|altpll_component|auto_generated|pll1|clk[0] ; inst|altpll_component|auto_generated|pll1|clk[0] ; 26000.377    ; -0.092     ; 2.995      ;
; 25997.177 ; RemoteController:inst1|dados_brutos[2]  ; RemoteController:inst1|Tecla[0]           ; inst|altpll_component|auto_generated|pll1|clk[0] ; inst|altpll_component|auto_generated|pll1|clk[0] ; 26000.377    ; -0.092     ; 2.995      ;
; 25997.197 ; RemoteController:inst1|dados_brutos[6]  ; RemoteController:inst1|Tecla[5]           ; inst|altpll_component|auto_generated|pll1|clk[0] ; inst|altpll_component|auto_generated|pll1|clk[0] ; 26000.377    ; -0.095     ; 2.972      ;
; 25997.197 ; RemoteController:inst1|dados_brutos[6]  ; RemoteController:inst1|Tecla[4]           ; inst|altpll_component|auto_generated|pll1|clk[0] ; inst|altpll_component|auto_generated|pll1|clk[0] ; 26000.377    ; -0.095     ; 2.972      ;
; 25997.197 ; RemoteController:inst1|dados_brutos[6]  ; RemoteController:inst1|Tecla[3]           ; inst|altpll_component|auto_generated|pll1|clk[0] ; inst|altpll_component|auto_generated|pll1|clk[0] ; 26000.377    ; -0.095     ; 2.972      ;
; 25997.197 ; RemoteController:inst1|dados_brutos[6]  ; RemoteController:inst1|Tecla[2]           ; inst|altpll_component|auto_generated|pll1|clk[0] ; inst|altpll_component|auto_generated|pll1|clk[0] ; 26000.377    ; -0.095     ; 2.972      ;
; 25997.197 ; RemoteController:inst1|dados_brutos[9]  ; RemoteController:inst1|Ready~_Duplicate_1 ; inst|altpll_component|auto_generated|pll1|clk[0] ; inst|altpll_component|auto_generated|pll1|clk[0] ; 26000.377    ; -0.073     ; 3.106      ;
; 25997.200 ; RemoteController:inst1|dados_brutos[0]  ; RemoteController:inst1|Ready~_Duplicate_1 ; inst|altpll_component|auto_generated|pll1|clk[0] ; inst|altpll_component|auto_generated|pll1|clk[0] ; 26000.377    ; -0.073     ; 3.103      ;
; 25997.201 ; RemoteController:inst1|dados_brutos[11] ; RemoteController:inst1|Tecla[7]           ; inst|altpll_component|auto_generated|pll1|clk[0] ; inst|altpll_component|auto_generated|pll1|clk[0] ; 26000.377    ; -0.092     ; 2.971      ;
; 25997.201 ; RemoteController:inst1|dados_brutos[11] ; RemoteController:inst1|Tecla[6]           ; inst|altpll_component|auto_generated|pll1|clk[0] ; inst|altpll_component|auto_generated|pll1|clk[0] ; 26000.377    ; -0.092     ; 2.971      ;
; 25997.201 ; RemoteController:inst1|dados_brutos[11] ; RemoteController:inst1|Tecla[0]           ; inst|altpll_component|auto_generated|pll1|clk[0] ; inst|altpll_component|auto_generated|pll1|clk[0] ; 26000.377    ; -0.092     ; 2.971      ;
; 25997.218 ; RemoteController:inst1|dados_brutos[10] ; RemoteController:inst1|Ready~_Duplicate_1 ; inst|altpll_component|auto_generated|pll1|clk[0] ; inst|altpll_component|auto_generated|pll1|clk[0] ; 26000.377    ; -0.072     ; 3.086      ;
; 25997.223 ; RemoteController:inst1|dados_brutos[12] ; RemoteController:inst1|Ready~_Duplicate_1 ; inst|altpll_component|auto_generated|pll1|clk[0] ; inst|altpll_component|auto_generated|pll1|clk[0] ; 26000.377    ; -0.072     ; 3.081      ;
; 25997.225 ; RemoteController:inst1|dados_brutos[8]  ; RemoteController:inst1|Ready~_Duplicate_1 ; inst|altpll_component|auto_generated|pll1|clk[0] ; inst|altpll_component|auto_generated|pll1|clk[0] ; 26000.377    ; -0.073     ; 3.078      ;
; 25997.230 ; RemoteController:inst1|dados_brutos[4]  ; RemoteController:inst1|Ready~_Duplicate_1 ; inst|altpll_component|auto_generated|pll1|clk[0] ; inst|altpll_component|auto_generated|pll1|clk[0] ; 26000.377    ; -0.072     ; 3.074      ;
; 25997.239 ; RemoteController:inst1|dados_brutos[3]  ; RemoteController:inst1|Tecla[5]           ; inst|altpll_component|auto_generated|pll1|clk[0] ; inst|altpll_component|auto_generated|pll1|clk[0] ; 26000.377    ; -0.094     ; 2.931      ;
; 25997.239 ; RemoteController:inst1|dados_brutos[3]  ; RemoteController:inst1|Tecla[4]           ; inst|altpll_component|auto_generated|pll1|clk[0] ; inst|altpll_component|auto_generated|pll1|clk[0] ; 26000.377    ; -0.094     ; 2.931      ;
; 25997.239 ; RemoteController:inst1|dados_brutos[3]  ; RemoteController:inst1|Tecla[3]           ; inst|altpll_component|auto_generated|pll1|clk[0] ; inst|altpll_component|auto_generated|pll1|clk[0] ; 26000.377    ; -0.094     ; 2.931      ;
; 25997.239 ; RemoteController:inst1|dados_brutos[3]  ; RemoteController:inst1|Tecla[2]           ; inst|altpll_component|auto_generated|pll1|clk[0] ; inst|altpll_component|auto_generated|pll1|clk[0] ; 26000.377    ; -0.094     ; 2.931      ;
+-----------+-----------------------------------------+-------------------------------------------+--------------------------------------------------+--------------------------------------------------+--------------+------------+------------+


+--------------------------------------------------------------------------------------------------------------------------------------------------------------------------------------------------------------------------------------------------------------------+
; Slow 1200mV 0C Model Hold: 'inst|altpll_component|auto_generated|pll1|clk[0]'                                                                                                                                                                                      ;
+-------+------------------------------------------------------+------------------------------------------------------+--------------------------------------------------+--------------------------------------------------+--------------+------------+------------+
; Slack ; From Node                                            ; To Node                                              ; Launch Clock                                     ; Latch Clock                                      ; Relationship ; Clock Skew ; Data Delay ;
+-------+------------------------------------------------------+------------------------------------------------------+--------------------------------------------------+--------------------------------------------------+--------------+------------+------------+
; 0.353 ; RemoteController:inst1|Ready~_Duplicate_1            ; RemoteController:inst1|Ready~_Duplicate_1            ; inst|altpll_component|auto_generated|pll1|clk[0] ; inst|altpll_component|auto_generated|pll1|clk[0] ; 0.000        ; 0.073      ; 0.597      ;
; 0.353 ; RemoteController:inst1|estado_atual.ESTADO_RECEBENDO ; RemoteController:inst1|estado_atual.ESTADO_RECEBENDO ; inst|altpll_component|auto_generated|pll1|clk[0] ; inst|altpll_component|auto_generated|pll1|clk[0] ; 0.000        ; 0.073      ; 0.597      ;
; 0.353 ; RemoteController:inst1|estado_atual.ESTADO_PRONTO    ; RemoteController:inst1|estado_atual.ESTADO_PRONTO    ; inst|altpll_component|auto_generated|pll1|clk[0] ; inst|altpll_component|auto_generated|pll1|clk[0] ; 0.000        ; 0.073      ; 0.597      ;
; 0.353 ; RemoteController:inst1|estado_atual.ESTADO_ESPERA    ; RemoteController:inst1|estado_atual.ESTADO_ESPERA    ; inst|altpll_component|auto_generated|pll1|clk[0] ; inst|altpll_component|auto_generated|pll1|clk[0] ; 0.000        ; 0.073      ; 0.597      ;
; 0.353 ; RemoteController:inst1|contador_ready[1]             ; RemoteController:inst1|contador_ready[1]             ; inst|altpll_component|auto_generated|pll1|clk[0] ; inst|altpll_component|auto_generated|pll1|clk[0] ; 0.000        ; 0.073      ; 0.597      ;
; 0.353 ; RemoteController:inst1|contador_ready[0]             ; RemoteController:inst1|contador_ready[0]             ; inst|altpll_component|auto_generated|pll1|clk[0] ; inst|altpll_component|auto_generated|pll1|clk[0] ; 0.000        ; 0.073      ; 0.597      ;
; 0.386 ; RemoteController:inst1|contador_bits[5]              ; RemoteController:inst1|contador_bits[5]              ; inst|altpll_component|auto_generated|pll1|clk[0] ; inst|altpll_component|auto_generated|pll1|clk[0] ; 0.000        ; 0.073      ; 0.630      ;
; 0.413 ; RemoteController:inst1|serial_sync                   ; RemoteController:inst1|estado_atual.ESTADO_RECEBENDO ; inst|altpll_component|auto_generated|pll1|clk[0] ; inst|altpll_component|auto_generated|pll1|clk[0] ; 0.000        ; 0.073      ; 0.657      ;
; 0.513 ; RemoteController:inst1|dados_brutos[7]               ; RemoteController:inst1|dados_brutos[8]               ; inst|altpll_component|auto_generated|pll1|clk[0] ; inst|altpll_component|auto_generated|pll1|clk[0] ; 0.000        ; 0.073      ; 0.757      ;
; 0.519 ; RemoteController:inst1|dados_brutos[10]              ; RemoteController:inst1|dados_brutos[11]              ; inst|altpll_component|auto_generated|pll1|clk[0] ; inst|altpll_component|auto_generated|pll1|clk[0] ; 0.000        ; 0.072      ; 0.762      ;
; 0.521 ; RemoteController:inst1|dados_brutos[12]              ; RemoteController:inst1|dados_brutos[13]              ; inst|altpll_component|auto_generated|pll1|clk[0] ; inst|altpll_component|auto_generated|pll1|clk[0] ; 0.000        ; 0.072      ; 0.764      ;
; 0.523 ; RemoteController:inst1|dados_brutos[11]              ; RemoteController:inst1|dados_brutos[12]              ; inst|altpll_component|auto_generated|pll1|clk[0] ; inst|altpll_component|auto_generated|pll1|clk[0] ; 0.000        ; 0.072      ; 0.766      ;
; 0.548 ; RemoteController:inst1|serial_ff1                    ; RemoteController:inst1|serial_sync                   ; inst|altpll_component|auto_generated|pll1|clk[0] ; inst|altpll_component|auto_generated|pll1|clk[0] ; 0.000        ; 0.073      ; 0.792      ;
; 0.548 ; RemoteController:inst1|rst_ff1                       ; RemoteController:inst1|rst_sync                      ; inst|altpll_component|auto_generated|pll1|clk[0] ; inst|altpll_component|auto_generated|pll1|clk[0] ; 0.000        ; 0.073      ; 0.792      ;
; 0.586 ; RemoteController:inst1|contador_bits[1]              ; RemoteController:inst1|contador_bits[1]              ; inst|altpll_component|auto_generated|pll1|clk[0] ; inst|altpll_component|auto_generated|pll1|clk[0] ; 0.000        ; 0.073      ; 0.830      ;
; 0.590 ; RemoteController:inst1|contador_bits[2]              ; RemoteController:inst1|contador_bits[2]              ; inst|altpll_component|auto_generated|pll1|clk[0] ; inst|altpll_component|auto_generated|pll1|clk[0] ; 0.000        ; 0.073      ; 0.834      ;
; 0.592 ; RemoteController:inst1|contador_bits[3]              ; RemoteController:inst1|contador_bits[3]              ; inst|altpll_component|auto_generated|pll1|clk[0] ; inst|altpll_component|auto_generated|pll1|clk[0] ; 0.000        ; 0.073      ; 0.836      ;
; 0.603 ; RemoteController:inst1|contador_bits[4]              ; RemoteController:inst1|contador_bits[4]              ; inst|altpll_component|auto_generated|pll1|clk[0] ; inst|altpll_component|auto_generated|pll1|clk[0] ; 0.000        ; 0.073      ; 0.847      ;
; 0.606 ; RemoteController:inst1|contador_bits[0]              ; RemoteController:inst1|contador_bits[0]              ; inst|altpll_component|auto_generated|pll1|clk[0] ; inst|altpll_component|auto_generated|pll1|clk[0] ; 0.000        ; 0.073      ; 0.850      ;
; 0.608 ; RemoteController:inst1|dados_brutos[6]               ; RemoteController:inst1|dados_brutos[7]               ; inst|altpll_component|auto_generated|pll1|clk[0] ; inst|altpll_component|auto_generated|pll1|clk[0] ; 0.000        ; 0.073      ; 0.852      ;
; 0.610 ; RemoteController:inst1|dados_brutos[3]               ; RemoteController:inst1|dados_brutos[4]               ; inst|altpll_component|auto_generated|pll1|clk[0] ; inst|altpll_component|auto_generated|pll1|clk[0] ; 0.000        ; 0.072      ; 0.853      ;
; 0.610 ; RemoteController:inst1|dados_brutos[2]               ; RemoteController:inst1|dados_brutos[3]               ; inst|altpll_component|auto_generated|pll1|clk[0] ; inst|altpll_component|auto_generated|pll1|clk[0] ; 0.000        ; 0.072      ; 0.853      ;
; 0.616 ; RemoteController:inst1|dados_brutos[13]              ; RemoteController:inst1|dados_brutos[14]              ; inst|altpll_component|auto_generated|pll1|clk[0] ; inst|altpll_component|auto_generated|pll1|clk[0] ; 0.000        ; 0.072      ; 0.859      ;
; 0.628 ; RemoteController:inst1|dados_brutos[0]               ; RemoteController:inst1|dados_brutos[1]               ; inst|altpll_component|auto_generated|pll1|clk[0] ; inst|altpll_component|auto_generated|pll1|clk[0] ; 0.000        ; 0.073      ; 0.872      ;
; 0.629 ; RemoteController:inst1|dados_brutos[4]               ; RemoteController:inst1|dados_brutos[5]               ; inst|altpll_component|auto_generated|pll1|clk[0] ; inst|altpll_component|auto_generated|pll1|clk[0] ; 0.000        ; 0.072      ; 0.872      ;
; 0.637 ; RemoteController:inst1|estado_atual.ESTADO_ENDPOINT  ; RemoteController:inst1|estado_atual.ESTADO_PRONTO    ; inst|altpll_component|auto_generated|pll1|clk[0] ; inst|altpll_component|auto_generated|pll1|clk[0] ; 0.000        ; 0.073      ; 0.881      ;
; 0.675 ; RemoteController:inst1|rst_sync                      ; RemoteController:inst1|contador_ready[0]             ; inst|altpll_component|auto_generated|pll1|clk[0] ; inst|altpll_component|auto_generated|pll1|clk[0] ; 0.000        ; 0.073      ; 0.919      ;
; 0.682 ; RemoteController:inst1|dados_brutos[8]               ; RemoteController:inst1|dados_brutos[9]               ; inst|altpll_component|auto_generated|pll1|clk[0] ; inst|altpll_component|auto_generated|pll1|clk[0] ; 0.000        ; 0.073      ; 0.926      ;
; 0.684 ; RemoteController:inst1|estado_atual.ESTADO_PRONTO    ; RemoteController:inst1|contador_ready[0]             ; inst|altpll_component|auto_generated|pll1|clk[0] ; inst|altpll_component|auto_generated|pll1|clk[0] ; 0.000        ; 0.073      ; 0.928      ;
; 0.721 ; RemoteController:inst1|rst_sync                      ; RemoteController:inst1|estado_atual.ESTADO_ENDPOINT  ; inst|altpll_component|auto_generated|pll1|clk[0] ; inst|altpll_component|auto_generated|pll1|clk[0] ; 0.000        ; 0.073      ; 0.965      ;
; 0.728 ; RemoteController:inst1|rst_sync                      ; RemoteController:inst1|contador_ready[1]             ; inst|altpll_component|auto_generated|pll1|clk[0] ; inst|altpll_component|auto_generated|pll1|clk[0] ; 0.000        ; 0.073      ; 0.972      ;
; 0.730 ; RemoteController:inst1|serial_sync                   ; RemoteController:inst1|estado_atual.ESTADO_ESPERA    ; inst|altpll_component|auto_generated|pll1|clk[0] ; inst|altpll_component|auto_generated|pll1|clk[0] ; 0.000        ; 0.073      ; 0.974      ;
; 0.748 ; RemoteController:inst1|serial_sync                   ; RemoteController:inst1|estado_atual.ESTADO_PRONTO    ; inst|altpll_component|auto_generated|pll1|clk[0] ; inst|altpll_component|auto_generated|pll1|clk[0] ; 0.000        ; 0.073      ; 0.992      ;
; 0.802 ; RemoteController:inst1|serial_sync                   ; RemoteController:inst1|dados_brutos[0]               ; inst|altpll_component|auto_generated|pll1|clk[0] ; inst|altpll_component|auto_generated|pll1|clk[0] ; 0.000        ; 0.072      ; 1.045      ;
; 0.804 ; RemoteController:inst1|dados_brutos[5]               ; RemoteController:inst1|dados_brutos[6]               ; inst|altpll_component|auto_generated|pll1|clk[0] ; inst|altpll_component|auto_generated|pll1|clk[0] ; 0.000        ; 0.073      ; 1.048      ;
; 0.805 ; RemoteController:inst1|dados_brutos[1]               ; RemoteController:inst1|dados_brutos[2]               ; inst|altpll_component|auto_generated|pll1|clk[0] ; inst|altpll_component|auto_generated|pll1|clk[0] ; 0.000        ; 0.072      ; 1.048      ;
; 0.810 ; RemoteController:inst1|dados_brutos[9]               ; RemoteController:inst1|dados_brutos[10]              ; inst|altpll_component|auto_generated|pll1|clk[0] ; inst|altpll_component|auto_generated|pll1|clk[0] ; 0.000        ; 0.072      ; 1.053      ;
; 0.829 ; RemoteController:inst1|estado_atual.ESTADO_RECEBENDO ; RemoteController:inst1|dados_brutos[9]               ; inst|altpll_component|auto_generated|pll1|clk[0] ; inst|altpll_component|auto_generated|pll1|clk[0] ; 0.000        ; 0.072      ; 1.072      ;
; 0.830 ; RemoteController:inst1|estado_atual.ESTADO_RECEBENDO ; RemoteController:inst1|Ready~_Duplicate_1            ; inst|altpll_component|auto_generated|pll1|clk[0] ; inst|altpll_component|auto_generated|pll1|clk[0] ; 0.000        ; 0.072      ; 1.073      ;
; 0.832 ; RemoteController:inst1|estado_atual.ESTADO_RECEBENDO ; RemoteController:inst1|dados_brutos[7]               ; inst|altpll_component|auto_generated|pll1|clk[0] ; inst|altpll_component|auto_generated|pll1|clk[0] ; 0.000        ; 0.072      ; 1.075      ;
; 0.833 ; RemoteController:inst1|rst_sync                      ; RemoteController:inst1|estado_atual.ESTADO_ESPERA    ; inst|altpll_component|auto_generated|pll1|clk[0] ; inst|altpll_component|auto_generated|pll1|clk[0] ; 0.000        ; 0.073      ; 1.077      ;
; 0.833 ; RemoteController:inst1|estado_atual.ESTADO_RECEBENDO ; RemoteController:inst1|dados_brutos[8]               ; inst|altpll_component|auto_generated|pll1|clk[0] ; inst|altpll_component|auto_generated|pll1|clk[0] ; 0.000        ; 0.072      ; 1.076      ;
; 0.834 ; RemoteController:inst1|estado_atual.ESTADO_RECEBENDO ; RemoteController:inst1|dados_brutos[0]               ; inst|altpll_component|auto_generated|pll1|clk[0] ; inst|altpll_component|auto_generated|pll1|clk[0] ; 0.000        ; 0.072      ; 1.077      ;
; 0.835 ; RemoteController:inst1|dados_brutos[14]              ; RemoteController:inst1|dados_brutos[15]              ; inst|altpll_component|auto_generated|pll1|clk[0] ; inst|altpll_component|auto_generated|pll1|clk[0] ; 0.000        ; 0.073      ; 1.079      ;
; 0.839 ; RemoteController:inst1|estado_atual.ESTADO_ENDPOINT  ; RemoteController:inst1|Ready~_Duplicate_1            ; inst|altpll_component|auto_generated|pll1|clk[0] ; inst|altpll_component|auto_generated|pll1|clk[0] ; 0.000        ; 0.072      ; 1.082      ;
; 0.839 ; RemoteController:inst1|estado_atual.ESTADO_RECEBENDO ; RemoteController:inst1|contador_ready[1]             ; inst|altpll_component|auto_generated|pll1|clk[0] ; inst|altpll_component|auto_generated|pll1|clk[0] ; 0.000        ; 0.073      ; 1.083      ;
; 0.839 ; RemoteController:inst1|estado_atual.ESTADO_RECEBENDO ; RemoteController:inst1|contador_ready[0]             ; inst|altpll_component|auto_generated|pll1|clk[0] ; inst|altpll_component|auto_generated|pll1|clk[0] ; 0.000        ; 0.073      ; 1.083      ;
; 0.840 ; RemoteController:inst1|estado_atual.ESTADO_RECEBENDO ; RemoteController:inst1|dados_brutos[10]              ; inst|altpll_component|auto_generated|pll1|clk[0] ; inst|altpll_component|auto_generated|pll1|clk[0] ; 0.000        ; 0.071      ; 1.082      ;
; 0.841 ; RemoteController:inst1|estado_atual.ESTADO_RECEBENDO ; RemoteController:inst1|dados_brutos[11]              ; inst|altpll_component|auto_generated|pll1|clk[0] ; inst|altpll_component|auto_generated|pll1|clk[0] ; 0.000        ; 0.071      ; 1.083      ;
; 0.842 ; RemoteController:inst1|rst_sync                      ; RemoteController:inst1|estado_atual.ESTADO_PRONTO    ; inst|altpll_component|auto_generated|pll1|clk[0] ; inst|altpll_component|auto_generated|pll1|clk[0] ; 0.000        ; 0.073      ; 1.086      ;
; 0.842 ; RemoteController:inst1|estado_atual.ESTADO_RECEBENDO ; RemoteController:inst1|dados_brutos[3]               ; inst|altpll_component|auto_generated|pll1|clk[0] ; inst|altpll_component|auto_generated|pll1|clk[0] ; 0.000        ; 0.071      ; 1.084      ;
; 0.843 ; RemoteController:inst1|estado_atual.ESTADO_RECEBENDO ; RemoteController:inst1|dados_brutos[13]              ; inst|altpll_component|auto_generated|pll1|clk[0] ; inst|altpll_component|auto_generated|pll1|clk[0] ; 0.000        ; 0.071      ; 1.085      ;
; 0.843 ; RemoteController:inst1|contador_bits[3]              ; RemoteController:inst1|estado_atual.ESTADO_ENDPOINT  ; inst|altpll_component|auto_generated|pll1|clk[0] ; inst|altpll_component|auto_generated|pll1|clk[0] ; 0.000        ; 0.072      ; 1.086      ;
; 0.845 ; RemoteController:inst1|estado_atual.ESTADO_RECEBENDO ; RemoteController:inst1|dados_brutos[14]              ; inst|altpll_component|auto_generated|pll1|clk[0] ; inst|altpll_component|auto_generated|pll1|clk[0] ; 0.000        ; 0.071      ; 1.087      ;
; 0.846 ; RemoteController:inst1|estado_atual.ESTADO_RECEBENDO ; RemoteController:inst1|dados_brutos[4]               ; inst|altpll_component|auto_generated|pll1|clk[0] ; inst|altpll_component|auto_generated|pll1|clk[0] ; 0.000        ; 0.071      ; 1.088      ;
; 0.847 ; RemoteController:inst1|estado_atual.ESTADO_RECEBENDO ; RemoteController:inst1|dados_brutos[12]              ; inst|altpll_component|auto_generated|pll1|clk[0] ; inst|altpll_component|auto_generated|pll1|clk[0] ; 0.000        ; 0.071      ; 1.089      ;
; 0.871 ; RemoteController:inst1|contador_bits[1]              ; RemoteController:inst1|contador_bits[2]              ; inst|altpll_component|auto_generated|pll1|clk[0] ; inst|altpll_component|auto_generated|pll1|clk[0] ; 0.000        ; 0.073      ; 1.115      ;
; 0.875 ; RemoteController:inst1|contador_bits[0]              ; RemoteController:inst1|contador_bits[1]              ; inst|altpll_component|auto_generated|pll1|clk[0] ; inst|altpll_component|auto_generated|pll1|clk[0] ; 0.000        ; 0.073      ; 1.119      ;
; 0.877 ; RemoteController:inst1|contador_bits[3]              ; RemoteController:inst1|contador_bits[4]              ; inst|altpll_component|auto_generated|pll1|clk[0] ; inst|altpll_component|auto_generated|pll1|clk[0] ; 0.000        ; 0.073      ; 1.121      ;
; 0.880 ; RemoteController:inst1|contador_bits[2]              ; RemoteController:inst1|contador_bits[3]              ; inst|altpll_component|auto_generated|pll1|clk[0] ; inst|altpll_component|auto_generated|pll1|clk[0] ; 0.000        ; 0.073      ; 1.124      ;
; 0.886 ; RemoteController:inst1|contador_bits[0]              ; RemoteController:inst1|contador_bits[2]              ; inst|altpll_component|auto_generated|pll1|clk[0] ; inst|altpll_component|auto_generated|pll1|clk[0] ; 0.000        ; 0.073      ; 1.130      ;
; 0.891 ; RemoteController:inst1|contador_bits[2]              ; RemoteController:inst1|contador_bits[4]              ; inst|altpll_component|auto_generated|pll1|clk[0] ; inst|altpll_component|auto_generated|pll1|clk[0] ; 0.000        ; 0.073      ; 1.135      ;
; 0.893 ; RemoteController:inst1|estado_atual.ESTADO_ESPERA    ; RemoteController:inst1|estado_atual.ESTADO_RECEBENDO ; inst|altpll_component|auto_generated|pll1|clk[0] ; inst|altpll_component|auto_generated|pll1|clk[0] ; 0.000        ; 0.073      ; 1.137      ;
; 0.893 ; RemoteController:inst1|contador_bits[4]              ; RemoteController:inst1|contador_bits[5]              ; inst|altpll_component|auto_generated|pll1|clk[0] ; inst|altpll_component|auto_generated|pll1|clk[0] ; 0.000        ; 0.073      ; 1.137      ;
; 0.901 ; RemoteController:inst1|rst_sync                      ; RemoteController:inst1|dados_brutos[15]              ; inst|altpll_component|auto_generated|pll1|clk[0] ; inst|altpll_component|auto_generated|pll1|clk[0] ; 0.000        ; 0.072      ; 1.144      ;
; 0.902 ; RemoteController:inst1|rst_sync                      ; RemoteController:inst1|dados_brutos[1]               ; inst|altpll_component|auto_generated|pll1|clk[0] ; inst|altpll_component|auto_generated|pll1|clk[0] ; 0.000        ; 0.072      ; 1.145      ;
; 0.906 ; RemoteController:inst1|rst_sync                      ; RemoteController:inst1|dados_brutos[6]               ; inst|altpll_component|auto_generated|pll1|clk[0] ; inst|altpll_component|auto_generated|pll1|clk[0] ; 0.000        ; 0.072      ; 1.149      ;
; 0.926 ; RemoteController:inst1|rst_sync                      ; RemoteController:inst1|dados_brutos[2]               ; inst|altpll_component|auto_generated|pll1|clk[0] ; inst|altpll_component|auto_generated|pll1|clk[0] ; 0.000        ; 0.071      ; 1.168      ;
; 0.929 ; RemoteController:inst1|rst_sync                      ; RemoteController:inst1|dados_brutos[5]               ; inst|altpll_component|auto_generated|pll1|clk[0] ; inst|altpll_component|auto_generated|pll1|clk[0] ; 0.000        ; 0.071      ; 1.171      ;
; 0.970 ; RemoteController:inst1|contador_bits[1]              ; RemoteController:inst1|contador_bits[3]              ; inst|altpll_component|auto_generated|pll1|clk[0] ; inst|altpll_component|auto_generated|pll1|clk[0] ; 0.000        ; 0.073      ; 1.214      ;
; 0.976 ; RemoteController:inst1|contador_bits[3]              ; RemoteController:inst1|contador_bits[5]              ; inst|altpll_component|auto_generated|pll1|clk[0] ; inst|altpll_component|auto_generated|pll1|clk[0] ; 0.000        ; 0.073      ; 1.220      ;
; 0.981 ; RemoteController:inst1|contador_bits[1]              ; RemoteController:inst1|contador_bits[4]              ; inst|altpll_component|auto_generated|pll1|clk[0] ; inst|altpll_component|auto_generated|pll1|clk[0] ; 0.000        ; 0.073      ; 1.225      ;
; 0.985 ; RemoteController:inst1|contador_bits[0]              ; RemoteController:inst1|contador_bits[3]              ; inst|altpll_component|auto_generated|pll1|clk[0] ; inst|altpll_component|auto_generated|pll1|clk[0] ; 0.000        ; 0.073      ; 1.229      ;
; 0.990 ; RemoteController:inst1|contador_bits[2]              ; RemoteController:inst1|contador_bits[5]              ; inst|altpll_component|auto_generated|pll1|clk[0] ; inst|altpll_component|auto_generated|pll1|clk[0] ; 0.000        ; 0.073      ; 1.234      ;
; 0.996 ; RemoteController:inst1|contador_bits[0]              ; RemoteController:inst1|contador_bits[4]              ; inst|altpll_component|auto_generated|pll1|clk[0] ; inst|altpll_component|auto_generated|pll1|clk[0] ; 0.000        ; 0.073      ; 1.240      ;
; 1.015 ; RemoteController:inst1|estado_atual.ESTADO_ESPERA    ; RemoteController:inst1|contador_ready[1]             ; inst|altpll_component|auto_generated|pll1|clk[0] ; inst|altpll_component|auto_generated|pll1|clk[0] ; 0.000        ; 0.073      ; 1.259      ;
; 1.016 ; RemoteController:inst1|estado_atual.ESTADO_ESPERA    ; RemoteController:inst1|contador_ready[0]             ; inst|altpll_component|auto_generated|pll1|clk[0] ; inst|altpll_component|auto_generated|pll1|clk[0] ; 0.000        ; 0.073      ; 1.260      ;
; 1.020 ; RemoteController:inst1|estado_atual.ESTADO_ESPERA    ; RemoteController:inst1|estado_atual.ESTADO_PRONTO    ; inst|altpll_component|auto_generated|pll1|clk[0] ; inst|altpll_component|auto_generated|pll1|clk[0] ; 0.000        ; 0.073      ; 1.264      ;
; 1.049 ; RemoteController:inst1|estado_atual.ESTADO_ENDPOINT  ; RemoteController:inst1|estado_atual.ESTADO_RECEBENDO ; inst|altpll_component|auto_generated|pll1|clk[0] ; inst|altpll_component|auto_generated|pll1|clk[0] ; 0.000        ; 0.073      ; 1.293      ;
; 1.079 ; RemoteController:inst1|contador_ready[1]             ; RemoteController:inst1|Ready~_Duplicate_1            ; inst|altpll_component|auto_generated|pll1|clk[0] ; inst|altpll_component|auto_generated|pll1|clk[0] ; 0.000        ; 0.072      ; 1.322      ;
; 1.080 ; RemoteController:inst1|contador_bits[1]              ; RemoteController:inst1|contador_bits[5]              ; inst|altpll_component|auto_generated|pll1|clk[0] ; inst|altpll_component|auto_generated|pll1|clk[0] ; 0.000        ; 0.073      ; 1.324      ;
; 1.094 ; RemoteController:inst1|rst_sync                      ; RemoteController:inst1|contador_bits[5]              ; inst|altpll_component|auto_generated|pll1|clk[0] ; inst|altpll_component|auto_generated|pll1|clk[0] ; 0.000        ; 0.074      ; 1.339      ;
; 1.095 ; RemoteController:inst1|estado_atual.ESTADO_RECEBENDO ; RemoteController:inst1|dados_brutos[6]               ; inst|altpll_component|auto_generated|pll1|clk[0] ; inst|altpll_component|auto_generated|pll1|clk[0] ; 0.000        ; 0.072      ; 1.338      ;
; 1.095 ; RemoteController:inst1|contador_bits[0]              ; RemoteController:inst1|contador_bits[5]              ; inst|altpll_component|auto_generated|pll1|clk[0] ; inst|altpll_component|auto_generated|pll1|clk[0] ; 0.000        ; 0.073      ; 1.339      ;
; 1.102 ; RemoteController:inst1|estado_atual.ESTADO_RECEBENDO ; RemoteController:inst1|dados_brutos[1]               ; inst|altpll_component|auto_generated|pll1|clk[0] ; inst|altpll_component|auto_generated|pll1|clk[0] ; 0.000        ; 0.072      ; 1.345      ;
; 1.104 ; RemoteController:inst1|estado_atual.ESTADO_RECEBENDO ; RemoteController:inst1|dados_brutos[15]              ; inst|altpll_component|auto_generated|pll1|clk[0] ; inst|altpll_component|auto_generated|pll1|clk[0] ; 0.000        ; 0.072      ; 1.347      ;
; 1.112 ; RemoteController:inst1|estado_atual.ESTADO_RECEBENDO ; RemoteController:inst1|dados_brutos[5]               ; inst|altpll_component|auto_generated|pll1|clk[0] ; inst|altpll_component|auto_generated|pll1|clk[0] ; 0.000        ; 0.071      ; 1.354      ;
; 1.112 ; RemoteController:inst1|contador_bits[5]              ; RemoteController:inst1|estado_atual.ESTADO_ENDPOINT  ; inst|altpll_component|auto_generated|pll1|clk[0] ; inst|altpll_component|auto_generated|pll1|clk[0] ; 0.000        ; 0.072      ; 1.355      ;
; 1.116 ; RemoteController:inst1|estado_atual.ESTADO_RECEBENDO ; RemoteController:inst1|dados_brutos[2]               ; inst|altpll_component|auto_generated|pll1|clk[0] ; inst|altpll_component|auto_generated|pll1|clk[0] ; 0.000        ; 0.071      ; 1.358      ;
; 1.141 ; RemoteController:inst1|rst_sync                      ; RemoteController:inst1|dados_brutos[8]               ; inst|altpll_component|auto_generated|pll1|clk[0] ; inst|altpll_component|auto_generated|pll1|clk[0] ; 0.000        ; 0.072      ; 1.384      ;
; 1.143 ; RemoteController:inst1|rst_sync                      ; RemoteController:inst1|dados_brutos[9]               ; inst|altpll_component|auto_generated|pll1|clk[0] ; inst|altpll_component|auto_generated|pll1|clk[0] ; 0.000        ; 0.072      ; 1.386      ;
; 1.156 ; RemoteController:inst1|rst_sync                      ; RemoteController:inst1|dados_brutos[7]               ; inst|altpll_component|auto_generated|pll1|clk[0] ; inst|altpll_component|auto_generated|pll1|clk[0] ; 0.000        ; 0.072      ; 1.399      ;
; 1.156 ; RemoteController:inst1|rst_sync                      ; RemoteController:inst1|dados_brutos[0]               ; inst|altpll_component|auto_generated|pll1|clk[0] ; inst|altpll_component|auto_generated|pll1|clk[0] ; 0.000        ; 0.072      ; 1.399      ;
; 1.170 ; RemoteController:inst1|rst_sync                      ; RemoteController:inst1|dados_brutos[12]              ; inst|altpll_component|auto_generated|pll1|clk[0] ; inst|altpll_component|auto_generated|pll1|clk[0] ; 0.000        ; 0.071      ; 1.412      ;
; 1.174 ; RemoteController:inst1|rst_sync                      ; RemoteController:inst1|dados_brutos[13]              ; inst|altpll_component|auto_generated|pll1|clk[0] ; inst|altpll_component|auto_generated|pll1|clk[0] ; 0.000        ; 0.071      ; 1.416      ;
; 1.175 ; RemoteController:inst1|rst_sync                      ; RemoteController:inst1|dados_brutos[11]              ; inst|altpll_component|auto_generated|pll1|clk[0] ; inst|altpll_component|auto_generated|pll1|clk[0] ; 0.000        ; 0.071      ; 1.417      ;
; 1.182 ; RemoteController:inst1|rst_sync                      ; RemoteController:inst1|dados_brutos[4]               ; inst|altpll_component|auto_generated|pll1|clk[0] ; inst|altpll_component|auto_generated|pll1|clk[0] ; 0.000        ; 0.071      ; 1.424      ;
; 1.182 ; RemoteController:inst1|rst_sync                      ; RemoteController:inst1|dados_brutos[14]              ; inst|altpll_component|auto_generated|pll1|clk[0] ; inst|altpll_component|auto_generated|pll1|clk[0] ; 0.000        ; 0.071      ; 1.424      ;
; 1.185 ; RemoteController:inst1|rst_sync                      ; RemoteController:inst1|dados_brutos[3]               ; inst|altpll_component|auto_generated|pll1|clk[0] ; inst|altpll_component|auto_generated|pll1|clk[0] ; 0.000        ; 0.071      ; 1.427      ;
; 1.187 ; RemoteController:inst1|rst_sync                      ; RemoteController:inst1|dados_brutos[10]              ; inst|altpll_component|auto_generated|pll1|clk[0] ; inst|altpll_component|auto_generated|pll1|clk[0] ; 0.000        ; 0.071      ; 1.429      ;
+-------+------------------------------------------------------+------------------------------------------------------+--------------------------------------------------+--------------------------------------------------+--------------+------------+------------+


----------------------------------------------
; Slow 1200mV 0C Model Metastability Summary ;
----------------------------------------------
No synchronizer chains to report.


+------------------------------------------------------------------------------+
; Fast 1200mV 0C Model Setup Summary                                           ;
+--------------------------------------------------+-----------+---------------+
; Clock                                            ; Slack     ; End Point TNS ;
+--------------------------------------------------+-----------+---------------+
; inst|altpll_component|auto_generated|pll1|clk[0] ; 25993.256 ; 0.000         ;
+--------------------------------------------------+-----------+---------------+


+--------------------------------------------------------------------------+
; Fast 1200mV 0C Model Hold Summary                                        ;
+--------------------------------------------------+-------+---------------+
; Clock                                            ; Slack ; End Point TNS ;
+--------------------------------------------------+-------+---------------+
; inst|altpll_component|auto_generated|pll1|clk[0] ; 0.181 ; 0.000         ;
+--------------------------------------------------+-------+---------------+


-----------------------------------------
; Fast 1200mV 0C Model Recovery Summary ;
-----------------------------------------
No paths to report.


----------------------------------------
; Fast 1200mV 0C Model Removal Summary ;
----------------------------------------
No paths to report.


+------------------------------------------------------------------------------+
; Fast 1200mV 0C Model Minimum Pulse Width Summary                             ;
+--------------------------------------------------+-----------+---------------+
; Clock                                            ; Slack     ; End Point TNS ;
+--------------------------------------------------+-----------+---------------+
; CLOCK_50                                         ; 9.574     ; 0.000         ;
; inst|altpll_component|auto_generated|pll1|clk[0] ; 12999.968 ; 0.000         ;
+--------------------------------------------------+-----------+---------------+


+---------------------------------------------------------------------------------------------------------------------------------------------------------------------------------------------------------------------------------------------------------------------+
; Fast 1200mV 0C Model Setup: 'inst|altpll_component|auto_generated|pll1|clk[0]'                                                                                                                                                                                      ;
+-----------+------------------------------------------------------+---------------------------------------------------+--------------------------------------------------+--------------------------------------------------+--------------+------------+------------+
; Slack     ; From Node                                            ; To Node                                           ; Launch Clock                                     ; Latch Clock                                      ; Relationship ; Clock Skew ; Data Delay ;
+-----------+------------------------------------------------------+---------------------------------------------------+--------------------------------------------------+--------------------------------------------------+--------------+------------+------------+
; 25993.256 ; RemoteController:inst1|Tecla[0]                      ; LEDR[0]                                           ; inst|altpll_component|auto_generated|pll1|clk[0] ; inst|altpll_component|auto_generated|pll1|clk[0] ; 26000.377    ; -2.371     ; 2.130      ;
; 25993.256 ; RemoteController:inst1|Tecla[6]                      ; LEDR[6]                                           ; inst|altpll_component|auto_generated|pll1|clk[0] ; inst|altpll_component|auto_generated|pll1|clk[0] ; 26000.377    ; -2.371     ; 2.130      ;
; 25993.290 ; RemoteController:inst1|Tecla[1]                      ; LEDR[1]                                           ; inst|altpll_component|auto_generated|pll1|clk[0] ; inst|altpll_component|auto_generated|pll1|clk[0] ; 26000.377    ; -2.367     ; 2.100      ;
; 25993.307 ; RemoteController:inst1|Tecla[3]                      ; LEDR[3]                                           ; inst|altpll_component|auto_generated|pll1|clk[0] ; inst|altpll_component|auto_generated|pll1|clk[0] ; 26000.377    ; -2.370     ; 2.080      ;
; 25993.316 ; RemoteController:inst1|Ready                         ; LEDG[1]                                           ; inst|altpll_component|auto_generated|pll1|clk[0] ; inst|altpll_component|auto_generated|pll1|clk[0] ; 26000.377    ; -2.371     ; 2.070      ;
; 25993.316 ; RemoteController:inst1|Tecla[7]                      ; LEDR[7]                                           ; inst|altpll_component|auto_generated|pll1|clk[0] ; inst|altpll_component|auto_generated|pll1|clk[0] ; 26000.377    ; -2.371     ; 2.070      ;
; 25993.317 ; RemoteController:inst1|Tecla[2]                      ; LEDR[2]                                           ; inst|altpll_component|auto_generated|pll1|clk[0] ; inst|altpll_component|auto_generated|pll1|clk[0] ; 26000.377    ; -2.370     ; 2.070      ;
; 25993.317 ; RemoteController:inst1|Tecla[4]                      ; LEDR[4]                                           ; inst|altpll_component|auto_generated|pll1|clk[0] ; inst|altpll_component|auto_generated|pll1|clk[0] ; 26000.377    ; -2.370     ; 2.070      ;
; 25993.317 ; RemoteController:inst1|Tecla[5]                      ; LEDR[5]                                           ; inst|altpll_component|auto_generated|pll1|clk[0] ; inst|altpll_component|auto_generated|pll1|clk[0] ; 26000.377    ; -2.370     ; 2.070      ;
; 25997.430 ; KEY[0]                                               ; RemoteController:inst1|rst_ff1                    ; inst|altpll_component|auto_generated|pll1|clk[0] ; inst|altpll_component|auto_generated|pll1|clk[0] ; 26000.377    ; 2.292      ; 2.626      ;
; 25997.470 ; IRDA_RXD                                             ; RemoteController:inst1|serial_ff1                 ; inst|altpll_component|auto_generated|pll1|clk[0] ; inst|altpll_component|auto_generated|pll1|clk[0] ; 26000.377    ; 2.292      ; 2.586      ;
; 25998.036 ; RemoteController:inst1|dados_brutos[11]              ; RemoteController:inst1|Ready                      ; inst|altpll_component|auto_generated|pll1|clk[0] ; inst|altpll_component|auto_generated|pll1|clk[0] ; 26000.377    ; -0.058     ; 2.222      ;
; 25998.047 ; RemoteController:inst1|dados_brutos[2]               ; RemoteController:inst1|Ready                      ; inst|altpll_component|auto_generated|pll1|clk[0] ; inst|altpll_component|auto_generated|pll1|clk[0] ; 26000.377    ; -0.058     ; 2.211      ;
; 25998.112 ; RemoteController:inst1|dados_brutos[14]              ; RemoteController:inst1|Ready                      ; inst|altpll_component|auto_generated|pll1|clk[0] ; inst|altpll_component|auto_generated|pll1|clk[0] ; 26000.377    ; -0.058     ; 2.146      ;
; 25998.121 ; RemoteController:inst1|dados_brutos[9]               ; RemoteController:inst1|Ready                      ; inst|altpll_component|auto_generated|pll1|clk[0] ; inst|altpll_component|auto_generated|pll1|clk[0] ; 26000.377    ; -0.058     ; 2.137      ;
; 25998.123 ; RemoteController:inst1|dados_brutos[0]               ; RemoteController:inst1|Ready                      ; inst|altpll_component|auto_generated|pll1|clk[0] ; inst|altpll_component|auto_generated|pll1|clk[0] ; 26000.377    ; -0.058     ; 2.135      ;
; 25998.131 ; RemoteController:inst1|dados_brutos[8]               ; RemoteController:inst1|Ready                      ; inst|altpll_component|auto_generated|pll1|clk[0] ; inst|altpll_component|auto_generated|pll1|clk[0] ; 26000.377    ; -0.058     ; 2.127      ;
; 25998.132 ; RemoteController:inst1|dados_brutos[10]              ; RemoteController:inst1|Ready                      ; inst|altpll_component|auto_generated|pll1|clk[0] ; inst|altpll_component|auto_generated|pll1|clk[0] ; 26000.377    ; -0.058     ; 2.126      ;
; 25998.196 ; RemoteController:inst1|dados_brutos[4]               ; RemoteController:inst1|Ready                      ; inst|altpll_component|auto_generated|pll1|clk[0] ; inst|altpll_component|auto_generated|pll1|clk[0] ; 26000.377    ; -0.058     ; 2.062      ;
; 25998.196 ; RemoteController:inst1|dados_brutos[12]              ; RemoteController:inst1|Ready                      ; inst|altpll_component|auto_generated|pll1|clk[0] ; inst|altpll_component|auto_generated|pll1|clk[0] ; 26000.377    ; -0.058     ; 2.062      ;
; 25998.213 ; RemoteController:inst1|dados_brutos[3]               ; RemoteController:inst1|Ready                      ; inst|altpll_component|auto_generated|pll1|clk[0] ; inst|altpll_component|auto_generated|pll1|clk[0] ; 26000.377    ; -0.058     ; 2.045      ;
; 25998.217 ; RemoteController:inst1|dados_brutos[6]               ; RemoteController:inst1|Ready                      ; inst|altpll_component|auto_generated|pll1|clk[0] ; inst|altpll_component|auto_generated|pll1|clk[0] ; 26000.377    ; -0.058     ; 2.041      ;
; 25998.261 ; RemoteController:inst1|dados_brutos[5]               ; RemoteController:inst1|Ready                      ; inst|altpll_component|auto_generated|pll1|clk[0] ; inst|altpll_component|auto_generated|pll1|clk[0] ; 26000.377    ; -0.058     ; 1.997      ;
; 25998.280 ; RemoteController:inst1|dados_brutos[7]               ; RemoteController:inst1|Ready                      ; inst|altpll_component|auto_generated|pll1|clk[0] ; inst|altpll_component|auto_generated|pll1|clk[0] ; 26000.377    ; -0.058     ; 1.978      ;
; 25998.287 ; RemoteController:inst1|dados_brutos[1]               ; RemoteController:inst1|Ready                      ; inst|altpll_component|auto_generated|pll1|clk[0] ; inst|altpll_component|auto_generated|pll1|clk[0] ; 26000.377    ; -0.058     ; 1.971      ;
; 25998.331 ; RemoteController:inst1|dados_brutos[13]              ; RemoteController:inst1|Ready                      ; inst|altpll_component|auto_generated|pll1|clk[0] ; inst|altpll_component|auto_generated|pll1|clk[0] ; 26000.377    ; -0.058     ; 1.927      ;
; 25998.349 ; RemoteController:inst1|dados_brutos[15]              ; RemoteController:inst1|Ready                      ; inst|altpll_component|auto_generated|pll1|clk[0] ; inst|altpll_component|auto_generated|pll1|clk[0] ; 26000.377    ; -0.058     ; 1.909      ;
; 25998.363 ; RemoteController:inst1|dados_brutos[11]              ; RemoteController:inst1|Tecla[1]                   ; inst|altpll_component|auto_generated|pll1|clk[0] ; inst|altpll_component|auto_generated|pll1|clk[0] ; 26000.377    ; -0.062     ; 1.891      ;
; 25998.374 ; RemoteController:inst1|dados_brutos[2]               ; RemoteController:inst1|Tecla[1]                   ; inst|altpll_component|auto_generated|pll1|clk[0] ; inst|altpll_component|auto_generated|pll1|clk[0] ; 26000.377    ; -0.062     ; 1.880      ;
; 25998.439 ; RemoteController:inst1|dados_brutos[14]              ; RemoteController:inst1|Tecla[1]                   ; inst|altpll_component|auto_generated|pll1|clk[0] ; inst|altpll_component|auto_generated|pll1|clk[0] ; 26000.377    ; -0.062     ; 1.815      ;
; 25998.448 ; RemoteController:inst1|dados_brutos[9]               ; RemoteController:inst1|Tecla[1]                   ; inst|altpll_component|auto_generated|pll1|clk[0] ; inst|altpll_component|auto_generated|pll1|clk[0] ; 26000.377    ; -0.062     ; 1.806      ;
; 25998.450 ; RemoteController:inst1|dados_brutos[0]               ; RemoteController:inst1|Tecla[1]                   ; inst|altpll_component|auto_generated|pll1|clk[0] ; inst|altpll_component|auto_generated|pll1|clk[0] ; 26000.377    ; -0.062     ; 1.804      ;
; 25998.458 ; RemoteController:inst1|dados_brutos[8]               ; RemoteController:inst1|Tecla[1]                   ; inst|altpll_component|auto_generated|pll1|clk[0] ; inst|altpll_component|auto_generated|pll1|clk[0] ; 26000.377    ; -0.062     ; 1.796      ;
; 25998.459 ; RemoteController:inst1|dados_brutos[10]              ; RemoteController:inst1|Tecla[1]                   ; inst|altpll_component|auto_generated|pll1|clk[0] ; inst|altpll_component|auto_generated|pll1|clk[0] ; 26000.377    ; -0.062     ; 1.795      ;
; 25998.523 ; RemoteController:inst1|dados_brutos[4]               ; RemoteController:inst1|Tecla[1]                   ; inst|altpll_component|auto_generated|pll1|clk[0] ; inst|altpll_component|auto_generated|pll1|clk[0] ; 26000.377    ; -0.062     ; 1.731      ;
; 25998.523 ; RemoteController:inst1|dados_brutos[12]              ; RemoteController:inst1|Tecla[1]                   ; inst|altpll_component|auto_generated|pll1|clk[0] ; inst|altpll_component|auto_generated|pll1|clk[0] ; 26000.377    ; -0.062     ; 1.731      ;
; 25998.531 ; RemoteController:inst1|dados_brutos[11]              ; RemoteController:inst1|Ready~_Duplicate_1         ; inst|altpll_component|auto_generated|pll1|clk[0] ; inst|altpll_component|auto_generated|pll1|clk[0] ; 26000.377    ; -0.042     ; 1.791      ;
; 25998.540 ; RemoteController:inst1|dados_brutos[3]               ; RemoteController:inst1|Tecla[1]                   ; inst|altpll_component|auto_generated|pll1|clk[0] ; inst|altpll_component|auto_generated|pll1|clk[0] ; 26000.377    ; -0.062     ; 1.714      ;
; 25998.542 ; RemoteController:inst1|dados_brutos[2]               ; RemoteController:inst1|Ready~_Duplicate_1         ; inst|altpll_component|auto_generated|pll1|clk[0] ; inst|altpll_component|auto_generated|pll1|clk[0] ; 26000.377    ; -0.042     ; 1.780      ;
; 25998.544 ; RemoteController:inst1|dados_brutos[6]               ; RemoteController:inst1|Tecla[1]                   ; inst|altpll_component|auto_generated|pll1|clk[0] ; inst|altpll_component|auto_generated|pll1|clk[0] ; 26000.377    ; -0.062     ; 1.710      ;
; 25998.554 ; RemoteController:inst1|dados_brutos[11]              ; RemoteController:inst1|Tecla[5]                   ; inst|altpll_component|auto_generated|pll1|clk[0] ; inst|altpll_component|auto_generated|pll1|clk[0] ; 26000.377    ; -0.059     ; 1.703      ;
; 25998.554 ; RemoteController:inst1|dados_brutos[11]              ; RemoteController:inst1|Tecla[4]                   ; inst|altpll_component|auto_generated|pll1|clk[0] ; inst|altpll_component|auto_generated|pll1|clk[0] ; 26000.377    ; -0.059     ; 1.703      ;
; 25998.554 ; RemoteController:inst1|dados_brutos[11]              ; RemoteController:inst1|Tecla[3]                   ; inst|altpll_component|auto_generated|pll1|clk[0] ; inst|altpll_component|auto_generated|pll1|clk[0] ; 26000.377    ; -0.059     ; 1.703      ;
; 25998.554 ; RemoteController:inst1|dados_brutos[11]              ; RemoteController:inst1|Tecla[2]                   ; inst|altpll_component|auto_generated|pll1|clk[0] ; inst|altpll_component|auto_generated|pll1|clk[0] ; 26000.377    ; -0.059     ; 1.703      ;
; 25998.565 ; RemoteController:inst1|dados_brutos[2]               ; RemoteController:inst1|Tecla[5]                   ; inst|altpll_component|auto_generated|pll1|clk[0] ; inst|altpll_component|auto_generated|pll1|clk[0] ; 26000.377    ; -0.059     ; 1.692      ;
; 25998.565 ; RemoteController:inst1|dados_brutos[2]               ; RemoteController:inst1|Tecla[4]                   ; inst|altpll_component|auto_generated|pll1|clk[0] ; inst|altpll_component|auto_generated|pll1|clk[0] ; 26000.377    ; -0.059     ; 1.692      ;
; 25998.565 ; RemoteController:inst1|dados_brutos[2]               ; RemoteController:inst1|Tecla[3]                   ; inst|altpll_component|auto_generated|pll1|clk[0] ; inst|altpll_component|auto_generated|pll1|clk[0] ; 26000.377    ; -0.059     ; 1.692      ;
; 25998.565 ; RemoteController:inst1|dados_brutos[2]               ; RemoteController:inst1|Tecla[2]                   ; inst|altpll_component|auto_generated|pll1|clk[0] ; inst|altpll_component|auto_generated|pll1|clk[0] ; 26000.377    ; -0.059     ; 1.692      ;
; 25998.588 ; RemoteController:inst1|dados_brutos[5]               ; RemoteController:inst1|Tecla[1]                   ; inst|altpll_component|auto_generated|pll1|clk[0] ; inst|altpll_component|auto_generated|pll1|clk[0] ; 26000.377    ; -0.062     ; 1.666      ;
; 25998.607 ; RemoteController:inst1|dados_brutos[7]               ; RemoteController:inst1|Tecla[1]                   ; inst|altpll_component|auto_generated|pll1|clk[0] ; inst|altpll_component|auto_generated|pll1|clk[0] ; 26000.377    ; -0.062     ; 1.647      ;
; 25998.607 ; RemoteController:inst1|dados_brutos[14]              ; RemoteController:inst1|Ready~_Duplicate_1         ; inst|altpll_component|auto_generated|pll1|clk[0] ; inst|altpll_component|auto_generated|pll1|clk[0] ; 26000.377    ; -0.042     ; 1.715      ;
; 25998.614 ; RemoteController:inst1|dados_brutos[1]               ; RemoteController:inst1|Tecla[1]                   ; inst|altpll_component|auto_generated|pll1|clk[0] ; inst|altpll_component|auto_generated|pll1|clk[0] ; 26000.377    ; -0.062     ; 1.640      ;
; 25998.616 ; RemoteController:inst1|dados_brutos[9]               ; RemoteController:inst1|Ready~_Duplicate_1         ; inst|altpll_component|auto_generated|pll1|clk[0] ; inst|altpll_component|auto_generated|pll1|clk[0] ; 26000.377    ; -0.042     ; 1.706      ;
; 25998.618 ; RemoteController:inst1|dados_brutos[0]               ; RemoteController:inst1|Ready~_Duplicate_1         ; inst|altpll_component|auto_generated|pll1|clk[0] ; inst|altpll_component|auto_generated|pll1|clk[0] ; 26000.377    ; -0.042     ; 1.704      ;
; 25998.626 ; RemoteController:inst1|dados_brutos[8]               ; RemoteController:inst1|Ready~_Duplicate_1         ; inst|altpll_component|auto_generated|pll1|clk[0] ; inst|altpll_component|auto_generated|pll1|clk[0] ; 26000.377    ; -0.042     ; 1.696      ;
; 25998.627 ; RemoteController:inst1|dados_brutos[10]              ; RemoteController:inst1|Ready~_Duplicate_1         ; inst|altpll_component|auto_generated|pll1|clk[0] ; inst|altpll_component|auto_generated|pll1|clk[0] ; 26000.377    ; -0.042     ; 1.695      ;
; 25998.630 ; RemoteController:inst1|dados_brutos[14]              ; RemoteController:inst1|Tecla[5]                   ; inst|altpll_component|auto_generated|pll1|clk[0] ; inst|altpll_component|auto_generated|pll1|clk[0] ; 26000.377    ; -0.059     ; 1.627      ;
; 25998.630 ; RemoteController:inst1|dados_brutos[14]              ; RemoteController:inst1|Tecla[4]                   ; inst|altpll_component|auto_generated|pll1|clk[0] ; inst|altpll_component|auto_generated|pll1|clk[0] ; 26000.377    ; -0.059     ; 1.627      ;
; 25998.630 ; RemoteController:inst1|dados_brutos[14]              ; RemoteController:inst1|Tecla[3]                   ; inst|altpll_component|auto_generated|pll1|clk[0] ; inst|altpll_component|auto_generated|pll1|clk[0] ; 26000.377    ; -0.059     ; 1.627      ;
; 25998.630 ; RemoteController:inst1|dados_brutos[14]              ; RemoteController:inst1|Tecla[2]                   ; inst|altpll_component|auto_generated|pll1|clk[0] ; inst|altpll_component|auto_generated|pll1|clk[0] ; 26000.377    ; -0.059     ; 1.627      ;
; 25998.639 ; RemoteController:inst1|dados_brutos[9]               ; RemoteController:inst1|Tecla[5]                   ; inst|altpll_component|auto_generated|pll1|clk[0] ; inst|altpll_component|auto_generated|pll1|clk[0] ; 26000.377    ; -0.059     ; 1.618      ;
; 25998.639 ; RemoteController:inst1|dados_brutos[9]               ; RemoteController:inst1|Tecla[4]                   ; inst|altpll_component|auto_generated|pll1|clk[0] ; inst|altpll_component|auto_generated|pll1|clk[0] ; 26000.377    ; -0.059     ; 1.618      ;
; 25998.639 ; RemoteController:inst1|dados_brutos[9]               ; RemoteController:inst1|Tecla[3]                   ; inst|altpll_component|auto_generated|pll1|clk[0] ; inst|altpll_component|auto_generated|pll1|clk[0] ; 26000.377    ; -0.059     ; 1.618      ;
; 25998.639 ; RemoteController:inst1|dados_brutos[9]               ; RemoteController:inst1|Tecla[2]                   ; inst|altpll_component|auto_generated|pll1|clk[0] ; inst|altpll_component|auto_generated|pll1|clk[0] ; 26000.377    ; -0.059     ; 1.618      ;
; 25998.641 ; RemoteController:inst1|dados_brutos[0]               ; RemoteController:inst1|Tecla[5]                   ; inst|altpll_component|auto_generated|pll1|clk[0] ; inst|altpll_component|auto_generated|pll1|clk[0] ; 26000.377    ; -0.059     ; 1.616      ;
; 25998.641 ; RemoteController:inst1|dados_brutos[0]               ; RemoteController:inst1|Tecla[4]                   ; inst|altpll_component|auto_generated|pll1|clk[0] ; inst|altpll_component|auto_generated|pll1|clk[0] ; 26000.377    ; -0.059     ; 1.616      ;
; 25998.641 ; RemoteController:inst1|dados_brutos[0]               ; RemoteController:inst1|Tecla[3]                   ; inst|altpll_component|auto_generated|pll1|clk[0] ; inst|altpll_component|auto_generated|pll1|clk[0] ; 26000.377    ; -0.059     ; 1.616      ;
; 25998.641 ; RemoteController:inst1|dados_brutos[0]               ; RemoteController:inst1|Tecla[2]                   ; inst|altpll_component|auto_generated|pll1|clk[0] ; inst|altpll_component|auto_generated|pll1|clk[0] ; 26000.377    ; -0.059     ; 1.616      ;
; 25998.649 ; RemoteController:inst1|dados_brutos[8]               ; RemoteController:inst1|Tecla[5]                   ; inst|altpll_component|auto_generated|pll1|clk[0] ; inst|altpll_component|auto_generated|pll1|clk[0] ; 26000.377    ; -0.059     ; 1.608      ;
; 25998.649 ; RemoteController:inst1|dados_brutos[8]               ; RemoteController:inst1|Tecla[4]                   ; inst|altpll_component|auto_generated|pll1|clk[0] ; inst|altpll_component|auto_generated|pll1|clk[0] ; 26000.377    ; -0.059     ; 1.608      ;
; 25998.649 ; RemoteController:inst1|dados_brutos[8]               ; RemoteController:inst1|Tecla[3]                   ; inst|altpll_component|auto_generated|pll1|clk[0] ; inst|altpll_component|auto_generated|pll1|clk[0] ; 26000.377    ; -0.059     ; 1.608      ;
; 25998.649 ; RemoteController:inst1|dados_brutos[8]               ; RemoteController:inst1|Tecla[2]                   ; inst|altpll_component|auto_generated|pll1|clk[0] ; inst|altpll_component|auto_generated|pll1|clk[0] ; 26000.377    ; -0.059     ; 1.608      ;
; 25998.650 ; RemoteController:inst1|dados_brutos[10]              ; RemoteController:inst1|Tecla[5]                   ; inst|altpll_component|auto_generated|pll1|clk[0] ; inst|altpll_component|auto_generated|pll1|clk[0] ; 26000.377    ; -0.059     ; 1.607      ;
; 25998.650 ; RemoteController:inst1|dados_brutos[10]              ; RemoteController:inst1|Tecla[4]                   ; inst|altpll_component|auto_generated|pll1|clk[0] ; inst|altpll_component|auto_generated|pll1|clk[0] ; 26000.377    ; -0.059     ; 1.607      ;
; 25998.650 ; RemoteController:inst1|dados_brutos[10]              ; RemoteController:inst1|Tecla[3]                   ; inst|altpll_component|auto_generated|pll1|clk[0] ; inst|altpll_component|auto_generated|pll1|clk[0] ; 26000.377    ; -0.059     ; 1.607      ;
; 25998.650 ; RemoteController:inst1|dados_brutos[10]              ; RemoteController:inst1|Tecla[2]                   ; inst|altpll_component|auto_generated|pll1|clk[0] ; inst|altpll_component|auto_generated|pll1|clk[0] ; 26000.377    ; -0.059     ; 1.607      ;
; 25998.658 ; RemoteController:inst1|dados_brutos[13]              ; RemoteController:inst1|Tecla[1]                   ; inst|altpll_component|auto_generated|pll1|clk[0] ; inst|altpll_component|auto_generated|pll1|clk[0] ; 26000.377    ; -0.062     ; 1.596      ;
; 25998.669 ; RemoteController:inst1|dados_brutos[11]              ; RemoteController:inst1|Tecla[7]                   ; inst|altpll_component|auto_generated|pll1|clk[0] ; inst|altpll_component|auto_generated|pll1|clk[0] ; 26000.377    ; -0.058     ; 1.589      ;
; 25998.669 ; RemoteController:inst1|dados_brutos[11]              ; RemoteController:inst1|Tecla[6]                   ; inst|altpll_component|auto_generated|pll1|clk[0] ; inst|altpll_component|auto_generated|pll1|clk[0] ; 26000.377    ; -0.058     ; 1.589      ;
; 25998.669 ; RemoteController:inst1|dados_brutos[11]              ; RemoteController:inst1|Tecla[0]                   ; inst|altpll_component|auto_generated|pll1|clk[0] ; inst|altpll_component|auto_generated|pll1|clk[0] ; 26000.377    ; -0.058     ; 1.589      ;
; 25998.676 ; RemoteController:inst1|dados_brutos[15]              ; RemoteController:inst1|Tecla[1]                   ; inst|altpll_component|auto_generated|pll1|clk[0] ; inst|altpll_component|auto_generated|pll1|clk[0] ; 26000.377    ; -0.062     ; 1.578      ;
; 25998.678 ; RemoteController:inst1|estado_atual.ESTADO_RECEBENDO ; RemoteController:inst1|estado_atual.ESTADO_ESPERA ; inst|altpll_component|auto_generated|pll1|clk[0] ; inst|altpll_component|auto_generated|pll1|clk[0] ; 26000.377    ; -0.042     ; 1.644      ;
; 25998.680 ; RemoteController:inst1|dados_brutos[2]               ; RemoteController:inst1|Tecla[7]                   ; inst|altpll_component|auto_generated|pll1|clk[0] ; inst|altpll_component|auto_generated|pll1|clk[0] ; 26000.377    ; -0.058     ; 1.578      ;
; 25998.680 ; RemoteController:inst1|dados_brutos[2]               ; RemoteController:inst1|Tecla[6]                   ; inst|altpll_component|auto_generated|pll1|clk[0] ; inst|altpll_component|auto_generated|pll1|clk[0] ; 26000.377    ; -0.058     ; 1.578      ;
; 25998.680 ; RemoteController:inst1|dados_brutos[2]               ; RemoteController:inst1|Tecla[0]                   ; inst|altpll_component|auto_generated|pll1|clk[0] ; inst|altpll_component|auto_generated|pll1|clk[0] ; 26000.377    ; -0.058     ; 1.578      ;
; 25998.684 ; RemoteController:inst1|estado_atual.ESTADO_RECEBENDO ; RemoteController:inst1|estado_atual.ESTADO_PRONTO ; inst|altpll_component|auto_generated|pll1|clk[0] ; inst|altpll_component|auto_generated|pll1|clk[0] ; 26000.377    ; -0.042     ; 1.638      ;
; 25998.691 ; RemoteController:inst1|dados_brutos[4]               ; RemoteController:inst1|Ready~_Duplicate_1         ; inst|altpll_component|auto_generated|pll1|clk[0] ; inst|altpll_component|auto_generated|pll1|clk[0] ; 26000.377    ; -0.042     ; 1.631      ;
; 25998.691 ; RemoteController:inst1|dados_brutos[12]              ; RemoteController:inst1|Ready~_Duplicate_1         ; inst|altpll_component|auto_generated|pll1|clk[0] ; inst|altpll_component|auto_generated|pll1|clk[0] ; 26000.377    ; -0.042     ; 1.631      ;
; 25998.708 ; RemoteController:inst1|dados_brutos[3]               ; RemoteController:inst1|Ready~_Duplicate_1         ; inst|altpll_component|auto_generated|pll1|clk[0] ; inst|altpll_component|auto_generated|pll1|clk[0] ; 26000.377    ; -0.042     ; 1.614      ;
; 25998.712 ; RemoteController:inst1|dados_brutos[6]               ; RemoteController:inst1|Ready~_Duplicate_1         ; inst|altpll_component|auto_generated|pll1|clk[0] ; inst|altpll_component|auto_generated|pll1|clk[0] ; 26000.377    ; -0.042     ; 1.610      ;
; 25998.714 ; RemoteController:inst1|dados_brutos[4]               ; RemoteController:inst1|Tecla[5]                   ; inst|altpll_component|auto_generated|pll1|clk[0] ; inst|altpll_component|auto_generated|pll1|clk[0] ; 26000.377    ; -0.059     ; 1.543      ;
; 25998.714 ; RemoteController:inst1|dados_brutos[4]               ; RemoteController:inst1|Tecla[4]                   ; inst|altpll_component|auto_generated|pll1|clk[0] ; inst|altpll_component|auto_generated|pll1|clk[0] ; 26000.377    ; -0.059     ; 1.543      ;
; 25998.714 ; RemoteController:inst1|dados_brutos[4]               ; RemoteController:inst1|Tecla[3]                   ; inst|altpll_component|auto_generated|pll1|clk[0] ; inst|altpll_component|auto_generated|pll1|clk[0] ; 26000.377    ; -0.059     ; 1.543      ;
; 25998.714 ; RemoteController:inst1|dados_brutos[4]               ; RemoteController:inst1|Tecla[2]                   ; inst|altpll_component|auto_generated|pll1|clk[0] ; inst|altpll_component|auto_generated|pll1|clk[0] ; 26000.377    ; -0.059     ; 1.543      ;
; 25998.714 ; RemoteController:inst1|dados_brutos[12]              ; RemoteController:inst1|Tecla[5]                   ; inst|altpll_component|auto_generated|pll1|clk[0] ; inst|altpll_component|auto_generated|pll1|clk[0] ; 26000.377    ; -0.059     ; 1.543      ;
; 25998.714 ; RemoteController:inst1|dados_brutos[12]              ; RemoteController:inst1|Tecla[4]                   ; inst|altpll_component|auto_generated|pll1|clk[0] ; inst|altpll_component|auto_generated|pll1|clk[0] ; 26000.377    ; -0.059     ; 1.543      ;
; 25998.714 ; RemoteController:inst1|dados_brutos[12]              ; RemoteController:inst1|Tecla[3]                   ; inst|altpll_component|auto_generated|pll1|clk[0] ; inst|altpll_component|auto_generated|pll1|clk[0] ; 26000.377    ; -0.059     ; 1.543      ;
; 25998.714 ; RemoteController:inst1|dados_brutos[12]              ; RemoteController:inst1|Tecla[2]                   ; inst|altpll_component|auto_generated|pll1|clk[0] ; inst|altpll_component|auto_generated|pll1|clk[0] ; 26000.377    ; -0.059     ; 1.543      ;
; 25998.731 ; RemoteController:inst1|dados_brutos[3]               ; RemoteController:inst1|Tecla[5]                   ; inst|altpll_component|auto_generated|pll1|clk[0] ; inst|altpll_component|auto_generated|pll1|clk[0] ; 26000.377    ; -0.059     ; 1.526      ;
; 25998.731 ; RemoteController:inst1|dados_brutos[3]               ; RemoteController:inst1|Tecla[4]                   ; inst|altpll_component|auto_generated|pll1|clk[0] ; inst|altpll_component|auto_generated|pll1|clk[0] ; 26000.377    ; -0.059     ; 1.526      ;
+-----------+------------------------------------------------------+---------------------------------------------------+--------------------------------------------------+--------------------------------------------------+--------------+------------+------------+


+--------------------------------------------------------------------------------------------------------------------------------------------------------------------------------------------------------------------------------------------------------------------+
; Fast 1200mV 0C Model Hold: 'inst|altpll_component|auto_generated|pll1|clk[0]'                                                                                                                                                                                      ;
+-------+------------------------------------------------------+------------------------------------------------------+--------------------------------------------------+--------------------------------------------------+--------------+------------+------------+
; Slack ; From Node                                            ; To Node                                              ; Launch Clock                                     ; Latch Clock                                      ; Relationship ; Clock Skew ; Data Delay ;
+-------+------------------------------------------------------+------------------------------------------------------+--------------------------------------------------+--------------------------------------------------+--------------+------------+------------+
; 0.181 ; RemoteController:inst1|Ready~_Duplicate_1            ; RemoteController:inst1|Ready~_Duplicate_1            ; inst|altpll_component|auto_generated|pll1|clk[0] ; inst|altpll_component|auto_generated|pll1|clk[0] ; 0.000        ; 0.042      ; 0.307      ;
; 0.181 ; RemoteController:inst1|estado_atual.ESTADO_RECEBENDO ; RemoteController:inst1|estado_atual.ESTADO_RECEBENDO ; inst|altpll_component|auto_generated|pll1|clk[0] ; inst|altpll_component|auto_generated|pll1|clk[0] ; 0.000        ; 0.042      ; 0.307      ;
; 0.181 ; RemoteController:inst1|estado_atual.ESTADO_PRONTO    ; RemoteController:inst1|estado_atual.ESTADO_PRONTO    ; inst|altpll_component|auto_generated|pll1|clk[0] ; inst|altpll_component|auto_generated|pll1|clk[0] ; 0.000        ; 0.042      ; 0.307      ;
; 0.181 ; RemoteController:inst1|estado_atual.ESTADO_ESPERA    ; RemoteController:inst1|estado_atual.ESTADO_ESPERA    ; inst|altpll_component|auto_generated|pll1|clk[0] ; inst|altpll_component|auto_generated|pll1|clk[0] ; 0.000        ; 0.042      ; 0.307      ;
; 0.181 ; RemoteController:inst1|contador_ready[1]             ; RemoteController:inst1|contador_ready[1]             ; inst|altpll_component|auto_generated|pll1|clk[0] ; inst|altpll_component|auto_generated|pll1|clk[0] ; 0.000        ; 0.042      ; 0.307      ;
; 0.181 ; RemoteController:inst1|contador_ready[0]             ; RemoteController:inst1|contador_ready[0]             ; inst|altpll_component|auto_generated|pll1|clk[0] ; inst|altpll_component|auto_generated|pll1|clk[0] ; 0.000        ; 0.042      ; 0.307      ;
; 0.191 ; RemoteController:inst1|contador_bits[5]              ; RemoteController:inst1|contador_bits[5]              ; inst|altpll_component|auto_generated|pll1|clk[0] ; inst|altpll_component|auto_generated|pll1|clk[0] ; 0.000        ; 0.043      ; 0.318      ;
; 0.211 ; RemoteController:inst1|serial_sync                   ; RemoteController:inst1|estado_atual.ESTADO_RECEBENDO ; inst|altpll_component|auto_generated|pll1|clk[0] ; inst|altpll_component|auto_generated|pll1|clk[0] ; 0.000        ; 0.042      ; 0.337      ;
; 0.251 ; RemoteController:inst1|dados_brutos[7]               ; RemoteController:inst1|dados_brutos[8]               ; inst|altpll_component|auto_generated|pll1|clk[0] ; inst|altpll_component|auto_generated|pll1|clk[0] ; 0.000        ; 0.042      ; 0.377      ;
; 0.254 ; RemoteController:inst1|dados_brutos[10]              ; RemoteController:inst1|dados_brutos[11]              ; inst|altpll_component|auto_generated|pll1|clk[0] ; inst|altpll_component|auto_generated|pll1|clk[0] ; 0.000        ; 0.043      ; 0.381      ;
; 0.256 ; RemoteController:inst1|dados_brutos[12]              ; RemoteController:inst1|dados_brutos[13]              ; inst|altpll_component|auto_generated|pll1|clk[0] ; inst|altpll_component|auto_generated|pll1|clk[0] ; 0.000        ; 0.043      ; 0.383      ;
; 0.257 ; RemoteController:inst1|dados_brutos[11]              ; RemoteController:inst1|dados_brutos[12]              ; inst|altpll_component|auto_generated|pll1|clk[0] ; inst|altpll_component|auto_generated|pll1|clk[0] ; 0.000        ; 0.043      ; 0.384      ;
; 0.262 ; RemoteController:inst1|serial_ff1                    ; RemoteController:inst1|serial_sync                   ; inst|altpll_component|auto_generated|pll1|clk[0] ; inst|altpll_component|auto_generated|pll1|clk[0] ; 0.000        ; 0.042      ; 0.388      ;
; 0.263 ; RemoteController:inst1|rst_ff1                       ; RemoteController:inst1|rst_sync                      ; inst|altpll_component|auto_generated|pll1|clk[0] ; inst|altpll_component|auto_generated|pll1|clk[0] ; 0.000        ; 0.042      ; 0.389      ;
; 0.292 ; RemoteController:inst1|contador_bits[1]              ; RemoteController:inst1|contador_bits[1]              ; inst|altpll_component|auto_generated|pll1|clk[0] ; inst|altpll_component|auto_generated|pll1|clk[0] ; 0.000        ; 0.043      ; 0.419      ;
; 0.293 ; RemoteController:inst1|contador_bits[3]              ; RemoteController:inst1|contador_bits[3]              ; inst|altpll_component|auto_generated|pll1|clk[0] ; inst|altpll_component|auto_generated|pll1|clk[0] ; 0.000        ; 0.043      ; 0.420      ;
; 0.293 ; RemoteController:inst1|contador_bits[2]              ; RemoteController:inst1|contador_bits[2]              ; inst|altpll_component|auto_generated|pll1|clk[0] ; inst|altpll_component|auto_generated|pll1|clk[0] ; 0.000        ; 0.043      ; 0.420      ;
; 0.299 ; RemoteController:inst1|dados_brutos[3]               ; RemoteController:inst1|dados_brutos[4]               ; inst|altpll_component|auto_generated|pll1|clk[0] ; inst|altpll_component|auto_generated|pll1|clk[0] ; 0.000        ; 0.043      ; 0.426      ;
; 0.300 ; RemoteController:inst1|contador_bits[4]              ; RemoteController:inst1|contador_bits[4]              ; inst|altpll_component|auto_generated|pll1|clk[0] ; inst|altpll_component|auto_generated|pll1|clk[0] ; 0.000        ; 0.043      ; 0.427      ;
; 0.301 ; RemoteController:inst1|dados_brutos[2]               ; RemoteController:inst1|dados_brutos[3]               ; inst|altpll_component|auto_generated|pll1|clk[0] ; inst|altpll_component|auto_generated|pll1|clk[0] ; 0.000        ; 0.043      ; 0.428      ;
; 0.302 ; RemoteController:inst1|dados_brutos[6]               ; RemoteController:inst1|dados_brutos[7]               ; inst|altpll_component|auto_generated|pll1|clk[0] ; inst|altpll_component|auto_generated|pll1|clk[0] ; 0.000        ; 0.042      ; 0.428      ;
; 0.302 ; RemoteController:inst1|contador_bits[0]              ; RemoteController:inst1|contador_bits[0]              ; inst|altpll_component|auto_generated|pll1|clk[0] ; inst|altpll_component|auto_generated|pll1|clk[0] ; 0.000        ; 0.043      ; 0.429      ;
; 0.303 ; RemoteController:inst1|dados_brutos[13]              ; RemoteController:inst1|dados_brutos[14]              ; inst|altpll_component|auto_generated|pll1|clk[0] ; inst|altpll_component|auto_generated|pll1|clk[0] ; 0.000        ; 0.043      ; 0.430      ;
; 0.314 ; RemoteController:inst1|dados_brutos[4]               ; RemoteController:inst1|dados_brutos[5]               ; inst|altpll_component|auto_generated|pll1|clk[0] ; inst|altpll_component|auto_generated|pll1|clk[0] ; 0.000        ; 0.043      ; 0.441      ;
; 0.315 ; RemoteController:inst1|dados_brutos[0]               ; RemoteController:inst1|dados_brutos[1]               ; inst|altpll_component|auto_generated|pll1|clk[0] ; inst|altpll_component|auto_generated|pll1|clk[0] ; 0.000        ; 0.042      ; 0.441      ;
; 0.318 ; RemoteController:inst1|estado_atual.ESTADO_ENDPOINT  ; RemoteController:inst1|estado_atual.ESTADO_PRONTO    ; inst|altpll_component|auto_generated|pll1|clk[0] ; inst|altpll_component|auto_generated|pll1|clk[0] ; 0.000        ; 0.042      ; 0.444      ;
; 0.325 ; RemoteController:inst1|dados_brutos[8]               ; RemoteController:inst1|dados_brutos[9]               ; inst|altpll_component|auto_generated|pll1|clk[0] ; inst|altpll_component|auto_generated|pll1|clk[0] ; 0.000        ; 0.042      ; 0.451      ;
; 0.339 ; RemoteController:inst1|rst_sync                      ; RemoteController:inst1|contador_ready[0]             ; inst|altpll_component|auto_generated|pll1|clk[0] ; inst|altpll_component|auto_generated|pll1|clk[0] ; 0.000        ; 0.042      ; 0.465      ;
; 0.345 ; RemoteController:inst1|estado_atual.ESTADO_PRONTO    ; RemoteController:inst1|contador_ready[0]             ; inst|altpll_component|auto_generated|pll1|clk[0] ; inst|altpll_component|auto_generated|pll1|clk[0] ; 0.000        ; 0.042      ; 0.471      ;
; 0.358 ; RemoteController:inst1|rst_sync                      ; RemoteController:inst1|estado_atual.ESTADO_ENDPOINT  ; inst|altpll_component|auto_generated|pll1|clk[0] ; inst|altpll_component|auto_generated|pll1|clk[0] ; 0.000        ; 0.042      ; 0.484      ;
; 0.383 ; RemoteController:inst1|rst_sync                      ; RemoteController:inst1|contador_ready[1]             ; inst|altpll_component|auto_generated|pll1|clk[0] ; inst|altpll_component|auto_generated|pll1|clk[0] ; 0.000        ; 0.042      ; 0.509      ;
; 0.385 ; RemoteController:inst1|serial_sync                   ; RemoteController:inst1|estado_atual.ESTADO_PRONTO    ; inst|altpll_component|auto_generated|pll1|clk[0] ; inst|altpll_component|auto_generated|pll1|clk[0] ; 0.000        ; 0.042      ; 0.511      ;
; 0.385 ; RemoteController:inst1|serial_sync                   ; RemoteController:inst1|estado_atual.ESTADO_ESPERA    ; inst|altpll_component|auto_generated|pll1|clk[0] ; inst|altpll_component|auto_generated|pll1|clk[0] ; 0.000        ; 0.042      ; 0.511      ;
; 0.389 ; RemoteController:inst1|dados_brutos[5]               ; RemoteController:inst1|dados_brutos[6]               ; inst|altpll_component|auto_generated|pll1|clk[0] ; inst|altpll_component|auto_generated|pll1|clk[0] ; 0.000        ; 0.043      ; 0.516      ;
; 0.390 ; RemoteController:inst1|dados_brutos[1]               ; RemoteController:inst1|dados_brutos[2]               ; inst|altpll_component|auto_generated|pll1|clk[0] ; inst|altpll_component|auto_generated|pll1|clk[0] ; 0.000        ; 0.042      ; 0.516      ;
; 0.390 ; RemoteController:inst1|serial_sync                   ; RemoteController:inst1|dados_brutos[0]               ; inst|altpll_component|auto_generated|pll1|clk[0] ; inst|altpll_component|auto_generated|pll1|clk[0] ; 0.000        ; 0.042      ; 0.516      ;
; 0.395 ; RemoteController:inst1|dados_brutos[9]               ; RemoteController:inst1|dados_brutos[10]              ; inst|altpll_component|auto_generated|pll1|clk[0] ; inst|altpll_component|auto_generated|pll1|clk[0] ; 0.000        ; 0.042      ; 0.521      ;
; 0.399 ; RemoteController:inst1|dados_brutos[14]              ; RemoteController:inst1|dados_brutos[15]              ; inst|altpll_component|auto_generated|pll1|clk[0] ; inst|altpll_component|auto_generated|pll1|clk[0] ; 0.000        ; 0.043      ; 0.526      ;
; 0.405 ; RemoteController:inst1|estado_atual.ESTADO_RECEBENDO ; RemoteController:inst1|dados_brutos[9]               ; inst|altpll_component|auto_generated|pll1|clk[0] ; inst|altpll_component|auto_generated|pll1|clk[0] ; 0.000        ; 0.042      ; 0.531      ;
; 0.407 ; RemoteController:inst1|estado_atual.ESTADO_RECEBENDO ; RemoteController:inst1|Ready~_Duplicate_1            ; inst|altpll_component|auto_generated|pll1|clk[0] ; inst|altpll_component|auto_generated|pll1|clk[0] ; 0.000        ; 0.042      ; 0.533      ;
; 0.408 ; RemoteController:inst1|estado_atual.ESTADO_RECEBENDO ; RemoteController:inst1|dados_brutos[7]               ; inst|altpll_component|auto_generated|pll1|clk[0] ; inst|altpll_component|auto_generated|pll1|clk[0] ; 0.000        ; 0.042      ; 0.534      ;
; 0.409 ; RemoteController:inst1|estado_atual.ESTADO_RECEBENDO ; RemoteController:inst1|dados_brutos[8]               ; inst|altpll_component|auto_generated|pll1|clk[0] ; inst|altpll_component|auto_generated|pll1|clk[0] ; 0.000        ; 0.042      ; 0.535      ;
; 0.409 ; RemoteController:inst1|estado_atual.ESTADO_RECEBENDO ; RemoteController:inst1|dados_brutos[0]               ; inst|altpll_component|auto_generated|pll1|clk[0] ; inst|altpll_component|auto_generated|pll1|clk[0] ; 0.000        ; 0.042      ; 0.535      ;
; 0.411 ; RemoteController:inst1|estado_atual.ESTADO_ENDPOINT  ; RemoteController:inst1|Ready~_Duplicate_1            ; inst|altpll_component|auto_generated|pll1|clk[0] ; inst|altpll_component|auto_generated|pll1|clk[0] ; 0.000        ; 0.042      ; 0.537      ;
; 0.411 ; RemoteController:inst1|estado_atual.ESTADO_RECEBENDO ; RemoteController:inst1|dados_brutos[10]              ; inst|altpll_component|auto_generated|pll1|clk[0] ; inst|altpll_component|auto_generated|pll1|clk[0] ; 0.000        ; 0.042      ; 0.537      ;
; 0.412 ; RemoteController:inst1|rst_sync                      ; RemoteController:inst1|estado_atual.ESTADO_ESPERA    ; inst|altpll_component|auto_generated|pll1|clk[0] ; inst|altpll_component|auto_generated|pll1|clk[0] ; 0.000        ; 0.042      ; 0.538      ;
; 0.412 ; RemoteController:inst1|estado_atual.ESTADO_RECEBENDO ; RemoteController:inst1|dados_brutos[11]              ; inst|altpll_component|auto_generated|pll1|clk[0] ; inst|altpll_component|auto_generated|pll1|clk[0] ; 0.000        ; 0.042      ; 0.538      ;
; 0.412 ; RemoteController:inst1|estado_atual.ESTADO_RECEBENDO ; RemoteController:inst1|dados_brutos[3]               ; inst|altpll_component|auto_generated|pll1|clk[0] ; inst|altpll_component|auto_generated|pll1|clk[0] ; 0.000        ; 0.042      ; 0.538      ;
; 0.413 ; RemoteController:inst1|estado_atual.ESTADO_RECEBENDO ; RemoteController:inst1|dados_brutos[13]              ; inst|altpll_component|auto_generated|pll1|clk[0] ; inst|altpll_component|auto_generated|pll1|clk[0] ; 0.000        ; 0.042      ; 0.539      ;
; 0.415 ; RemoteController:inst1|estado_atual.ESTADO_RECEBENDO ; RemoteController:inst1|dados_brutos[14]              ; inst|altpll_component|auto_generated|pll1|clk[0] ; inst|altpll_component|auto_generated|pll1|clk[0] ; 0.000        ; 0.042      ; 0.541      ;
; 0.415 ; RemoteController:inst1|estado_atual.ESTADO_RECEBENDO ; RemoteController:inst1|contador_ready[1]             ; inst|altpll_component|auto_generated|pll1|clk[0] ; inst|altpll_component|auto_generated|pll1|clk[0] ; 0.000        ; 0.042      ; 0.541      ;
; 0.415 ; RemoteController:inst1|estado_atual.ESTADO_RECEBENDO ; RemoteController:inst1|contador_ready[0]             ; inst|altpll_component|auto_generated|pll1|clk[0] ; inst|altpll_component|auto_generated|pll1|clk[0] ; 0.000        ; 0.042      ; 0.541      ;
; 0.416 ; RemoteController:inst1|estado_atual.ESTADO_RECEBENDO ; RemoteController:inst1|dados_brutos[4]               ; inst|altpll_component|auto_generated|pll1|clk[0] ; inst|altpll_component|auto_generated|pll1|clk[0] ; 0.000        ; 0.042      ; 0.542      ;
; 0.417 ; RemoteController:inst1|estado_atual.ESTADO_RECEBENDO ; RemoteController:inst1|dados_brutos[12]              ; inst|altpll_component|auto_generated|pll1|clk[0] ; inst|altpll_component|auto_generated|pll1|clk[0] ; 0.000        ; 0.042      ; 0.543      ;
; 0.423 ; RemoteController:inst1|rst_sync                      ; RemoteController:inst1|estado_atual.ESTADO_PRONTO    ; inst|altpll_component|auto_generated|pll1|clk[0] ; inst|altpll_component|auto_generated|pll1|clk[0] ; 0.000        ; 0.042      ; 0.549      ;
; 0.438 ; RemoteController:inst1|rst_sync                      ; RemoteController:inst1|dados_brutos[15]              ; inst|altpll_component|auto_generated|pll1|clk[0] ; inst|altpll_component|auto_generated|pll1|clk[0] ; 0.000        ; 0.042      ; 0.564      ;
; 0.438 ; RemoteController:inst1|estado_atual.ESTADO_ESPERA    ; RemoteController:inst1|estado_atual.ESTADO_RECEBENDO ; inst|altpll_component|auto_generated|pll1|clk[0] ; inst|altpll_component|auto_generated|pll1|clk[0] ; 0.000        ; 0.042      ; 0.564      ;
; 0.438 ; RemoteController:inst1|rst_sync                      ; RemoteController:inst1|dados_brutos[1]               ; inst|altpll_component|auto_generated|pll1|clk[0] ; inst|altpll_component|auto_generated|pll1|clk[0] ; 0.000        ; 0.042      ; 0.564      ;
; 0.440 ; RemoteController:inst1|contador_bits[1]              ; RemoteController:inst1|contador_bits[2]              ; inst|altpll_component|auto_generated|pll1|clk[0] ; inst|altpll_component|auto_generated|pll1|clk[0] ; 0.000        ; 0.043      ; 0.567      ;
; 0.441 ; RemoteController:inst1|contador_bits[3]              ; RemoteController:inst1|contador_bits[4]              ; inst|altpll_component|auto_generated|pll1|clk[0] ; inst|altpll_component|auto_generated|pll1|clk[0] ; 0.000        ; 0.043      ; 0.568      ;
; 0.442 ; RemoteController:inst1|rst_sync                      ; RemoteController:inst1|dados_brutos[6]               ; inst|altpll_component|auto_generated|pll1|clk[0] ; inst|altpll_component|auto_generated|pll1|clk[0] ; 0.000        ; 0.042      ; 0.568      ;
; 0.450 ; RemoteController:inst1|rst_sync                      ; RemoteController:inst1|dados_brutos[2]               ; inst|altpll_component|auto_generated|pll1|clk[0] ; inst|altpll_component|auto_generated|pll1|clk[0] ; 0.000        ; 0.042      ; 0.576      ;
; 0.451 ; RemoteController:inst1|contador_bits[0]              ; RemoteController:inst1|contador_bits[1]              ; inst|altpll_component|auto_generated|pll1|clk[0] ; inst|altpll_component|auto_generated|pll1|clk[0] ; 0.000        ; 0.043      ; 0.578      ;
; 0.452 ; RemoteController:inst1|contador_bits[2]              ; RemoteController:inst1|contador_bits[3]              ; inst|altpll_component|auto_generated|pll1|clk[0] ; inst|altpll_component|auto_generated|pll1|clk[0] ; 0.000        ; 0.043      ; 0.579      ;
; 0.453 ; RemoteController:inst1|rst_sync                      ; RemoteController:inst1|dados_brutos[5]               ; inst|altpll_component|auto_generated|pll1|clk[0] ; inst|altpll_component|auto_generated|pll1|clk[0] ; 0.000        ; 0.042      ; 0.579      ;
; 0.454 ; RemoteController:inst1|contador_bits[0]              ; RemoteController:inst1|contador_bits[2]              ; inst|altpll_component|auto_generated|pll1|clk[0] ; inst|altpll_component|auto_generated|pll1|clk[0] ; 0.000        ; 0.043      ; 0.581      ;
; 0.455 ; RemoteController:inst1|contador_bits[2]              ; RemoteController:inst1|contador_bits[4]              ; inst|altpll_component|auto_generated|pll1|clk[0] ; inst|altpll_component|auto_generated|pll1|clk[0] ; 0.000        ; 0.043      ; 0.582      ;
; 0.456 ; RemoteController:inst1|contador_bits[3]              ; RemoteController:inst1|estado_atual.ESTADO_ENDPOINT  ; inst|altpll_component|auto_generated|pll1|clk[0] ; inst|altpll_component|auto_generated|pll1|clk[0] ; 0.000        ; 0.042      ; 0.582      ;
; 0.459 ; RemoteController:inst1|contador_bits[4]              ; RemoteController:inst1|contador_bits[5]              ; inst|altpll_component|auto_generated|pll1|clk[0] ; inst|altpll_component|auto_generated|pll1|clk[0] ; 0.000        ; 0.043      ; 0.586      ;
; 0.503 ; RemoteController:inst1|contador_bits[1]              ; RemoteController:inst1|contador_bits[3]              ; inst|altpll_component|auto_generated|pll1|clk[0] ; inst|altpll_component|auto_generated|pll1|clk[0] ; 0.000        ; 0.043      ; 0.630      ;
; 0.504 ; RemoteController:inst1|contador_bits[3]              ; RemoteController:inst1|contador_bits[5]              ; inst|altpll_component|auto_generated|pll1|clk[0] ; inst|altpll_component|auto_generated|pll1|clk[0] ; 0.000        ; 0.043      ; 0.631      ;
; 0.506 ; RemoteController:inst1|contador_bits[1]              ; RemoteController:inst1|contador_bits[4]              ; inst|altpll_component|auto_generated|pll1|clk[0] ; inst|altpll_component|auto_generated|pll1|clk[0] ; 0.000        ; 0.043      ; 0.633      ;
; 0.517 ; RemoteController:inst1|contador_bits[0]              ; RemoteController:inst1|contador_bits[3]              ; inst|altpll_component|auto_generated|pll1|clk[0] ; inst|altpll_component|auto_generated|pll1|clk[0] ; 0.000        ; 0.043      ; 0.644      ;
; 0.518 ; RemoteController:inst1|contador_bits[2]              ; RemoteController:inst1|contador_bits[5]              ; inst|altpll_component|auto_generated|pll1|clk[0] ; inst|altpll_component|auto_generated|pll1|clk[0] ; 0.000        ; 0.043      ; 0.645      ;
; 0.520 ; RemoteController:inst1|contador_ready[1]             ; RemoteController:inst1|Ready~_Duplicate_1            ; inst|altpll_component|auto_generated|pll1|clk[0] ; inst|altpll_component|auto_generated|pll1|clk[0] ; 0.000        ; 0.042      ; 0.646      ;
; 0.520 ; RemoteController:inst1|estado_atual.ESTADO_ESPERA    ; RemoteController:inst1|estado_atual.ESTADO_PRONTO    ; inst|altpll_component|auto_generated|pll1|clk[0] ; inst|altpll_component|auto_generated|pll1|clk[0] ; 0.000        ; 0.042      ; 0.646      ;
; 0.520 ; RemoteController:inst1|contador_bits[0]              ; RemoteController:inst1|contador_bits[4]              ; inst|altpll_component|auto_generated|pll1|clk[0] ; inst|altpll_component|auto_generated|pll1|clk[0] ; 0.000        ; 0.043      ; 0.647      ;
; 0.524 ; RemoteController:inst1|estado_atual.ESTADO_ESPERA    ; RemoteController:inst1|contador_ready[1]             ; inst|altpll_component|auto_generated|pll1|clk[0] ; inst|altpll_component|auto_generated|pll1|clk[0] ; 0.000        ; 0.042      ; 0.650      ;
; 0.524 ; RemoteController:inst1|estado_atual.ESTADO_ESPERA    ; RemoteController:inst1|contador_ready[0]             ; inst|altpll_component|auto_generated|pll1|clk[0] ; inst|altpll_component|auto_generated|pll1|clk[0] ; 0.000        ; 0.042      ; 0.650      ;
; 0.533 ; RemoteController:inst1|rst_sync                      ; RemoteController:inst1|contador_bits[5]              ; inst|altpll_component|auto_generated|pll1|clk[0] ; inst|altpll_component|auto_generated|pll1|clk[0] ; 0.000        ; 0.043      ; 0.660      ;
; 0.533 ; RemoteController:inst1|estado_atual.ESTADO_RECEBENDO ; RemoteController:inst1|dados_brutos[6]               ; inst|altpll_component|auto_generated|pll1|clk[0] ; inst|altpll_component|auto_generated|pll1|clk[0] ; 0.000        ; 0.042      ; 0.659      ;
; 0.540 ; RemoteController:inst1|estado_atual.ESTADO_RECEBENDO ; RemoteController:inst1|dados_brutos[1]               ; inst|altpll_component|auto_generated|pll1|clk[0] ; inst|altpll_component|auto_generated|pll1|clk[0] ; 0.000        ; 0.042      ; 0.666      ;
; 0.541 ; RemoteController:inst1|estado_atual.ESTADO_RECEBENDO ; RemoteController:inst1|dados_brutos[15]              ; inst|altpll_component|auto_generated|pll1|clk[0] ; inst|altpll_component|auto_generated|pll1|clk[0] ; 0.000        ; 0.042      ; 0.667      ;
; 0.544 ; RemoteController:inst1|estado_atual.ESTADO_RECEBENDO ; RemoteController:inst1|dados_brutos[5]               ; inst|altpll_component|auto_generated|pll1|clk[0] ; inst|altpll_component|auto_generated|pll1|clk[0] ; 0.000        ; 0.042      ; 0.670      ;
; 0.548 ; RemoteController:inst1|estado_atual.ESTADO_RECEBENDO ; RemoteController:inst1|dados_brutos[2]               ; inst|altpll_component|auto_generated|pll1|clk[0] ; inst|altpll_component|auto_generated|pll1|clk[0] ; 0.000        ; 0.042      ; 0.674      ;
; 0.555 ; RemoteController:inst1|estado_atual.ESTADO_ENDPOINT  ; RemoteController:inst1|estado_atual.ESTADO_RECEBENDO ; inst|altpll_component|auto_generated|pll1|clk[0] ; inst|altpll_component|auto_generated|pll1|clk[0] ; 0.000        ; 0.042      ; 0.681      ;
; 0.557 ; RemoteController:inst1|rst_sync                      ; RemoteController:inst1|dados_brutos[8]               ; inst|altpll_component|auto_generated|pll1|clk[0] ; inst|altpll_component|auto_generated|pll1|clk[0] ; 0.000        ; 0.042      ; 0.683      ;
; 0.559 ; RemoteController:inst1|rst_sync                      ; RemoteController:inst1|dados_brutos[9]               ; inst|altpll_component|auto_generated|pll1|clk[0] ; inst|altpll_component|auto_generated|pll1|clk[0] ; 0.000        ; 0.042      ; 0.685      ;
; 0.567 ; RemoteController:inst1|rst_sync                      ; RemoteController:inst1|dados_brutos[0]               ; inst|altpll_component|auto_generated|pll1|clk[0] ; inst|altpll_component|auto_generated|pll1|clk[0] ; 0.000        ; 0.042      ; 0.693      ;
; 0.568 ; RemoteController:inst1|rst_sync                      ; RemoteController:inst1|dados_brutos[12]              ; inst|altpll_component|auto_generated|pll1|clk[0] ; inst|altpll_component|auto_generated|pll1|clk[0] ; 0.000        ; 0.042      ; 0.694      ;
; 0.568 ; RemoteController:inst1|rst_sync                      ; RemoteController:inst1|dados_brutos[7]               ; inst|altpll_component|auto_generated|pll1|clk[0] ; inst|altpll_component|auto_generated|pll1|clk[0] ; 0.000        ; 0.042      ; 0.694      ;
; 0.569 ; RemoteController:inst1|contador_bits[1]              ; RemoteController:inst1|contador_bits[5]              ; inst|altpll_component|auto_generated|pll1|clk[0] ; inst|altpll_component|auto_generated|pll1|clk[0] ; 0.000        ; 0.043      ; 0.696      ;
; 0.572 ; RemoteController:inst1|rst_sync                      ; RemoteController:inst1|dados_brutos[13]              ; inst|altpll_component|auto_generated|pll1|clk[0] ; inst|altpll_component|auto_generated|pll1|clk[0] ; 0.000        ; 0.042      ; 0.698      ;
; 0.573 ; RemoteController:inst1|rst_sync                      ; RemoteController:inst1|dados_brutos[11]              ; inst|altpll_component|auto_generated|pll1|clk[0] ; inst|altpll_component|auto_generated|pll1|clk[0] ; 0.000        ; 0.042      ; 0.699      ;
; 0.580 ; RemoteController:inst1|rst_sync                      ; RemoteController:inst1|dados_brutos[4]               ; inst|altpll_component|auto_generated|pll1|clk[0] ; inst|altpll_component|auto_generated|pll1|clk[0] ; 0.000        ; 0.042      ; 0.706      ;
; 0.581 ; RemoteController:inst1|rst_sync                      ; RemoteController:inst1|dados_brutos[14]              ; inst|altpll_component|auto_generated|pll1|clk[0] ; inst|altpll_component|auto_generated|pll1|clk[0] ; 0.000        ; 0.042      ; 0.707      ;
; 0.583 ; RemoteController:inst1|rst_sync                      ; RemoteController:inst1|dados_brutos[3]               ; inst|altpll_component|auto_generated|pll1|clk[0] ; inst|altpll_component|auto_generated|pll1|clk[0] ; 0.000        ; 0.042      ; 0.709      ;
; 0.583 ; RemoteController:inst1|contador_bits[0]              ; RemoteController:inst1|contador_bits[5]              ; inst|altpll_component|auto_generated|pll1|clk[0] ; inst|altpll_component|auto_generated|pll1|clk[0] ; 0.000        ; 0.043      ; 0.710      ;
; 0.585 ; RemoteController:inst1|rst_sync                      ; RemoteController:inst1|dados_brutos[10]              ; inst|altpll_component|auto_generated|pll1|clk[0] ; inst|altpll_component|auto_generated|pll1|clk[0] ; 0.000        ; 0.042      ; 0.711      ;
; 0.585 ; RemoteController:inst1|contador_bits[5]              ; RemoteController:inst1|estado_atual.ESTADO_ENDPOINT  ; inst|altpll_component|auto_generated|pll1|clk[0] ; inst|altpll_component|auto_generated|pll1|clk[0] ; 0.000        ; 0.042      ; 0.711      ;
+-------+------------------------------------------------------+------------------------------------------------------+--------------------------------------------------+--------------------------------------------------+--------------+------------+------------+


----------------------------------------------
; Fast 1200mV 0C Model Metastability Summary ;
----------------------------------------------
No synchronizer chains to report.


+------------------------------------------------------------------------------------------------------------------+
; Multicorner Timing Analysis Summary                                                                              ;
+---------------------------------------------------+-----------+-------+----------+---------+---------------------+
; Clock                                             ; Setup     ; Hold  ; Recovery ; Removal ; Minimum Pulse Width ;
+---------------------------------------------------+-----------+-------+----------+---------+---------------------+
; Worst-case Slack                                  ; 25989.521 ; 0.181 ; N/A      ; N/A     ; 9.574               ;
;  CLOCK_50                                         ; N/A       ; N/A   ; N/A      ; N/A     ; 9.574               ;
;  inst|altpll_component|auto_generated|pll1|clk[0] ; 25989.521 ; 0.181 ; N/A      ; N/A     ; 12999.898           ;
; Design-wide TNS                                   ; 0.0       ; 0.0   ; 0.0      ; 0.0     ; 0.0                 ;
;  CLOCK_50                                         ; N/A       ; N/A   ; N/A      ; N/A     ; 0.000               ;
;  inst|altpll_component|auto_generated|pll1|clk[0] ; 0.000     ; 0.000 ; N/A      ; N/A     ; 0.000               ;
+---------------------------------------------------+-----------+-------+----------+---------+---------------------+


+------------------------------------------------------------------------------------------------------------------------------------------------------------------------------------------------------------------------------------------------------------------------------------------------------------------------------------------------------------------------------------------------------------------+
; Board Trace Model Assignments                                                                                                                                                                                                                                                                                                                                                                                    ;
+---------------+--------------+-------------------+-------------------------+-------------------------+---------------+---------------------+----------------+------------------+--------+------------------+------------------------+------------------------+--------------+---------------+-----------------+-------+---------------------+--------------------+---------------+-----------------+-------------+
; Pin           ; I/O Standard ; Near Tline Length ; Near Tline L per Length ; Near Tline C per Length ; Near Series R ; Near Differential R ; Near Pull-up R ; Near Pull-down R ; Near C ; Far Tline Length ; Far Tline L per Length ; Far Tline C per Length ; Far Series R ; Far Pull-up R ; Far Pull-down R ; Far C ; Termination Voltage ; Far Differential R ; EBD File Name ; EBD Signal Name ; EBD Far-end ;
+---------------+--------------+-------------------+-------------------------+-------------------------+---------------+---------------------+----------------+------------------+--------+------------------+------------------------+------------------------+--------------+---------------+-----------------+-------+---------------------+--------------------+---------------+-----------------+-------------+
; LEDG[1]       ; 2.5 V        ; 0 in              ; 0 H/in                  ; 0 F/in                  ; short         ; -                   ; open           ; open             ; open   ; 0 in             ; 0 H/in                 ; 0 F/in                 ; short        ; open          ; open            ; open  ; 0 V                 ; -                  ; n/a           ; n/a             ; n/a         ;
; LEDR[7]       ; 2.5 V        ; 0 in              ; 0 H/in                  ; 0 F/in                  ; short         ; -                   ; open           ; open             ; open   ; 0 in             ; 0 H/in                 ; 0 F/in                 ; short        ; open          ; open            ; open  ; 0 V                 ; -                  ; n/a           ; n/a             ; n/a         ;
; LEDR[6]       ; 2.5 V        ; 0 in              ; 0 H/in                  ; 0 F/in                  ; short         ; -                   ; open           ; open             ; open   ; 0 in             ; 0 H/in                 ; 0 F/in                 ; short        ; open          ; open            ; open  ; 0 V                 ; -                  ; n/a           ; n/a             ; n/a         ;
; LEDR[5]       ; 2.5 V        ; 0 in              ; 0 H/in                  ; 0 F/in                  ; short         ; -                   ; open           ; open             ; open   ; 0 in             ; 0 H/in                 ; 0 F/in                 ; short        ; open          ; open            ; open  ; 0 V                 ; -                  ; n/a           ; n/a             ; n/a         ;
; LEDR[4]       ; 2.5 V        ; 0 in              ; 0 H/in                  ; 0 F/in                  ; short         ; -                   ; open           ; open             ; open   ; 0 in             ; 0 H/in                 ; 0 F/in                 ; short        ; open          ; open            ; open  ; 0 V                 ; -                  ; n/a           ; n/a             ; n/a         ;
; LEDR[3]       ; 2.5 V        ; 0 in              ; 0 H/in                  ; 0 F/in                  ; short         ; -                   ; open           ; open             ; open   ; 0 in             ; 0 H/in                 ; 0 F/in                 ; short        ; open          ; open            ; open  ; 0 V                 ; -                  ; n/a           ; n/a             ; n/a         ;
; LEDR[2]       ; 2.5 V        ; 0 in              ; 0 H/in                  ; 0 F/in                  ; short         ; -                   ; open           ; open             ; open   ; 0 in             ; 0 H/in                 ; 0 F/in                 ; short        ; open          ; open            ; open  ; 0 V                 ; -                  ; n/a           ; n/a             ; n/a         ;
; LEDR[1]       ; 2.5 V        ; 0 in              ; 0 H/in                  ; 0 F/in                  ; short         ; -                   ; open           ; open             ; open   ; 0 in             ; 0 H/in                 ; 0 F/in                 ; short        ; open          ; open            ; open  ; 0 V                 ; -                  ; n/a           ; n/a             ; n/a         ;
; LEDR[0]       ; 2.5 V        ; 0 in              ; 0 H/in                  ; 0 F/in                  ; short         ; -                   ; open           ; open             ; open   ; 0 in             ; 0 H/in                 ; 0 F/in                 ; short        ; open          ; open            ; open  ; 0 V                 ; -                  ; n/a           ; n/a             ; n/a         ;
; ~ALTERA_DCLK~ ; 2.5 V        ; 0 in              ; 0 H/in                  ; 0 F/in                  ; short         ; -                   ; open           ; open             ; open   ; 0 in             ; 0 H/in                 ; 0 F/in                 ; short        ; open          ; open            ; open  ; 0 V                 ; -                  ; n/a           ; n/a             ; n/a         ;
; ~ALTERA_nCEO~ ; 2.5 V        ; 0 in              ; 0 H/in                  ; 0 F/in                  ; short         ; -                   ; open           ; open             ; open   ; 0 in             ; 0 H/in                 ; 0 F/in                 ; short        ; open          ; open            ; open  ; 0 V                 ; -                  ; n/a           ; n/a             ; n/a         ;
+---------------+--------------+-------------------+-------------------------+-------------------------+---------------+---------------------+----------------+------------------+--------+------------------+------------------------+------------------------+--------------+---------------+-----------------+-------+---------------------+--------------------+---------------+-----------------+-------------+


+----------------------------------------------------------------------------+
; Input Transition Times                                                     ;
+-------------------------+--------------+-----------------+-----------------+
; Pin                     ; I/O Standard ; 10-90 Rise Time ; 90-10 Fall Time ;
+-------------------------+--------------+-----------------+-----------------+
; CLOCK_50                ; 2.5 V        ; 2000 ps         ; 2000 ps         ;
; KEY[0]                  ; 2.5 V        ; 2000 ps         ; 2000 ps         ;
; IRDA_RXD                ; 2.5 V        ; 2000 ps         ; 2000 ps         ;
; ~ALTERA_ASDO_DATA1~     ; 2.5 V        ; 2000 ps         ; 2000 ps         ;
; ~ALTERA_FLASH_nCE_nCSO~ ; 2.5 V        ; 2000 ps         ; 2000 ps         ;
; ~ALTERA_DATA0~          ; 2.5 V        ; 2000 ps         ; 2000 ps         ;
+-------------------------+--------------+-----------------+-----------------+


+--------------------------------------------------------------------------------------------------------------------------------------------------------------------------------------------------------------------------------------------------------------------------------------------------------------------------------------------------------------------------------------------------------------------------------------------------------------------------------------------------------------------------------------------------------------------------------------------------------------------------------------------------------------------------------------------+
; Signal Integrity Metrics (Slow 1200mv 0c Model)                                                                                                                                                                                                                                                                                                                                                                                                                                                                                                                                                                                                                                            ;
+---------------+--------------+---------------------+---------------------+------------------------------+------------------------------+---------------------+---------------------+--------------------------------------+--------------------------------------+-----------------------------+-----------------------------+----------------------------+----------------------------+-----------------------------+-----------------------------+--------------------+--------------------+-------------------------------------+-------------------------------------+----------------------------+----------------------------+---------------------------+---------------------------+
; Pin           ; I/O Standard ; Board Delay on Rise ; Board Delay on Fall ; Steady State Voh at FPGA Pin ; Steady State Vol at FPGA Pin ; Voh Max at FPGA Pin ; Vol Min at FPGA Pin ; Ringback Voltage on Rise at FPGA Pin ; Ringback Voltage on Fall at FPGA Pin ; 10-90 Rise Time at FPGA Pin ; 90-10 Fall Time at FPGA Pin ; Monotonic Rise at FPGA Pin ; Monotonic Fall at FPGA Pin ; Steady State Voh at Far-end ; Steady State Vol at Far-end ; Voh Max at Far-end ; Vol Min at Far-end ; Ringback Voltage on Rise at Far-end ; Ringback Voltage on Fall at Far-end ; 10-90 Rise Time at Far-end ; 90-10 Fall Time at Far-end ; Monotonic Rise at Far-end ; Monotonic Fall at Far-end ;
+---------------+--------------+---------------------+---------------------+------------------------------+------------------------------+---------------------+---------------------+--------------------------------------+--------------------------------------+-----------------------------+-----------------------------+----------------------------+----------------------------+-----------------------------+-----------------------------+--------------------+--------------------+-------------------------------------+-------------------------------------+----------------------------+----------------------------+---------------------------+---------------------------+
; LEDG[1]       ; 2.5 V        ; 0 s                 ; 0 s                 ; 2.32 V                       ; 4.49e-09 V                   ; 2.38 V              ; -0.00552 V          ; 0.096 V                              ; 0.019 V                              ; 4.18e-10 s                  ; 3.59e-10 s                  ; No                         ; Yes                        ; 2.32 V                      ; 4.49e-09 V                  ; 2.38 V             ; -0.00552 V         ; 0.096 V                             ; 0.019 V                             ; 4.18e-10 s                 ; 3.59e-10 s                 ; No                        ; Yes                       ;
; LEDR[7]       ; 2.5 V        ; 0 s                 ; 0 s                 ; 2.32 V                       ; 4.49e-09 V                   ; 2.38 V              ; -0.00552 V          ; 0.096 V                              ; 0.019 V                              ; 4.18e-10 s                  ; 3.59e-10 s                  ; No                         ; Yes                        ; 2.32 V                      ; 4.49e-09 V                  ; 2.38 V             ; -0.00552 V         ; 0.096 V                             ; 0.019 V                             ; 4.18e-10 s                 ; 3.59e-10 s                 ; No                        ; Yes                       ;
; LEDR[6]       ; 2.5 V        ; 0 s                 ; 0 s                 ; 2.32 V                       ; 4.49e-09 V                   ; 2.38 V              ; -0.00552 V          ; 0.096 V                              ; 0.019 V                              ; 4.18e-10 s                  ; 3.59e-10 s                  ; No                         ; Yes                        ; 2.32 V                      ; 4.49e-09 V                  ; 2.38 V             ; -0.00552 V         ; 0.096 V                             ; 0.019 V                             ; 4.18e-10 s                 ; 3.59e-10 s                 ; No                        ; Yes                       ;
; LEDR[5]       ; 2.5 V        ; 0 s                 ; 0 s                 ; 2.32 V                       ; 4.49e-09 V                   ; 2.38 V              ; -0.00552 V          ; 0.096 V                              ; 0.019 V                              ; 4.18e-10 s                  ; 3.59e-10 s                  ; No                         ; Yes                        ; 2.32 V                      ; 4.49e-09 V                  ; 2.38 V             ; -0.00552 V         ; 0.096 V                             ; 0.019 V                             ; 4.18e-10 s                 ; 3.59e-10 s                 ; No                        ; Yes                       ;
; LEDR[4]       ; 2.5 V        ; 0 s                 ; 0 s                 ; 2.32 V                       ; 4.49e-09 V                   ; 2.38 V              ; -0.00552 V          ; 0.096 V                              ; 0.019 V                              ; 4.18e-10 s                  ; 3.59e-10 s                  ; No                         ; Yes                        ; 2.32 V                      ; 4.49e-09 V                  ; 2.38 V             ; -0.00552 V         ; 0.096 V                             ; 0.019 V                             ; 4.18e-10 s                 ; 3.59e-10 s                 ; No                        ; Yes                       ;
; LEDR[3]       ; 2.5 V        ; 0 s                 ; 0 s                 ; 2.32 V                       ; 4.49e-09 V                   ; 2.38 V              ; -0.00552 V          ; 0.096 V                              ; 0.019 V                              ; 4.18e-10 s                  ; 3.59e-10 s                  ; No                         ; Yes                        ; 2.32 V                      ; 4.49e-09 V                  ; 2.38 V             ; -0.00552 V         ; 0.096 V                             ; 0.019 V                             ; 4.18e-10 s                 ; 3.59e-10 s                 ; No                        ; Yes                       ;
; LEDR[2]       ; 2.5 V        ; 0 s                 ; 0 s                 ; 2.32 V                       ; 4.49e-09 V                   ; 2.38 V              ; -0.00552 V          ; 0.096 V                              ; 0.019 V                              ; 4.18e-10 s                  ; 3.59e-10 s                  ; No                         ; Yes                        ; 2.32 V                      ; 4.49e-09 V                  ; 2.38 V             ; -0.00552 V         ; 0.096 V                             ; 0.019 V                             ; 4.18e-10 s                 ; 3.59e-10 s                 ; No                        ; Yes                       ;
; LEDR[1]       ; 2.5 V        ; 0 s                 ; 0 s                 ; 2.32 V                       ; 4.49e-09 V                   ; 2.38 V              ; -0.00552 V          ; 0.096 V                              ; 0.019 V                              ; 4.18e-10 s                  ; 3.59e-10 s                  ; No                         ; Yes                        ; 2.32 V                      ; 4.49e-09 V                  ; 2.38 V             ; -0.00552 V         ; 0.096 V                             ; 0.019 V                             ; 4.18e-10 s                 ; 3.59e-10 s                 ; No                        ; Yes                       ;
; LEDR[0]       ; 2.5 V        ; 0 s                 ; 0 s                 ; 2.32 V                       ; 4.49e-09 V                   ; 2.38 V              ; -0.00552 V          ; 0.096 V                              ; 0.019 V                              ; 4.18e-10 s                  ; 3.59e-10 s                  ; No                         ; Yes                        ; 2.32 V                      ; 4.49e-09 V                  ; 2.38 V             ; -0.00552 V         ; 0.096 V                             ; 0.019 V                             ; 4.18e-10 s                 ; 3.59e-10 s                 ; No                        ; Yes                       ;
; ~ALTERA_DCLK~ ; 2.5 V        ; 0 s                 ; 0 s                 ; 2.32 V                       ; 2.67e-09 V                   ; 2.38 V              ; -0.0485 V           ; 0.167 V                              ; 0.096 V                              ; 2.95e-10 s                  ; 2.73e-10 s                  ; Yes                        ; Yes                        ; 2.32 V                      ; 2.67e-09 V                  ; 2.38 V             ; -0.0485 V          ; 0.167 V                             ; 0.096 V                             ; 2.95e-10 s                 ; 2.73e-10 s                 ; Yes                       ; Yes                       ;
; ~ALTERA_nCEO~ ; 2.5 V        ; 0 s                 ; 0 s                 ; 2.32 V                       ; 4.18e-09 V                   ; 2.38 V              ; -0.00483 V          ; 0.152 V                              ; 0.012 V                              ; 4.81e-10 s                  ; 6.29e-10 s                  ; Yes                        ; Yes                        ; 2.32 V                      ; 4.18e-09 V                  ; 2.38 V             ; -0.00483 V         ; 0.152 V                             ; 0.012 V                             ; 4.81e-10 s                 ; 6.29e-10 s                 ; Yes                       ; Yes                       ;
+---------------+--------------+---------------------+---------------------+------------------------------+------------------------------+---------------------+---------------------+--------------------------------------+--------------------------------------+-----------------------------+-----------------------------+----------------------------+----------------------------+-----------------------------+-----------------------------+--------------------+--------------------+-------------------------------------+-------------------------------------+----------------------------+----------------------------+---------------------------+---------------------------+


+--------------------------------------------------------------------------------------------------------------------------------------------------------------------------------------------------------------------------------------------------------------------------------------------------------------------------------------------------------------------------------------------------------------------------------------------------------------------------------------------------------------------------------------------------------------------------------------------------------------------------------------------------------------------------------------------+
; Signal Integrity Metrics (Slow 1200mv 85c Model)                                                                                                                                                                                                                                                                                                                                                                                                                                                                                                                                                                                                                                           ;
+---------------+--------------+---------------------+---------------------+------------------------------+------------------------------+---------------------+---------------------+--------------------------------------+--------------------------------------+-----------------------------+-----------------------------+----------------------------+----------------------------+-----------------------------+-----------------------------+--------------------+--------------------+-------------------------------------+-------------------------------------+----------------------------+----------------------------+---------------------------+---------------------------+
; Pin           ; I/O Standard ; Board Delay on Rise ; Board Delay on Fall ; Steady State Voh at FPGA Pin ; Steady State Vol at FPGA Pin ; Voh Max at FPGA Pin ; Vol Min at FPGA Pin ; Ringback Voltage on Rise at FPGA Pin ; Ringback Voltage on Fall at FPGA Pin ; 10-90 Rise Time at FPGA Pin ; 90-10 Fall Time at FPGA Pin ; Monotonic Rise at FPGA Pin ; Monotonic Fall at FPGA Pin ; Steady State Voh at Far-end ; Steady State Vol at Far-end ; Voh Max at Far-end ; Vol Min at Far-end ; Ringback Voltage on Rise at Far-end ; Ringback Voltage on Fall at Far-end ; 10-90 Rise Time at Far-end ; 90-10 Fall Time at Far-end ; Monotonic Rise at Far-end ; Monotonic Fall at Far-end ;
+---------------+--------------+---------------------+---------------------+------------------------------+------------------------------+---------------------+---------------------+--------------------------------------+--------------------------------------+-----------------------------+-----------------------------+----------------------------+----------------------------+-----------------------------+-----------------------------+--------------------+--------------------+-------------------------------------+-------------------------------------+----------------------------+----------------------------+---------------------------+---------------------------+
; LEDG[1]       ; 2.5 V        ; 0 s                 ; 0 s                 ; 2.32 V                       ; 6.92e-07 V                   ; 2.35 V              ; -0.00996 V          ; 0.121 V                              ; 0.03 V                               ; 4.64e-10 s                  ; 4.47e-10 s                  ; Yes                        ; Yes                        ; 2.32 V                      ; 6.92e-07 V                  ; 2.35 V             ; -0.00996 V         ; 0.121 V                             ; 0.03 V                              ; 4.64e-10 s                 ; 4.47e-10 s                 ; Yes                       ; Yes                       ;
; LEDR[7]       ; 2.5 V        ; 0 s                 ; 0 s                 ; 2.32 V                       ; 6.92e-07 V                   ; 2.35 V              ; -0.00996 V          ; 0.121 V                              ; 0.03 V                               ; 4.64e-10 s                  ; 4.47e-10 s                  ; Yes                        ; Yes                        ; 2.32 V                      ; 6.92e-07 V                  ; 2.35 V             ; -0.00996 V         ; 0.121 V                             ; 0.03 V                              ; 4.64e-10 s                 ; 4.47e-10 s                 ; Yes                       ; Yes                       ;
; LEDR[6]       ; 2.5 V        ; 0 s                 ; 0 s                 ; 2.32 V                       ; 6.92e-07 V                   ; 2.35 V              ; -0.00996 V          ; 0.121 V                              ; 0.03 V                               ; 4.64e-10 s                  ; 4.47e-10 s                  ; Yes                        ; Yes                        ; 2.32 V                      ; 6.92e-07 V                  ; 2.35 V             ; -0.00996 V         ; 0.121 V                             ; 0.03 V                              ; 4.64e-10 s                 ; 4.47e-10 s                 ; Yes                       ; Yes                       ;
; LEDR[5]       ; 2.5 V        ; 0 s                 ; 0 s                 ; 2.32 V                       ; 6.92e-07 V                   ; 2.35 V              ; -0.00996 V          ; 0.121 V                              ; 0.03 V                               ; 4.64e-10 s                  ; 4.47e-10 s                  ; Yes                        ; Yes                        ; 2.32 V                      ; 6.92e-07 V                  ; 2.35 V             ; -0.00996 V         ; 0.121 V                             ; 0.03 V                              ; 4.64e-10 s                 ; 4.47e-10 s                 ; Yes                       ; Yes                       ;
; LEDR[4]       ; 2.5 V        ; 0 s                 ; 0 s                 ; 2.32 V                       ; 6.92e-07 V                   ; 2.35 V              ; -0.00996 V          ; 0.121 V                              ; 0.03 V                               ; 4.64e-10 s                  ; 4.47e-10 s                  ; Yes                        ; Yes                        ; 2.32 V                      ; 6.92e-07 V                  ; 2.35 V             ; -0.00996 V         ; 0.121 V                             ; 0.03 V                              ; 4.64e-10 s                 ; 4.47e-10 s                 ; Yes                       ; Yes                       ;
; LEDR[3]       ; 2.5 V        ; 0 s                 ; 0 s                 ; 2.32 V                       ; 6.92e-07 V                   ; 2.35 V              ; -0.00996 V          ; 0.121 V                              ; 0.03 V                               ; 4.64e-10 s                  ; 4.47e-10 s                  ; Yes                        ; Yes                        ; 2.32 V                      ; 6.92e-07 V                  ; 2.35 V             ; -0.00996 V         ; 0.121 V                             ; 0.03 V                              ; 4.64e-10 s                 ; 4.47e-10 s                 ; Yes                       ; Yes                       ;
; LEDR[2]       ; 2.5 V        ; 0 s                 ; 0 s                 ; 2.32 V                       ; 6.92e-07 V                   ; 2.35 V              ; -0.00996 V          ; 0.121 V                              ; 0.03 V                               ; 4.64e-10 s                  ; 4.47e-10 s                  ; Yes                        ; Yes                        ; 2.32 V                      ; 6.92e-07 V                  ; 2.35 V             ; -0.00996 V         ; 0.121 V                             ; 0.03 V                              ; 4.64e-10 s                 ; 4.47e-10 s                 ; Yes                       ; Yes                       ;
; LEDR[1]       ; 2.5 V        ; 0 s                 ; 0 s                 ; 2.32 V                       ; 6.92e-07 V                   ; 2.35 V              ; -0.00996 V          ; 0.121 V                              ; 0.03 V                               ; 4.64e-10 s                  ; 4.47e-10 s                  ; Yes                        ; Yes                        ; 2.32 V                      ; 6.92e-07 V                  ; 2.35 V             ; -0.00996 V         ; 0.121 V                             ; 0.03 V                              ; 4.64e-10 s                 ; 4.47e-10 s                 ; Yes                       ; Yes                       ;
; LEDR[0]       ; 2.5 V        ; 0 s                 ; 0 s                 ; 2.32 V                       ; 6.92e-07 V                   ; 2.35 V              ; -0.00996 V          ; 0.121 V                              ; 0.03 V                               ; 4.64e-10 s                  ; 4.47e-10 s                  ; Yes                        ; Yes                        ; 2.32 V                      ; 6.92e-07 V                  ; 2.35 V             ; -0.00996 V         ; 0.121 V                             ; 0.03 V                              ; 4.64e-10 s                 ; 4.47e-10 s                 ; Yes                       ; Yes                       ;
; ~ALTERA_DCLK~ ; 2.5 V        ; 0 s                 ; 0 s                 ; 2.32 V                       ; 3.75e-07 V                   ; 2.35 V              ; -0.0109 V           ; 0.084 V                              ; 0.027 V                              ; 4.31e-10 s                  ; 3.61e-10 s                  ; Yes                        ; Yes                        ; 2.32 V                      ; 3.75e-07 V                  ; 2.35 V             ; -0.0109 V          ; 0.084 V                             ; 0.027 V                             ; 4.31e-10 s                 ; 3.61e-10 s                 ; Yes                       ; Yes                       ;
; ~ALTERA_nCEO~ ; 2.5 V        ; 0 s                 ; 0 s                 ; 2.32 V                       ; 6.15e-07 V                   ; 2.35 V              ; -0.00712 V          ; 0.093 V                              ; 0.02 V                               ; 6.21e-10 s                  ; 7.9e-10 s                   ; Yes                        ; Yes                        ; 2.32 V                      ; 6.15e-07 V                  ; 2.35 V             ; -0.00712 V         ; 0.093 V                             ; 0.02 V                              ; 6.21e-10 s                 ; 7.9e-10 s                  ; Yes                       ; Yes                       ;
+---------------+--------------+---------------------+---------------------+------------------------------+------------------------------+---------------------+---------------------+--------------------------------------+--------------------------------------+-----------------------------+-----------------------------+----------------------------+----------------------------+-----------------------------+-----------------------------+--------------------+--------------------+-------------------------------------+-------------------------------------+----------------------------+----------------------------+---------------------------+---------------------------+


+--------------------------------------------------------------------------------------------------------------------------------------------------------------------------------------------------------------------------------------------------------------------------------------------------------------------------------------------------------------------------------------------------------------------------------------------------------------------------------------------------------------------------------------------------------------------------------------------------------------------------------------------------------------------------------------------+
; Signal Integrity Metrics (Fast 1200mv 0c Model)                                                                                                                                                                                                                                                                                                                                                                                                                                                                                                                                                                                                                                            ;
+---------------+--------------+---------------------+---------------------+------------------------------+------------------------------+---------------------+---------------------+--------------------------------------+--------------------------------------+-----------------------------+-----------------------------+----------------------------+----------------------------+-----------------------------+-----------------------------+--------------------+--------------------+-------------------------------------+-------------------------------------+----------------------------+----------------------------+---------------------------+---------------------------+
; Pin           ; I/O Standard ; Board Delay on Rise ; Board Delay on Fall ; Steady State Voh at FPGA Pin ; Steady State Vol at FPGA Pin ; Voh Max at FPGA Pin ; Vol Min at FPGA Pin ; Ringback Voltage on Rise at FPGA Pin ; Ringback Voltage on Fall at FPGA Pin ; 10-90 Rise Time at FPGA Pin ; 90-10 Fall Time at FPGA Pin ; Monotonic Rise at FPGA Pin ; Monotonic Fall at FPGA Pin ; Steady State Voh at Far-end ; Steady State Vol at Far-end ; Voh Max at Far-end ; Vol Min at Far-end ; Ringback Voltage on Rise at Far-end ; Ringback Voltage on Fall at Far-end ; 10-90 Rise Time at Far-end ; 90-10 Fall Time at Far-end ; Monotonic Rise at Far-end ; Monotonic Fall at Far-end ;
+---------------+--------------+---------------------+---------------------+------------------------------+------------------------------+---------------------+---------------------+--------------------------------------+--------------------------------------+-----------------------------+-----------------------------+----------------------------+----------------------------+-----------------------------+-----------------------------+--------------------+--------------------+-------------------------------------+-------------------------------------+----------------------------+----------------------------+---------------------------+---------------------------+
; LEDG[1]       ; 2.5 V        ; 0 s                 ; 0 s                 ; 2.62 V                       ; 4.05e-08 V                   ; 2.72 V              ; -0.0349 V           ; 0.173 V                              ; 0.1 V                                ; 2.72e-10 s                  ; 2.69e-10 s                  ; Yes                        ; Yes                        ; 2.62 V                      ; 4.05e-08 V                  ; 2.72 V             ; -0.0349 V          ; 0.173 V                             ; 0.1 V                               ; 2.72e-10 s                 ; 2.69e-10 s                 ; Yes                       ; Yes                       ;
; LEDR[7]       ; 2.5 V        ; 0 s                 ; 0 s                 ; 2.62 V                       ; 4.05e-08 V                   ; 2.72 V              ; -0.0349 V           ; 0.173 V                              ; 0.1 V                                ; 2.72e-10 s                  ; 2.69e-10 s                  ; Yes                        ; Yes                        ; 2.62 V                      ; 4.05e-08 V                  ; 2.72 V             ; -0.0349 V          ; 0.173 V                             ; 0.1 V                               ; 2.72e-10 s                 ; 2.69e-10 s                 ; Yes                       ; Yes                       ;
; LEDR[6]       ; 2.5 V        ; 0 s                 ; 0 s                 ; 2.62 V                       ; 4.05e-08 V                   ; 2.72 V              ; -0.0349 V           ; 0.173 V                              ; 0.1 V                                ; 2.72e-10 s                  ; 2.69e-10 s                  ; Yes                        ; Yes                        ; 2.62 V                      ; 4.05e-08 V                  ; 2.72 V             ; -0.0349 V          ; 0.173 V                             ; 0.1 V                               ; 2.72e-10 s                 ; 2.69e-10 s                 ; Yes                       ; Yes                       ;
; LEDR[5]       ; 2.5 V        ; 0 s                 ; 0 s                 ; 2.62 V                       ; 4.05e-08 V                   ; 2.72 V              ; -0.0349 V           ; 0.173 V                              ; 0.1 V                                ; 2.72e-10 s                  ; 2.69e-10 s                  ; Yes                        ; Yes                        ; 2.62 V                      ; 4.05e-08 V                  ; 2.72 V             ; -0.0349 V          ; 0.173 V                             ; 0.1 V                               ; 2.72e-10 s                 ; 2.69e-10 s                 ; Yes                       ; Yes                       ;
; LEDR[4]       ; 2.5 V        ; 0 s                 ; 0 s                 ; 2.62 V                       ; 4.05e-08 V                   ; 2.72 V              ; -0.0349 V           ; 0.173 V                              ; 0.1 V                                ; 2.72e-10 s                  ; 2.69e-10 s                  ; Yes                        ; Yes                        ; 2.62 V                      ; 4.05e-08 V                  ; 2.72 V             ; -0.0349 V          ; 0.173 V                             ; 0.1 V                               ; 2.72e-10 s                 ; 2.69e-10 s                 ; Yes                       ; Yes                       ;
; LEDR[3]       ; 2.5 V        ; 0 s                 ; 0 s                 ; 2.62 V                       ; 4.05e-08 V                   ; 2.72 V              ; -0.0349 V           ; 0.173 V                              ; 0.1 V                                ; 2.72e-10 s                  ; 2.69e-10 s                  ; Yes                        ; Yes                        ; 2.62 V                      ; 4.05e-08 V                  ; 2.72 V             ; -0.0349 V          ; 0.173 V                             ; 0.1 V                               ; 2.72e-10 s                 ; 2.69e-10 s                 ; Yes                       ; Yes                       ;
; LEDR[2]       ; 2.5 V        ; 0 s                 ; 0 s                 ; 2.62 V                       ; 4.05e-08 V                   ; 2.72 V              ; -0.0349 V           ; 0.173 V                              ; 0.1 V                                ; 2.72e-10 s                  ; 2.69e-10 s                  ; Yes                        ; Yes                        ; 2.62 V                      ; 4.05e-08 V                  ; 2.72 V             ; -0.0349 V          ; 0.173 V                             ; 0.1 V                               ; 2.72e-10 s                 ; 2.69e-10 s                 ; Yes                       ; Yes                       ;
; LEDR[1]       ; 2.5 V        ; 0 s                 ; 0 s                 ; 2.62 V                       ; 4.05e-08 V                   ; 2.72 V              ; -0.0349 V           ; 0.173 V                              ; 0.1 V                                ; 2.72e-10 s                  ; 2.69e-10 s                  ; Yes                        ; Yes                        ; 2.62 V                      ; 4.05e-08 V                  ; 2.72 V             ; -0.0349 V          ; 0.173 V                             ; 0.1 V                               ; 2.72e-10 s                 ; 2.69e-10 s                 ; Yes                       ; Yes                       ;
; LEDR[0]       ; 2.5 V        ; 0 s                 ; 0 s                 ; 2.62 V                       ; 4.05e-08 V                   ; 2.72 V              ; -0.0349 V           ; 0.173 V                              ; 0.1 V                                ; 2.72e-10 s                  ; 2.69e-10 s                  ; Yes                        ; Yes                        ; 2.62 V                      ; 4.05e-08 V                  ; 2.72 V             ; -0.0349 V          ; 0.173 V                             ; 0.1 V                               ; 2.72e-10 s                 ; 2.69e-10 s                 ; Yes                       ; Yes                       ;
; ~ALTERA_DCLK~ ; 2.5 V        ; 0 s                 ; 0 s                 ; 2.62 V                       ; 2.22e-08 V                   ; 2.74 V              ; -0.06 V             ; 0.158 V                              ; 0.08 V                               ; 2.68e-10 s                  ; 2.19e-10 s                  ; Yes                        ; Yes                        ; 2.62 V                      ; 2.22e-08 V                  ; 2.74 V             ; -0.06 V            ; 0.158 V                             ; 0.08 V                              ; 2.68e-10 s                 ; 2.19e-10 s                 ; Yes                       ; Yes                       ;
; ~ALTERA_nCEO~ ; 2.5 V        ; 0 s                 ; 0 s                 ; 2.62 V                       ; 3.54e-08 V                   ; 2.7 V               ; -0.00943 V          ; 0.276 V                              ; 0.035 V                              ; 3.19e-10 s                  ; 4.99e-10 s                  ; No                         ; Yes                        ; 2.62 V                      ; 3.54e-08 V                  ; 2.7 V              ; -0.00943 V         ; 0.276 V                             ; 0.035 V                             ; 3.19e-10 s                 ; 4.99e-10 s                 ; No                        ; Yes                       ;
+---------------+--------------+---------------------+---------------------+------------------------------+------------------------------+---------------------+---------------------+--------------------------------------+--------------------------------------+-----------------------------+-----------------------------+----------------------------+----------------------------+-----------------------------+-----------------------------+--------------------+--------------------+-------------------------------------+-------------------------------------+----------------------------+----------------------------+---------------------------+---------------------------+


+-------------------------------------------------------------------------------------------------------------------------------------------------+
; Setup Transfers                                                                                                                                 ;
+--------------------------------------------------+--------------------------------------------------+----------+----------+----------+----------+
; From Clock                                       ; To Clock                                         ; RR Paths ; FR Paths ; RF Paths ; FF Paths ;
+--------------------------------------------------+--------------------------------------------------+----------+----------+----------+----------+
; inst|altpll_component|auto_generated|pll1|clk[0] ; inst|altpll_component|auto_generated|pll1|clk[0] ; 490      ; 0        ; 0        ; 0        ;
+--------------------------------------------------+--------------------------------------------------+----------+----------+----------+----------+
Entries labeled "false path" only account for clock-to-clock false paths and not path-based false paths. As a result, actual path counts may be lower than reported.


+-------------------------------------------------------------------------------------------------------------------------------------------------+
; Hold Transfers                                                                                                                                  ;
+--------------------------------------------------+--------------------------------------------------+----------+----------+----------+----------+
; From Clock                                       ; To Clock                                         ; RR Paths ; FR Paths ; RF Paths ; FF Paths ;
+--------------------------------------------------+--------------------------------------------------+----------+----------+----------+----------+
; inst|altpll_component|auto_generated|pll1|clk[0] ; inst|altpll_component|auto_generated|pll1|clk[0] ; 490      ; 0        ; 0        ; 0        ;
+--------------------------------------------------+--------------------------------------------------+----------+----------+----------+----------+
Entries labeled "false path" only account for clock-to-clock false paths and not path-based false paths. As a result, actual path counts may be lower than reported.


---------------
; Report TCCS ;
---------------
No dedicated SERDES Transmitter circuitry present in device or used in design


---------------
; Report RSKM ;
---------------
No non-DPA dedicated SERDES Receiver circuitry present in device or used in design


+------------------------------------------------+
; Unconstrained Paths Summary                    ;
+---------------------------------+-------+------+
; Property                        ; Setup ; Hold ;
+---------------------------------+-------+------+
; Illegal Clocks                  ; 0     ; 0    ;
; Unconstrained Clocks            ; 0     ; 0    ;
; Unconstrained Input Ports       ; 0     ; 0    ;
; Unconstrained Input Port Paths  ; 0     ; 0    ;
; Unconstrained Output Ports      ; 0     ; 0    ;
; Unconstrained Output Port Paths ; 0     ; 0    ;
+---------------------------------+-------+------+


+-------------------------------------------------------------------------------------------------------------------------------+
; Clock Status Summary                                                                                                          ;
+--------------------------------------------------+--------------------------------------------------+-----------+-------------+
; Target                                           ; Clock                                            ; Type      ; Status      ;
+--------------------------------------------------+--------------------------------------------------+-----------+-------------+
; CLOCK_50                                         ; CLOCK_50                                         ; Base      ; Constrained ;
; inst|altpll_component|auto_generated|pll1|clk[0] ; inst|altpll_component|auto_generated|pll1|clk[0] ; Generated ; Constrained ;
+--------------------------------------------------+--------------------------------------------------+-----------+-------------+


+--------------------------+
; Timing Analyzer Messages ;
+--------------------------+
Info: *******************************************************************
Info: Running Quartus Prime Timing Analyzer
    Info: Version 20.1.1 Build 720 11/11/2020 SJ Lite Edition
    Info: Processing started: Mon Dec 29 16:00:53 2025
Info: Command: quartus_sta RemoteController -c RemoteController
Info: qsta_default_script.tcl version: #1
Warning (18236): Number of processors has not been specified which may cause overloading on shared machines.  Set the global assignment NUM_PARALLEL_PROCESSORS in your QSF to an appropriate value for best performance.
Info (20030): Parallel compilation is enabled and will use 12 of the 12 processors detected
Info (21077): Low junction temperature is 0 degrees C
Info (21077): High junction temperature is 85 degrees C
Info (332104): Reading SDC File: 'RemoteController.out.sdc'
Info: Found TIMING_ANALYZER_REPORT_SCRIPT_INCLUDE_DEFAULT_ANALYSIS = ON
Info: Analyzing Slow 1200mV 85C Model
Info (332146): Worst-case setup slack is 25989.521
    Info (332119):     Slack       End Point TNS Clock 
    Info (332119): ========= =================== =====================
    Info (332119): 25989.521               0.000 inst|altpll_component|auto_generated|pll1|clk[0] 
Info (332146): Worst-case hold slack is 0.402
    Info (332119):     Slack       End Point TNS Clock 
    Info (332119): ========= =================== =====================
    Info (332119):     0.402               0.000 inst|altpll_component|auto_generated|pll1|clk[0] 
Info (332140): No Recovery paths to report
Info (332140): No Removal paths to report
Info (332146): Worst-case minimum pulse width slack is 9.891
    Info (332119):     Slack       End Point TNS Clock 
    Info (332119): ========= =================== =====================
    Info (332119):     9.891               0.000 CLOCK_50 
    Info (332119): 12999.898               0.000 inst|altpll_component|auto_generated|pll1|clk[0] 
Info: Analyzing Slow 1200mV 0C Model
Info (334003): Started post-fitting delay annotation
Info (334004): Delay annotation completed successfully
Info (332146): Worst-case setup slack is 25990.538
    Info (332119):     Slack       End Point TNS Clock 
    Info (332119): ========= =================== =====================
    Info (332119): 25990.538               0.000 inst|altpll_component|auto_generated|pll1|clk[0] 
Info (332146): Worst-case hold slack is 0.353
    Info (332119):     Slack       End Point TNS Clock 
    Info (332119): ========= =================== =====================
    Info (332119):     0.353               0.000 inst|altpll_component|auto_generated|pll1|clk[0] 
Info (332140): No Recovery paths to report
Info (332140): No Removal paths to report
Info (332146): Worst-case minimum pulse width slack is 9.887
    Info (332119):     Slack       End Point TNS Clock 
    Info (332119): ========= =================== =====================
    Info (332119):     9.887               0.000 CLOCK_50 
    Info (332119): 12999.898               0.000 inst|altpll_component|auto_generated|pll1|clk[0] 
Info: Analyzing Fast 1200mV 0C Model
Info (332146): Worst-case setup slack is 25993.256
    Info (332119):     Slack       End Point TNS Clock 
    Info (332119): ========= =================== =====================
    Info (332119): 25993.256               0.000 inst|altpll_component|auto_generated|pll1|clk[0] 
Info (332146): Worst-case hold slack is 0.181
    Info (332119):     Slack       End Point TNS Clock 
    Info (332119): ========= =================== =====================
    Info (332119):     0.181               0.000 inst|altpll_component|auto_generated|pll1|clk[0] 
Info (332140): No Recovery paths to report
Info (332140): No Removal paths to report
Info (332146): Worst-case minimum pulse width slack is 9.574
    Info (332119):     Slack       End Point TNS Clock 
    Info (332119): ========= =================== =====================
    Info (332119):     9.574               0.000 CLOCK_50 
    Info (332119): 12999.968               0.000 inst|altpll_component|auto_generated|pll1|clk[0] 
Info (332101): Design is fully constrained for setup requirements
Info (332101): Design is fully constrained for hold requirements
Info: Quartus Prime Timing Analyzer was successful. 0 errors, 1 warning
    Info: Peak virtual memory: 4946 megabytes
    Info: Processing ended: Mon Dec 29 16:00:55 2025
    Info: Elapsed time: 00:00:02
    Info: Total CPU time (on all processors): 00:00:01


