Timing Analyzer report for somador
Thu Dec 25 14:09:50 2025
Quartus Prime Version 20.1.1 Build 720 11/11/2020 SJ Lite Edition


---------------------
; Table of Contents ;
---------------------
  1. Legal Notice
  2. Timing Analyzer Summary
  3. Parallel Compilation
  4. SDC File List
  5. Clocks
  6. Slow 1200mV 85C Model Fmax Summary
  7. Timing Closure Recommendations
  8. Slow 1200mV 85C Model Setup Summary
  9. Slow 1200mV 85C Model Hold Summary
 10. Slow 1200mV 85C Model Recovery Summary
 11. Slow 1200mV 85C Model Removal Summary
 12. Slow 1200mV 85C Model Minimum Pulse Width Summary
 13. Slow 1200mV 85C Model Setup: 'clk'
 14. Slow 1200mV 85C Model Hold: 'clk'
 15. Slow 1200mV 85C Model Recovery: 'clk'
 16. Slow 1200mV 85C Model Removal: 'clk'
 17. Slow 1200mV 85C Model Metastability Summary
 18. Slow 1200mV 0C Model Fmax Summary
 19. Slow 1200mV 0C Model Setup Summary
 20. Slow 1200mV 0C Model Hold Summary
 21. Slow 1200mV 0C Model Recovery Summary
 22. Slow 1200mV 0C Model Removal Summary
 23. Slow 1200mV 0C Model Minimum Pulse Width Summary
 24. Slow 1200mV 0C Model Setup: 'clk'
 25. Slow 1200mV 0C Model Hold: 'clk'
 26. Slow 1200mV 0C Model Recovery: 'clk'
 27. Slow 1200mV 0C Model Removal: 'clk'
 28. Slow 1200mV 0C Model Metastability Summary
 29. Fast 1200mV 0C Model Setup Summary
 30. Fast 1200mV 0C Model Hold Summary
 31. Fast 1200mV 0C Model Recovery Summary
 32. Fast 1200mV 0C Model Removal Summary
 33. Fast 1200mV 0C Model Minimum Pulse Width Summary
 34. Fast 1200mV 0C Model Setup: 'clk'
 35. Fast 1200mV 0C Model Hold: 'clk'
 36. Fast 1200mV 0C Model Recovery: 'clk'
 37. Fast 1200mV 0C Model Removal: 'clk'
 38. Fast 1200mV 0C Model Metastability Summary
 39. Multicorner Timing Analysis Summary
 40. Board Trace Model Assignments
 41. Input Transition Times
 42. Signal Integrity Metrics (Slow 1200mv 0c Model)
 43. Signal Integrity Metrics (Slow 1200mv 85c Model)
 44. Signal Integrity Metrics (Fast 1200mv 0c Model)
 45. Setup Transfers
 46. Hold Transfers
 47. Recovery Transfers
 48. Removal Transfers
 49. Report TCCS
 50. Report RSKM
 51. Unconstrained Paths Summary
 52. Clock Status Summary
 53. Timing Analyzer Messages



----------------
; Legal Notice ;
----------------
Copyright (C) 2020  Intel Corporation. All rights reserved.
Your use of Intel Corporation's design tools, logic functions 
and other software and tools, and any partner logic 
functions, and any output files from any of the foregoing 
(including device programming or simulation files), and any 
associated documentation or information are expressly subject 
to the terms and conditions of the Intel Program License 
Subscription Agreement, the Intel Quartus Prime License Agreement,
the Intel FPGA IP License Agreement, or other applicable license
agreement, including, without limitation, that your use is for
the sole purpose of programming logic devices manufactured by
Intel and sold by Intel or its authorized distributors.  Please
refer to the applicable agreement for further details, at
https://fpgasoftware.intel.com/eula.



+-----------------------------------------------------------------------------+
; Timing Analyzer Summary                                                     ;
+-----------------------+-----------------------------------------------------+
; Quartus Prime Version ; Version 20.1.1 Build 720 11/11/2020 SJ Lite Edition ;
; Timing Analyzer       ; Legacy Timing Analyzer                              ;
; Revision Name         ; somador                                             ;
; Device Family         ; Cyclone IV E                                        ;
; Device Name           ; EP4CE115F29C7                                       ;
; Timing Models         ; Final                                               ;
; Delay Model           ; Combined                                            ;
; Rise/Fall Delays      ; Enabled                                             ;
+-----------------------+-----------------------------------------------------+


+------------------------------------------+
; Parallel Compilation                     ;
+----------------------------+-------------+
; Processors                 ; Number      ;
+----------------------------+-------------+
; Number detected on machine ; 12          ;
; Maximum allowed            ; 12          ;
;                            ;             ;
; Average used               ; 1.07        ;
; Maximum used               ; 12          ;
;                            ;             ;
; Usage by Processor         ; % Time Used ;
;     Processor 1            ; 100.0%      ;
;     Processor 2            ;   1.1%      ;
;     Processors 3-12        ;   0.6%      ;
+----------------------------+-------------+


+---------------------------------------------------+
; SDC File List                                     ;
+---------------+--------+--------------------------+
; SDC File Path ; Status ; Read at                  ;
+---------------+--------+--------------------------+
; somador.sdc   ; OK     ; Thu Dec 25 14:09:49 2025 ;
+---------------+--------+--------------------------+


+---------------------------------------------------------------------------------------------------------------------------------------------------------------------------------+
; Clocks                                                                                                                                                                          ;
+------------+------+--------+-----------+-------+--------+------------+-----------+-------------+-------+--------+-----------+------------+----------+--------+--------+---------+
; Clock Name ; Type ; Period ; Frequency ; Rise  ; Fall   ; Duty Cycle ; Divide by ; Multiply by ; Phase ; Offset ; Edge List ; Edge Shift ; Inverted ; Master ; Source ; Targets ;
+------------+------+--------+-----------+-------+--------+------------+-----------+-------------+-------+--------+-----------+------------+----------+--------+--------+---------+
; clk        ; Base ; 20.000 ; 50.0 MHz  ; 0.000 ; 10.000 ;            ;           ;             ;       ;        ;           ;            ;          ;        ;        ; { clk } ;
+------------+------+--------+-----------+-------+--------+------------+-----------+-------------+-------+--------+-----------+------------+----------+--------+--------+---------+


+-------------------------------------------------+
; Slow 1200mV 85C Model Fmax Summary              ;
+-----------+-----------------+------------+------+
; Fmax      ; Restricted Fmax ; Clock Name ; Note ;
+-----------+-----------------+------------+------+
; 69.48 MHz ; 69.48 MHz       ; clk        ;      ;
+-----------+-----------------+------------+------+
This panel reports FMAX for every clock in the design, regardless of the user-specified clock periods.  FMAX is only computed for paths where the source and destination registers or ports are driven by the same clock.  Paths of different clocks, including generated clocks, are ignored.  For paths between a clock and its inversion, FMAX is computed as if the rising and falling edges are scaled along with FMAX, such that the duty cycle (in terms of a percentage) is maintained. Altera recommends that you always use clock constraints and other slack reports for sign-off analysis.


----------------------------------
; Timing Closure Recommendations ;
----------------------------------
HTML report is unavailable in plain text report export.


+-------------------------------------+
; Slow 1200mV 85C Model Setup Summary ;
+-------+-------+---------------------+
; Clock ; Slack ; End Point TNS       ;
+-------+-------+---------------------+
; clk   ; 2.804 ; 0.000               ;
+-------+-------+---------------------+


+------------------------------------+
; Slow 1200mV 85C Model Hold Summary ;
+-------+-------+--------------------+
; Clock ; Slack ; End Point TNS      ;
+-------+-------+--------------------+
; clk   ; 0.401 ; 0.000              ;
+-------+-------+--------------------+


+----------------------------------------+
; Slow 1200mV 85C Model Recovery Summary ;
+-------+-------+------------------------+
; Clock ; Slack ; End Point TNS          ;
+-------+-------+------------------------+
; clk   ; 7.165 ; 0.000                  ;
+-------+-------+------------------------+


+---------------------------------------+
; Slow 1200mV 85C Model Removal Summary ;
+-------+--------+----------------------+
; Clock ; Slack  ; End Point TNS        ;
+-------+--------+----------------------+
; clk   ; 11.952 ; 0.000                ;
+-------+--------+----------------------+


+---------------------------------------------------+
; Slow 1200mV 85C Model Minimum Pulse Width Summary ;
+-------+-------+-----------------------------------+
; Clock ; Slack ; End Point TNS                     ;
+-------+-------+-----------------------------------+
; clk   ; 9.702 ; 0.000                             ;
+-------+-------+-----------------------------------+


+----------------------------------------------------------------------------------------------------------------------------------------------------+
; Slow 1200mV 85C Model Setup: 'clk'                                                                                                                 ;
+--------+-------------------------------+-------------------------------------+--------------+-------------+--------------+------------+------------+
; Slack  ; From Node                     ; To Node                             ; Launch Clock ; Latch Clock ; Relationship ; Clock Skew ; Data Delay ;
+--------+-------------------------------+-------------------------------------+--------------+-------------+--------------+------------+------------+
; 2.804  ; Acumulador:acc|out[15]        ; dataout[15]                         ; clk          ; clk         ; 10.000       ; -3.075     ; 3.101      ;
; 2.805  ; Acumulador:acc|out[2]         ; dataout[2]                          ; clk          ; clk         ; 10.000       ; -3.094     ; 3.081      ;
; 2.815  ; Acumulador:acc|out[12]        ; dataout[12]                         ; clk          ; clk         ; 10.000       ; -3.094     ; 3.071      ;
; 2.815  ; Acumulador:acc|out[9]         ; dataout[9]                          ; clk          ; clk         ; 10.000       ; -3.084     ; 3.081      ;
; 2.817  ; Acumulador:acc|out[6]         ; dataout[6]                          ; clk          ; clk         ; 10.000       ; -3.042     ; 3.121      ;
; 2.824  ; Acumulador:acc|out[10]        ; dataout[10]                         ; clk          ; clk         ; 10.000       ; -3.075     ; 3.081      ;
; 2.827  ; Acumulador:acc|out[0]         ; dataout[0]                          ; clk          ; clk         ; 10.000       ; -3.042     ; 3.111      ;
; 2.829  ; Acumulador:acc|out[13]        ; dataout[13]                         ; clk          ; clk         ; 10.000       ; -3.080     ; 3.071      ;
; 2.835  ; Acumulador:acc|out[11]        ; dataout[11]                         ; clk          ; clk         ; 10.000       ; -3.084     ; 3.061      ;
; 2.835  ; Acumulador:acc|out[1]         ; dataout[1]                          ; clk          ; clk         ; 10.000       ; -3.064     ; 3.081      ;
; 2.837  ; Acumulador:acc|out[5]         ; dataout[5]                          ; clk          ; clk         ; 10.000       ; -3.042     ; 3.101      ;
; 2.839  ; Acumulador:acc|out[14]        ; dataout[14]                         ; clk          ; clk         ; 10.000       ; -3.080     ; 3.061      ;
; 2.845  ; Acumulador:acc|out[8]         ; dataout[8]                          ; clk          ; clk         ; 10.000       ; -3.064     ; 3.071      ;
; 2.845  ; Acumulador:acc|out[3]         ; dataout[3]                          ; clk          ; clk         ; 10.000       ; -3.064     ; 3.071      ;
; 2.854  ; Acumulador:acc|out[7]         ; dataout[7]                          ; clk          ; clk         ; 10.000       ; -3.055     ; 3.071      ;
; 2.854  ; Acumulador:acc|out[4]         ; dataout[4]                          ; clk          ; clk         ; 10.000       ; -3.055     ; 3.071      ;
; 7.243  ; FSM:fsm|transf                ; Acumulador:acc|out[6]               ; clk          ; clk         ; 10.000       ; -0.147     ; 2.495      ;
; 7.243  ; FSM:fsm|transf                ; Acumulador:acc|out[5]               ; clk          ; clk         ; 10.000       ; -0.147     ; 2.495      ;
; 7.243  ; FSM:fsm|transf                ; Acumulador:acc|out[0]               ; clk          ; clk         ; 10.000       ; -0.147     ; 2.495      ;
; 7.263  ; FSM:fsm|transf                ; Acumulador:acc|out[7]               ; clk          ; clk         ; 10.000       ; -0.134     ; 2.488      ;
; 7.263  ; FSM:fsm|transf                ; Acumulador:acc|out[4]               ; clk          ; clk         ; 10.000       ; -0.134     ; 2.488      ;
; 7.270  ; FSM:fsm|transf                ; Acumulador:acc|out[8]               ; clk          ; clk         ; 10.000       ; -0.126     ; 2.489      ;
; 7.270  ; FSM:fsm|transf                ; Acumulador:acc|out[3]               ; clk          ; clk         ; 10.000       ; -0.126     ; 2.489      ;
; 7.270  ; FSM:fsm|transf                ; Acumulador:acc|out[1]               ; clk          ; clk         ; 10.000       ; -0.126     ; 2.489      ;
; 7.423  ; FSM:fsm|transf                ; Acumulador:acc|out[15]~_Duplicate_1 ; clk          ; clk         ; 10.000       ; -0.062     ; 2.513      ;
; 7.423  ; FSM:fsm|transf                ; Acumulador:acc|out[14]~_Duplicate_1 ; clk          ; clk         ; 10.000       ; -0.062     ; 2.513      ;
; 7.423  ; FSM:fsm|transf                ; Acumulador:acc|out[13]~_Duplicate_1 ; clk          ; clk         ; 10.000       ; -0.062     ; 2.513      ;
; 7.423  ; FSM:fsm|transf                ; Acumulador:acc|out[12]~_Duplicate_1 ; clk          ; clk         ; 10.000       ; -0.062     ; 2.513      ;
; 7.423  ; FSM:fsm|transf                ; Acumulador:acc|out[11]~_Duplicate_1 ; clk          ; clk         ; 10.000       ; -0.062     ; 2.513      ;
; 7.423  ; FSM:fsm|transf                ; Acumulador:acc|out[10]~_Duplicate_1 ; clk          ; clk         ; 10.000       ; -0.062     ; 2.513      ;
; 7.423  ; FSM:fsm|transf                ; Acumulador:acc|out[9]~_Duplicate_1  ; clk          ; clk         ; 10.000       ; -0.062     ; 2.513      ;
; 7.423  ; FSM:fsm|transf                ; Acumulador:acc|out[8]~_Duplicate_1  ; clk          ; clk         ; 10.000       ; -0.062     ; 2.513      ;
; 7.423  ; FSM:fsm|transf                ; Acumulador:acc|out[7]~_Duplicate_1  ; clk          ; clk         ; 10.000       ; -0.062     ; 2.513      ;
; 7.423  ; FSM:fsm|transf                ; Acumulador:acc|out[6]~_Duplicate_1  ; clk          ; clk         ; 10.000       ; -0.062     ; 2.513      ;
; 7.423  ; FSM:fsm|transf                ; Acumulador:acc|out[5]~_Duplicate_1  ; clk          ; clk         ; 10.000       ; -0.062     ; 2.513      ;
; 7.423  ; FSM:fsm|transf                ; Acumulador:acc|out[4]~_Duplicate_1  ; clk          ; clk         ; 10.000       ; -0.062     ; 2.513      ;
; 7.423  ; FSM:fsm|transf                ; Acumulador:acc|out[3]~_Duplicate_1  ; clk          ; clk         ; 10.000       ; -0.062     ; 2.513      ;
; 7.423  ; FSM:fsm|transf                ; Acumulador:acc|out[2]~_Duplicate_1  ; clk          ; clk         ; 10.000       ; -0.062     ; 2.513      ;
; 7.423  ; FSM:fsm|transf                ; Acumulador:acc|out[1]~_Duplicate_1  ; clk          ; clk         ; 10.000       ; -0.062     ; 2.513      ;
; 7.423  ; FSM:fsm|transf                ; Acumulador:acc|out[0]~_Duplicate_1  ; clk          ; clk         ; 10.000       ; -0.062     ; 2.513      ;
; 7.604  ; FSM:fsm|transf                ; Acumulador:acc|out[15]              ; clk          ; clk         ; 10.000       ; -0.115     ; 2.166      ;
; 7.604  ; FSM:fsm|transf                ; Acumulador:acc|out[10]              ; clk          ; clk         ; 10.000       ; -0.115     ; 2.166      ;
; 7.633  ; FSM:fsm|transf                ; Acumulador:acc|out[14]              ; clk          ; clk         ; 10.000       ; -0.110     ; 2.142      ;
; 7.633  ; FSM:fsm|transf                ; Acumulador:acc|out[13]              ; clk          ; clk         ; 10.000       ; -0.110     ; 2.142      ;
; 7.636  ; FSM:fsm|transf                ; Acumulador:acc|out[11]              ; clk          ; clk         ; 10.000       ; -0.106     ; 2.143      ;
; 7.636  ; FSM:fsm|transf                ; Acumulador:acc|out[9]               ; clk          ; clk         ; 10.000       ; -0.106     ; 2.143      ;
; 7.818  ; FSM:fsm|load                  ; Acumulador:acc|data_buffer[15]      ; clk          ; clk         ; 10.000       ; -0.043     ; 2.137      ;
; 7.818  ; FSM:fsm|load                  ; Acumulador:acc|data_buffer[14]      ; clk          ; clk         ; 10.000       ; -0.043     ; 2.137      ;
; 7.818  ; FSM:fsm|load                  ; Acumulador:acc|data_buffer[13]      ; clk          ; clk         ; 10.000       ; -0.043     ; 2.137      ;
; 7.818  ; FSM:fsm|load                  ; Acumulador:acc|data_buffer[12]      ; clk          ; clk         ; 10.000       ; -0.043     ; 2.137      ;
; 7.818  ; FSM:fsm|load                  ; Acumulador:acc|data_buffer[11]      ; clk          ; clk         ; 10.000       ; -0.043     ; 2.137      ;
; 7.818  ; FSM:fsm|load                  ; Acumulador:acc|data_buffer[10]      ; clk          ; clk         ; 10.000       ; -0.043     ; 2.137      ;
; 7.818  ; FSM:fsm|load                  ; Acumulador:acc|data_buffer[9]       ; clk          ; clk         ; 10.000       ; -0.043     ; 2.137      ;
; 7.818  ; FSM:fsm|load                  ; Acumulador:acc|data_buffer[8]       ; clk          ; clk         ; 10.000       ; -0.043     ; 2.137      ;
; 7.818  ; FSM:fsm|load                  ; Acumulador:acc|data_buffer[7]       ; clk          ; clk         ; 10.000       ; -0.043     ; 2.137      ;
; 7.818  ; FSM:fsm|load                  ; Acumulador:acc|data_buffer[6]       ; clk          ; clk         ; 10.000       ; -0.043     ; 2.137      ;
; 7.818  ; FSM:fsm|load                  ; Acumulador:acc|data_buffer[5]       ; clk          ; clk         ; 10.000       ; -0.043     ; 2.137      ;
; 7.818  ; FSM:fsm|load                  ; Acumulador:acc|data_buffer[4]       ; clk          ; clk         ; 10.000       ; -0.043     ; 2.137      ;
; 7.818  ; FSM:fsm|load                  ; Acumulador:acc|data_buffer[3]       ; clk          ; clk         ; 10.000       ; -0.043     ; 2.137      ;
; 7.818  ; FSM:fsm|load                  ; Acumulador:acc|data_buffer[2]       ; clk          ; clk         ; 10.000       ; -0.043     ; 2.137      ;
; 7.818  ; FSM:fsm|load                  ; Acumulador:acc|data_buffer[1]       ; clk          ; clk         ; 10.000       ; -0.043     ; 2.137      ;
; 7.818  ; FSM:fsm|load                  ; Acumulador:acc|data_buffer[0]       ; clk          ; clk         ; 10.000       ; -0.043     ; 2.137      ;
; 7.987  ; FSM:fsm|transf                ; Acumulador:acc|out[12]              ; clk          ; clk         ; 10.000       ; -0.097     ; 1.801      ;
; 7.987  ; FSM:fsm|transf                ; Acumulador:acc|out[2]               ; clk          ; clk         ; 10.000       ; -0.097     ; 1.801      ;
; 9.243  ; datain[1]                     ; Acumulador:acc|data_buffer[1]       ; clk          ; clk         ; 10.000       ; 3.057      ; 2.812      ;
; 9.380  ; datain[2]                     ; Acumulador:acc|data_buffer[2]       ; clk          ; clk         ; 10.000       ; 3.057      ; 2.675      ;
; 9.569  ; datain[14]                    ; Acumulador:acc|data_buffer[14]      ; clk          ; clk         ; 10.000       ; 3.057      ; 2.486      ;
; 9.845  ; datain[15]                    ; Acumulador:acc|data_buffer[15]      ; clk          ; clk         ; 10.000       ; 3.057      ; 2.210      ;
; 9.959  ; datain[11]                    ; Acumulador:acc|data_buffer[11]      ; clk          ; clk         ; 10.000       ; 3.057      ; 2.096      ;
; 9.985  ; datain[4]                     ; Acumulador:acc|data_buffer[4]       ; clk          ; clk         ; 10.000       ; 3.057      ; 2.070      ;
; 9.987  ; datain[13]                    ; Acumulador:acc|data_buffer[13]      ; clk          ; clk         ; 10.000       ; 3.057      ; 2.068      ;
; 9.988  ; datain[5]                     ; Acumulador:acc|data_buffer[5]       ; clk          ; clk         ; 10.000       ; 3.057      ; 2.067      ;
; 10.003 ; datain[6]                     ; Acumulador:acc|data_buffer[6]       ; clk          ; clk         ; 10.000       ; 3.057      ; 2.052      ;
; 10.017 ; datain[0]                     ; Acumulador:acc|data_buffer[0]       ; clk          ; clk         ; 10.000       ; 3.057      ; 2.038      ;
; 10.109 ; datain[10]                    ; Acumulador:acc|data_buffer[10]      ; clk          ; clk         ; 10.000       ; 3.057      ; 1.946      ;
; 10.109 ; datain[3]                     ; Acumulador:acc|data_buffer[3]       ; clk          ; clk         ; 10.000       ; 3.057      ; 1.946      ;
; 10.122 ; datain[9]                     ; Acumulador:acc|data_buffer[9]       ; clk          ; clk         ; 10.000       ; 3.057      ; 1.933      ;
; 10.133 ; datain[8]                     ; Acumulador:acc|data_buffer[8]       ; clk          ; clk         ; 10.000       ; 3.057      ; 1.922      ;
; 10.165 ; datain[7]                     ; Acumulador:acc|data_buffer[7]       ; clk          ; clk         ; 10.000       ; 3.057      ; 1.890      ;
; 10.181 ; datain[12]                    ; Acumulador:acc|data_buffer[12]      ; clk          ; clk         ; 10.000       ; 3.057      ; 1.874      ;
; 11.850 ; FSM:fsm|wren                  ; wren                                ; clk          ; clk         ; 20.000       ; -3.108     ; 4.022      ;
; 11.884 ; FSM:fsm|rden                  ; rden                                ; clk          ; clk         ; 20.000       ; -3.108     ; 3.988      ;
; 11.960 ; FSM:fsm|address[4]            ; address[4]                          ; clk          ; clk         ; 20.000       ; -3.109     ; 3.911      ;
; 12.111 ; FSM:fsm|address[0]            ; address[0]                          ; clk          ; clk         ; 20.000       ; -3.109     ; 3.760      ;
; 12.179 ; FSM:fsm|address[3]            ; address[3]                          ; clk          ; clk         ; 20.000       ; -3.109     ; 3.692      ;
; 12.312 ; FSM:fsm|address[1]            ; address[1]                          ; clk          ; clk         ; 20.000       ; -3.109     ; 3.559      ;
; 12.315 ; FSM:fsm|ready                 ; ready                               ; clk          ; clk         ; 20.000       ; -3.109     ; 3.556      ;
; 12.342 ; FSM:fsm|address[2]            ; address[2]                          ; clk          ; clk         ; 20.000       ; -3.109     ; 3.529      ;
; 15.264 ; Acumulador:acc|data_buffer[0] ; Acumulador:acc|out[14]              ; clk          ; clk         ; 20.000       ; -0.145     ; 4.476      ;
; 15.361 ; Acumulador:acc|data_buffer[0] ; Acumulador:acc|out[13]              ; clk          ; clk         ; 20.000       ; -0.145     ; 4.379      ;
; 15.400 ; Acumulador:acc|data_buffer[0] ; Acumulador:acc|out[5]               ; clk          ; clk         ; 20.000       ; -0.182     ; 4.303      ;
; 15.471 ; Acumulador:acc|data_buffer[0] ; Acumulador:acc|out[11]              ; clk          ; clk         ; 20.000       ; -0.141     ; 4.273      ;
; 15.515 ; Acumulador:acc|data_buffer[0] ; Acumulador:acc|out[12]              ; clk          ; clk         ; 20.000       ; -0.132     ; 4.238      ;
; 15.551 ; Acumulador:acc|data_buffer[0] ; Acumulador:acc|out[6]               ; clk          ; clk         ; 20.000       ; -0.182     ; 4.152      ;
; 15.554 ; Acumulador:acc|data_buffer[1] ; Acumulador:acc|out[14]              ; clk          ; clk         ; 20.000       ; -0.145     ; 4.186      ;
; 15.569 ; Acumulador:acc|data_buffer[0] ; Acumulador:acc|out[15]              ; clk          ; clk         ; 20.000       ; -0.150     ; 4.166      ;
; 15.593 ; Acumulador:acc|data_buffer[0] ; Acumulador:acc|out[7]               ; clk          ; clk         ; 20.000       ; -0.169     ; 4.123      ;
; 15.640 ; Acumulador:acc|data_buffer[0] ; Acumulador:acc|out[9]               ; clk          ; clk         ; 20.000       ; -0.141     ; 4.104      ;
; 15.657 ; Acumulador:acc|data_buffer[3] ; Acumulador:acc|out[14]              ; clk          ; clk         ; 20.000       ; -0.145     ; 4.083      ;
; 15.769 ; Acumulador:acc|data_buffer[0] ; Acumulador:acc|out[8]               ; clk          ; clk         ; 20.000       ; -0.161     ; 3.955      ;
+--------+-------------------------------+-------------------------------------+--------------+-------------+--------------+------------+------------+


+---------------------------------------------------------------------------------------------------------------------------------------------------------+
; Slow 1200mV 85C Model Hold: 'clk'                                                                                                                       ;
+-------+-------------------------------------+-------------------------------------+--------------+-------------+--------------+------------+------------+
; Slack ; From Node                           ; To Node                             ; Launch Clock ; Latch Clock ; Relationship ; Clock Skew ; Data Delay ;
+-------+-------------------------------------+-------------------------------------+--------------+-------------+--------------+------------+------------+
; 0.401 ; FSM:fsm|index_in_block[2]           ; FSM:fsm|index_in_block[2]           ; clk          ; clk         ; 0.000        ; 0.082      ; 0.669      ;
; 0.401 ; FSM:fsm|index_in_block[0]           ; FSM:fsm|index_in_block[0]           ; clk          ; clk         ; 0.000        ; 0.082      ; 0.669      ;
; 0.401 ; FSM:fsm|index_in_block[1]           ; FSM:fsm|index_in_block[1]           ; clk          ; clk         ; 0.000        ; 0.082      ; 0.669      ;
; 0.402 ; FSM:fsm|clear                       ; FSM:fsm|clear                       ; clk          ; clk         ; 0.000        ; 0.081      ; 0.669      ;
; 0.402 ; FSM:fsm|wren                        ; FSM:fsm|wren                        ; clk          ; clk         ; 0.000        ; 0.081      ; 0.669      ;
; 0.402 ; FSM:fsm|rden                        ; FSM:fsm|rden                        ; clk          ; clk         ; 0.000        ; 0.081      ; 0.669      ;
; 0.402 ; FSM:fsm|block_base[3]               ; FSM:fsm|block_base[3]               ; clk          ; clk         ; 0.000        ; 0.081      ; 0.669      ;
; 0.402 ; FSM:fsm|block_base[4]               ; FSM:fsm|block_base[4]               ; clk          ; clk         ; 0.000        ; 0.081      ; 0.669      ;
; 0.437 ; FSM:fsm|state.ST_WREN_ON            ; FSM:fsm|state.ST_WREN_OFF           ; clk          ; clk         ; 0.000        ; 0.081      ; 0.704      ;
; 0.437 ; FSM:fsm|state.ST_CAPTURE            ; FSM:fsm|load                        ; clk          ; clk         ; 0.000        ; 0.081      ; 0.704      ;
; 0.440 ; FSM:fsm|state.ST_RESET_CLEAR        ; FSM:fsm|state.ST_SET_READ_ADDR      ; clk          ; clk         ; 0.000        ; 0.081      ; 0.707      ;
; 0.446 ; FSM:fsm|state.ST_RESET_CLEAR        ; FSM:fsm|clear                       ; clk          ; clk         ; 0.000        ; 0.081      ; 0.713      ;
; 0.449 ; FSM:fsm|state.ST_RESET_CLEAR        ; FSM:fsm|wren                        ; clk          ; clk         ; 0.000        ; 0.081      ; 0.716      ;
; 0.450 ; FSM:fsm|block_base[4]               ; FSM:fsm|block_base[3]               ; clk          ; clk         ; 0.000        ; 0.081      ; 0.717      ;
; 0.470 ; FSM:fsm|state.ST_WRITE_PREP         ; FSM:fsm|address[0]                  ; clk          ; clk         ; 0.000        ; 0.082      ; 0.738      ;
; 0.473 ; FSM:fsm|state.ST_WRITE_PREP         ; FSM:fsm|address[1]                  ; clk          ; clk         ; 0.000        ; 0.082      ; 0.741      ;
; 0.474 ; FSM:fsm|state.ST_WRITE_PREP         ; FSM:fsm|address[2]                  ; clk          ; clk         ; 0.000        ; 0.082      ; 0.742      ;
; 0.579 ; FSM:fsm|index_in_block[2]           ; FSM:fsm|state.ST_WRITE_PREP         ; clk          ; clk         ; 0.000        ; 0.082      ; 0.847      ;
; 0.583 ; FSM:fsm|index_in_block[1]           ; FSM:fsm|address[1]                  ; clk          ; clk         ; 0.000        ; 0.082      ; 0.851      ;
; 0.586 ; FSM:fsm|index_in_block[2]           ; FSM:fsm|address[2]                  ; clk          ; clk         ; 0.000        ; 0.082      ; 0.854      ;
; 0.595 ; FSM:fsm|state.ST_WAIT_3             ; FSM:fsm|state.ST_CAPTURE            ; clk          ; clk         ; 0.000        ; 0.081      ; 0.862      ;
; 0.609 ; FSM:fsm|state.ST_READY_PULSE        ; FSM:fsm|ready                       ; clk          ; clk         ; 0.000        ; 0.082      ; 0.877      ;
; 0.613 ; FSM:fsm|block_base[3]               ; FSM:fsm|state.ST_READY_PULSE        ; clk          ; clk         ; 0.000        ; 0.081      ; 0.880      ;
; 0.614 ; FSM:fsm|block_base[3]               ; FSM:fsm|block_base[4]               ; clk          ; clk         ; 0.000        ; 0.081      ; 0.881      ;
; 0.621 ; FSM:fsm|state.ST_WAIT_1             ; FSM:fsm|state.ST_WAIT_2             ; clk          ; clk         ; 0.000        ; 0.082      ; 0.889      ;
; 0.624 ; FSM:fsm|block_base[3]               ; FSM:fsm|address[3]                  ; clk          ; clk         ; 0.000        ; 0.082      ; 0.892      ;
; 0.629 ; FSM:fsm|state.ST_WRITE_PREP         ; FSM:fsm|state.ST_WREN_ON            ; clk          ; clk         ; 0.000        ; 0.081      ; 0.896      ;
; 0.636 ; Acumulador:acc|out[6]~_Duplicate_1  ; Acumulador:acc|out[6]~_Duplicate_1  ; clk          ; clk         ; 0.000        ; 0.078      ; 0.900      ;
; 0.637 ; Acumulador:acc|out[3]~_Duplicate_1  ; Acumulador:acc|out[3]~_Duplicate_1  ; clk          ; clk         ; 0.000        ; 0.078      ; 0.901      ;
; 0.637 ; Acumulador:acc|out[2]~_Duplicate_1  ; Acumulador:acc|out[2]~_Duplicate_1  ; clk          ; clk         ; 0.000        ; 0.078      ; 0.901      ;
; 0.638 ; Acumulador:acc|out[14]~_Duplicate_1 ; Acumulador:acc|out[14]~_Duplicate_1 ; clk          ; clk         ; 0.000        ; 0.078      ; 0.902      ;
; 0.638 ; Acumulador:acc|out[13]~_Duplicate_1 ; Acumulador:acc|out[13]~_Duplicate_1 ; clk          ; clk         ; 0.000        ; 0.078      ; 0.902      ;
; 0.638 ; Acumulador:acc|out[12]~_Duplicate_1 ; Acumulador:acc|out[12]~_Duplicate_1 ; clk          ; clk         ; 0.000        ; 0.078      ; 0.902      ;
; 0.638 ; Acumulador:acc|out[11]~_Duplicate_1 ; Acumulador:acc|out[11]~_Duplicate_1 ; clk          ; clk         ; 0.000        ; 0.078      ; 0.902      ;
; 0.638 ; Acumulador:acc|out[10]~_Duplicate_1 ; Acumulador:acc|out[10]~_Duplicate_1 ; clk          ; clk         ; 0.000        ; 0.078      ; 0.902      ;
; 0.638 ; Acumulador:acc|out[5]~_Duplicate_1  ; Acumulador:acc|out[5]~_Duplicate_1  ; clk          ; clk         ; 0.000        ; 0.078      ; 0.902      ;
; 0.638 ; Acumulador:acc|out[4]~_Duplicate_1  ; Acumulador:acc|out[4]~_Duplicate_1  ; clk          ; clk         ; 0.000        ; 0.078      ; 0.902      ;
; 0.639 ; Acumulador:acc|out[15]~_Duplicate_1 ; Acumulador:acc|out[15]~_Duplicate_1 ; clk          ; clk         ; 0.000        ; 0.078      ; 0.903      ;
; 0.639 ; Acumulador:acc|out[8]~_Duplicate_1  ; Acumulador:acc|out[8]~_Duplicate_1  ; clk          ; clk         ; 0.000        ; 0.078      ; 0.903      ;
; 0.640 ; Acumulador:acc|out[1]~_Duplicate_1  ; Acumulador:acc|out[1]~_Duplicate_1  ; clk          ; clk         ; 0.000        ; 0.078      ; 0.904      ;
; 0.641 ; Acumulador:acc|out[9]~_Duplicate_1  ; Acumulador:acc|out[9]~_Duplicate_1  ; clk          ; clk         ; 0.000        ; 0.078      ; 0.905      ;
; 0.642 ; Acumulador:acc|out[7]~_Duplicate_1  ; Acumulador:acc|out[7]~_Duplicate_1  ; clk          ; clk         ; 0.000        ; 0.078      ; 0.906      ;
; 0.644 ; FSM:fsm|state.ST_WREN_ON            ; FSM:fsm|wren                        ; clk          ; clk         ; 0.000        ; 0.081      ; 0.911      ;
; 0.647 ; FSM:fsm|block_base[4]               ; FSM:fsm|address[4]                  ; clk          ; clk         ; 0.000        ; 0.082      ; 0.915      ;
; 0.653 ; Acumulador:acc|out[0]~_Duplicate_1  ; Acumulador:acc|out[0]~_Duplicate_1  ; clk          ; clk         ; 0.000        ; 0.078      ; 0.917      ;
; 0.663 ; FSM:fsm|state.ST_SET_READ_ADDR      ; FSM:fsm|state.ST_RDEN_ON            ; clk          ; clk         ; 0.000        ; 0.081      ; 0.930      ;
; 0.666 ; FSM:fsm|load                        ; FSM:fsm|index_in_block[1]           ; clk          ; clk         ; 0.000        ; 0.082      ; 0.934      ;
; 0.667 ; FSM:fsm|load                        ; FSM:fsm|transf                      ; clk          ; clk         ; 0.000        ; 0.082      ; 0.935      ;
; 0.682 ; FSM:fsm|index_in_block[0]           ; FSM:fsm|index_in_block[1]           ; clk          ; clk         ; 0.000        ; 0.082      ; 0.950      ;
; 0.690 ; FSM:fsm|index_in_block[1]           ; FSM:fsm|state.ST_WRITE_PREP         ; clk          ; clk         ; 0.000        ; 0.082      ; 0.958      ;
; 0.695 ; FSM:fsm|state.ST_NEXT_BLOCK         ; FSM:fsm|block_base[3]               ; clk          ; clk         ; 0.000        ; 0.081      ; 0.962      ;
; 0.695 ; FSM:fsm|state.ST_NEXT_BLOCK         ; FSM:fsm|block_base[4]               ; clk          ; clk         ; 0.000        ; 0.081      ; 0.962      ;
; 0.696 ; FSM:fsm|state.ST_NEXT_BLOCK         ; FSM:fsm|state.ST_READY_PULSE        ; clk          ; clk         ; 0.000        ; 0.081      ; 0.963      ;
; 0.721 ; FSM:fsm|state.ST_RESET_CLEAR        ; FSM:fsm|rden                        ; clk          ; clk         ; 0.000        ; 0.081      ; 0.988      ;
; 0.722 ; FSM:fsm|state.ST_NEXT_BLOCK         ; FSM:fsm|clear                       ; clk          ; clk         ; 0.000        ; 0.081      ; 0.989      ;
; 0.724 ; FSM:fsm|index_in_block[0]           ; FSM:fsm|state.ST_WRITE_PREP         ; clk          ; clk         ; 0.000        ; 0.082      ; 0.992      ;
; 0.733 ; FSM:fsm|index_in_block[0]           ; FSM:fsm|address[0]                  ; clk          ; clk         ; 0.000        ; 0.082      ; 1.001      ;
; 0.737 ; FSM:fsm|state.ST_READY_PULSE        ; FSM:fsm|state.ST_RESET_CLEAR        ; clk          ; clk         ; 0.000        ; 0.081      ; 1.004      ;
; 0.738 ; FSM:fsm|state.ST_CAPTURE            ; FSM:fsm|rden                        ; clk          ; clk         ; 0.000        ; 0.081      ; 1.005      ;
; 0.758 ; FSM:fsm|state.ST_RDEN_ON            ; FSM:fsm|state.ST_WAIT_1             ; clk          ; clk         ; 0.000        ; 0.080      ; 1.024      ;
; 0.800 ; FSM:fsm|state.ST_WAIT_2             ; FSM:fsm|state.ST_WAIT_3             ; clk          ; clk         ; 0.000        ; 0.081      ; 1.067      ;
; 0.815 ; FSM:fsm|state.ST_WREN_OFF           ; FSM:fsm|state.ST_NEXT_BLOCK         ; clk          ; clk         ; 0.000        ; 0.081      ; 1.082      ;
; 0.840 ; FSM:fsm|state.ST_WREN_OFF           ; FSM:fsm|wren                        ; clk          ; clk         ; 0.000        ; 0.081      ; 1.107      ;
; 0.840 ; FSM:fsm|block_base[4]               ; FSM:fsm|state.ST_READY_PULSE        ; clk          ; clk         ; 0.000        ; 0.081      ; 1.107      ;
; 0.847 ; FSM:fsm|state.ST_READY_PULSE        ; FSM:fsm|block_base[3]               ; clk          ; clk         ; 0.000        ; 0.081      ; 1.114      ;
; 0.847 ; FSM:fsm|state.ST_READY_PULSE        ; FSM:fsm|block_base[4]               ; clk          ; clk         ; 0.000        ; 0.081      ; 1.114      ;
; 0.863 ; FSM:fsm|state.ST_RDEN_ON            ; FSM:fsm|rden                        ; clk          ; clk         ; 0.000        ; 0.081      ; 1.130      ;
; 0.953 ; Acumulador:acc|out[3]~_Duplicate_1  ; Acumulador:acc|out[4]~_Duplicate_1  ; clk          ; clk         ; 0.000        ; 0.078      ; 1.217      ;
; 0.954 ; Acumulador:acc|out[5]~_Duplicate_1  ; Acumulador:acc|out[6]~_Duplicate_1  ; clk          ; clk         ; 0.000        ; 0.078      ; 1.218      ;
; 0.954 ; Acumulador:acc|out[1]~_Duplicate_1  ; Acumulador:acc|out[2]~_Duplicate_1  ; clk          ; clk         ; 0.000        ; 0.078      ; 1.218      ;
; 0.954 ; Acumulador:acc|out[13]~_Duplicate_1 ; Acumulador:acc|out[14]~_Duplicate_1 ; clk          ; clk         ; 0.000        ; 0.078      ; 1.218      ;
; 0.954 ; Acumulador:acc|out[11]~_Duplicate_1 ; Acumulador:acc|out[12]~_Duplicate_1 ; clk          ; clk         ; 0.000        ; 0.078      ; 1.218      ;
; 0.955 ; Acumulador:acc|out[9]~_Duplicate_1  ; Acumulador:acc|out[10]~_Duplicate_1 ; clk          ; clk         ; 0.000        ; 0.078      ; 1.219      ;
; 0.956 ; Acumulador:acc|out[7]~_Duplicate_1  ; Acumulador:acc|out[8]~_Duplicate_1  ; clk          ; clk         ; 0.000        ; 0.078      ; 1.220      ;
; 0.962 ; FSM:fsm|state.ST_READY_PULSE        ; FSM:fsm|index_in_block[2]           ; clk          ; clk         ; 0.000        ; 0.082      ; 1.230      ;
; 0.962 ; FSM:fsm|state.ST_READY_PULSE        ; FSM:fsm|index_in_block[0]           ; clk          ; clk         ; 0.000        ; 0.082      ; 1.230      ;
; 0.965 ; Acumulador:acc|out[6]~_Duplicate_1  ; Acumulador:acc|out[7]~_Duplicate_1  ; clk          ; clk         ; 0.000        ; 0.078      ; 1.229      ;
; 0.966 ; Acumulador:acc|out[0]~_Duplicate_1  ; Acumulador:acc|out[1]~_Duplicate_1  ; clk          ; clk         ; 0.000        ; 0.078      ; 1.230      ;
; 0.967 ; Acumulador:acc|out[2]~_Duplicate_1  ; Acumulador:acc|out[3]~_Duplicate_1  ; clk          ; clk         ; 0.000        ; 0.078      ; 1.231      ;
; 0.968 ; Acumulador:acc|out[12]~_Duplicate_1 ; Acumulador:acc|out[13]~_Duplicate_1 ; clk          ; clk         ; 0.000        ; 0.078      ; 1.232      ;
; 0.968 ; Acumulador:acc|out[10]~_Duplicate_1 ; Acumulador:acc|out[11]~_Duplicate_1 ; clk          ; clk         ; 0.000        ; 0.078      ; 1.232      ;
; 0.968 ; Acumulador:acc|out[4]~_Duplicate_1  ; Acumulador:acc|out[5]~_Duplicate_1  ; clk          ; clk         ; 0.000        ; 0.078      ; 1.232      ;
; 0.968 ; Acumulador:acc|out[14]~_Duplicate_1 ; Acumulador:acc|out[15]~_Duplicate_1 ; clk          ; clk         ; 0.000        ; 0.078      ; 1.232      ;
; 0.969 ; Acumulador:acc|out[8]~_Duplicate_1  ; Acumulador:acc|out[9]~_Duplicate_1  ; clk          ; clk         ; 0.000        ; 0.078      ; 1.233      ;
; 0.970 ; Acumulador:acc|out[6]~_Duplicate_1  ; Acumulador:acc|out[8]~_Duplicate_1  ; clk          ; clk         ; 0.000        ; 0.078      ; 1.234      ;
; 0.971 ; Acumulador:acc|out[0]~_Duplicate_1  ; Acumulador:acc|out[2]~_Duplicate_1  ; clk          ; clk         ; 0.000        ; 0.078      ; 1.235      ;
; 0.972 ; Acumulador:acc|out[2]~_Duplicate_1  ; Acumulador:acc|out[4]~_Duplicate_1  ; clk          ; clk         ; 0.000        ; 0.078      ; 1.236      ;
; 0.973 ; Acumulador:acc|out[4]~_Duplicate_1  ; Acumulador:acc|out[6]~_Duplicate_1  ; clk          ; clk         ; 0.000        ; 0.078      ; 1.237      ;
; 0.973 ; Acumulador:acc|out[12]~_Duplicate_1 ; Acumulador:acc|out[14]~_Duplicate_1 ; clk          ; clk         ; 0.000        ; 0.078      ; 1.237      ;
; 0.973 ; Acumulador:acc|out[10]~_Duplicate_1 ; Acumulador:acc|out[12]~_Duplicate_1 ; clk          ; clk         ; 0.000        ; 0.078      ; 1.237      ;
; 0.974 ; Acumulador:acc|out[8]~_Duplicate_1  ; Acumulador:acc|out[10]~_Duplicate_1 ; clk          ; clk         ; 0.000        ; 0.078      ; 1.238      ;
; 1.013 ; FSM:fsm|load                        ; FSM:fsm|state.ST_WRITE_PREP         ; clk          ; clk         ; 0.000        ; 0.082      ; 1.281      ;
; 1.074 ; Acumulador:acc|out[3]~_Duplicate_1  ; Acumulador:acc|out[5]~_Duplicate_1  ; clk          ; clk         ; 0.000        ; 0.078      ; 1.338      ;
; 1.075 ; Acumulador:acc|out[5]~_Duplicate_1  ; Acumulador:acc|out[7]~_Duplicate_1  ; clk          ; clk         ; 0.000        ; 0.078      ; 1.339      ;
; 1.075 ; Acumulador:acc|out[1]~_Duplicate_1  ; Acumulador:acc|out[3]~_Duplicate_1  ; clk          ; clk         ; 0.000        ; 0.078      ; 1.339      ;
; 1.075 ; Acumulador:acc|out[11]~_Duplicate_1 ; Acumulador:acc|out[13]~_Duplicate_1 ; clk          ; clk         ; 0.000        ; 0.078      ; 1.339      ;
; 1.075 ; Acumulador:acc|out[13]~_Duplicate_1 ; Acumulador:acc|out[15]~_Duplicate_1 ; clk          ; clk         ; 0.000        ; 0.078      ; 1.339      ;
; 1.076 ; Acumulador:acc|out[9]~_Duplicate_1  ; Acumulador:acc|out[11]~_Duplicate_1 ; clk          ; clk         ; 0.000        ; 0.078      ; 1.340      ;
; 1.077 ; Acumulador:acc|out[7]~_Duplicate_1  ; Acumulador:acc|out[9]~_Duplicate_1  ; clk          ; clk         ; 0.000        ; 0.078      ; 1.341      ;
; 1.079 ; Acumulador:acc|out[3]~_Duplicate_1  ; Acumulador:acc|out[6]~_Duplicate_1  ; clk          ; clk         ; 0.000        ; 0.078      ; 1.343      ;
+-------+-------------------------------------+-------------------------------------+--------------+-------------+--------------+------------+------------+


+-----------------------------------------------------------------------------------------------------------------------------------+
; Slow 1200mV 85C Model Recovery: 'clk'                                                                                             ;
+-------+---------------+-------------------------------------+--------------+-------------+--------------+------------+------------+
; Slack ; From Node     ; To Node                             ; Launch Clock ; Latch Clock ; Relationship ; Clock Skew ; Data Delay ;
+-------+---------------+-------------------------------------+--------------+-------------+--------------+------------+------------+
; 7.165 ; FSM:fsm|clear ; Acumulador:acc|out[6]               ; clk          ; clk         ; 10.000       ; -0.146     ; 2.574      ;
; 7.165 ; FSM:fsm|clear ; Acumulador:acc|out[5]               ; clk          ; clk         ; 10.000       ; -0.146     ; 2.574      ;
; 7.165 ; FSM:fsm|clear ; Acumulador:acc|out[0]               ; clk          ; clk         ; 10.000       ; -0.146     ; 2.574      ;
; 7.186 ; FSM:fsm|clear ; Acumulador:acc|out[7]               ; clk          ; clk         ; 10.000       ; -0.133     ; 2.566      ;
; 7.186 ; FSM:fsm|clear ; Acumulador:acc|out[4]               ; clk          ; clk         ; 10.000       ; -0.133     ; 2.566      ;
; 7.234 ; FSM:fsm|clear ; Acumulador:acc|out[11]              ; clk          ; clk         ; 10.000       ; -0.105     ; 2.546      ;
; 7.234 ; FSM:fsm|clear ; Acumulador:acc|out[9]               ; clk          ; clk         ; 10.000       ; -0.105     ; 2.546      ;
; 7.235 ; FSM:fsm|clear ; Acumulador:acc|out[12]              ; clk          ; clk         ; 10.000       ; -0.096     ; 2.554      ;
; 7.235 ; FSM:fsm|clear ; Acumulador:acc|out[2]               ; clk          ; clk         ; 10.000       ; -0.096     ; 2.554      ;
; 7.243 ; FSM:fsm|clear ; Acumulador:acc|out[8]               ; clk          ; clk         ; 10.000       ; -0.125     ; 2.517      ;
; 7.243 ; FSM:fsm|clear ; Acumulador:acc|out[3]               ; clk          ; clk         ; 10.000       ; -0.125     ; 2.517      ;
; 7.243 ; FSM:fsm|clear ; Acumulador:acc|out[1]               ; clk          ; clk         ; 10.000       ; -0.125     ; 2.517      ;
; 7.302 ; FSM:fsm|clear ; Acumulador:acc|out[15]              ; clk          ; clk         ; 10.000       ; -0.114     ; 2.469      ;
; 7.302 ; FSM:fsm|clear ; Acumulador:acc|out[10]              ; clk          ; clk         ; 10.000       ; -0.114     ; 2.469      ;
; 7.365 ; FSM:fsm|clear ; Acumulador:acc|data_buffer[15]      ; clk          ; clk         ; 10.000       ; -0.043     ; 2.590      ;
; 7.365 ; FSM:fsm|clear ; Acumulador:acc|data_buffer[14]      ; clk          ; clk         ; 10.000       ; -0.043     ; 2.590      ;
; 7.365 ; FSM:fsm|clear ; Acumulador:acc|data_buffer[13]      ; clk          ; clk         ; 10.000       ; -0.043     ; 2.590      ;
; 7.365 ; FSM:fsm|clear ; Acumulador:acc|data_buffer[12]      ; clk          ; clk         ; 10.000       ; -0.043     ; 2.590      ;
; 7.365 ; FSM:fsm|clear ; Acumulador:acc|data_buffer[11]      ; clk          ; clk         ; 10.000       ; -0.043     ; 2.590      ;
; 7.365 ; FSM:fsm|clear ; Acumulador:acc|data_buffer[10]      ; clk          ; clk         ; 10.000       ; -0.043     ; 2.590      ;
; 7.365 ; FSM:fsm|clear ; Acumulador:acc|data_buffer[9]       ; clk          ; clk         ; 10.000       ; -0.043     ; 2.590      ;
; 7.365 ; FSM:fsm|clear ; Acumulador:acc|data_buffer[8]       ; clk          ; clk         ; 10.000       ; -0.043     ; 2.590      ;
; 7.365 ; FSM:fsm|clear ; Acumulador:acc|data_buffer[7]       ; clk          ; clk         ; 10.000       ; -0.043     ; 2.590      ;
; 7.365 ; FSM:fsm|clear ; Acumulador:acc|data_buffer[6]       ; clk          ; clk         ; 10.000       ; -0.043     ; 2.590      ;
; 7.365 ; FSM:fsm|clear ; Acumulador:acc|data_buffer[5]       ; clk          ; clk         ; 10.000       ; -0.043     ; 2.590      ;
; 7.365 ; FSM:fsm|clear ; Acumulador:acc|data_buffer[4]       ; clk          ; clk         ; 10.000       ; -0.043     ; 2.590      ;
; 7.365 ; FSM:fsm|clear ; Acumulador:acc|data_buffer[3]       ; clk          ; clk         ; 10.000       ; -0.043     ; 2.590      ;
; 7.365 ; FSM:fsm|clear ; Acumulador:acc|data_buffer[2]       ; clk          ; clk         ; 10.000       ; -0.043     ; 2.590      ;
; 7.365 ; FSM:fsm|clear ; Acumulador:acc|data_buffer[1]       ; clk          ; clk         ; 10.000       ; -0.043     ; 2.590      ;
; 7.365 ; FSM:fsm|clear ; Acumulador:acc|data_buffer[0]       ; clk          ; clk         ; 10.000       ; -0.043     ; 2.590      ;
; 7.448 ; FSM:fsm|clear ; Acumulador:acc|out[14]              ; clk          ; clk         ; 10.000       ; -0.109     ; 2.328      ;
; 7.448 ; FSM:fsm|clear ; Acumulador:acc|out[13]              ; clk          ; clk         ; 10.000       ; -0.109     ; 2.328      ;
; 7.454 ; FSM:fsm|clear ; Acumulador:acc|out[15]~_Duplicate_1 ; clk          ; clk         ; 10.000       ; -0.061     ; 2.483      ;
; 7.454 ; FSM:fsm|clear ; Acumulador:acc|out[14]~_Duplicate_1 ; clk          ; clk         ; 10.000       ; -0.061     ; 2.483      ;
; 7.454 ; FSM:fsm|clear ; Acumulador:acc|out[13]~_Duplicate_1 ; clk          ; clk         ; 10.000       ; -0.061     ; 2.483      ;
; 7.454 ; FSM:fsm|clear ; Acumulador:acc|out[12]~_Duplicate_1 ; clk          ; clk         ; 10.000       ; -0.061     ; 2.483      ;
; 7.454 ; FSM:fsm|clear ; Acumulador:acc|out[11]~_Duplicate_1 ; clk          ; clk         ; 10.000       ; -0.061     ; 2.483      ;
; 7.454 ; FSM:fsm|clear ; Acumulador:acc|out[10]~_Duplicate_1 ; clk          ; clk         ; 10.000       ; -0.061     ; 2.483      ;
; 7.454 ; FSM:fsm|clear ; Acumulador:acc|out[9]~_Duplicate_1  ; clk          ; clk         ; 10.000       ; -0.061     ; 2.483      ;
; 7.454 ; FSM:fsm|clear ; Acumulador:acc|out[8]~_Duplicate_1  ; clk          ; clk         ; 10.000       ; -0.061     ; 2.483      ;
; 7.454 ; FSM:fsm|clear ; Acumulador:acc|out[7]~_Duplicate_1  ; clk          ; clk         ; 10.000       ; -0.061     ; 2.483      ;
; 7.454 ; FSM:fsm|clear ; Acumulador:acc|out[6]~_Duplicate_1  ; clk          ; clk         ; 10.000       ; -0.061     ; 2.483      ;
; 7.454 ; FSM:fsm|clear ; Acumulador:acc|out[5]~_Duplicate_1  ; clk          ; clk         ; 10.000       ; -0.061     ; 2.483      ;
; 7.454 ; FSM:fsm|clear ; Acumulador:acc|out[4]~_Duplicate_1  ; clk          ; clk         ; 10.000       ; -0.061     ; 2.483      ;
; 7.454 ; FSM:fsm|clear ; Acumulador:acc|out[3]~_Duplicate_1  ; clk          ; clk         ; 10.000       ; -0.061     ; 2.483      ;
; 7.454 ; FSM:fsm|clear ; Acumulador:acc|out[2]~_Duplicate_1  ; clk          ; clk         ; 10.000       ; -0.061     ; 2.483      ;
; 7.454 ; FSM:fsm|clear ; Acumulador:acc|out[1]~_Duplicate_1  ; clk          ; clk         ; 10.000       ; -0.061     ; 2.483      ;
; 7.454 ; FSM:fsm|clear ; Acumulador:acc|out[0]~_Duplicate_1  ; clk          ; clk         ; 10.000       ; -0.061     ; 2.483      ;
+-------+---------------+-------------------------------------+--------------+-------------+--------------+------------+------------+


+------------------------------------------------------------------------------------------------------------------------------------+
; Slow 1200mV 85C Model Removal: 'clk'                                                                                               ;
+--------+---------------+-------------------------------------+--------------+-------------+--------------+------------+------------+
; Slack  ; From Node     ; To Node                             ; Launch Clock ; Latch Clock ; Relationship ; Clock Skew ; Data Delay ;
+--------+---------------+-------------------------------------+--------------+-------------+--------------+------------+------------+
; 11.952 ; FSM:fsm|clear ; Acumulador:acc|out[15]~_Duplicate_1 ; clk          ; clk         ; -10.000      ; 0.147      ; 2.305      ;
; 11.952 ; FSM:fsm|clear ; Acumulador:acc|out[14]~_Duplicate_1 ; clk          ; clk         ; -10.000      ; 0.147      ; 2.305      ;
; 11.952 ; FSM:fsm|clear ; Acumulador:acc|out[13]~_Duplicate_1 ; clk          ; clk         ; -10.000      ; 0.147      ; 2.305      ;
; 11.952 ; FSM:fsm|clear ; Acumulador:acc|out[12]~_Duplicate_1 ; clk          ; clk         ; -10.000      ; 0.147      ; 2.305      ;
; 11.952 ; FSM:fsm|clear ; Acumulador:acc|out[11]~_Duplicate_1 ; clk          ; clk         ; -10.000      ; 0.147      ; 2.305      ;
; 11.952 ; FSM:fsm|clear ; Acumulador:acc|out[10]~_Duplicate_1 ; clk          ; clk         ; -10.000      ; 0.147      ; 2.305      ;
; 11.952 ; FSM:fsm|clear ; Acumulador:acc|out[9]~_Duplicate_1  ; clk          ; clk         ; -10.000      ; 0.147      ; 2.305      ;
; 11.952 ; FSM:fsm|clear ; Acumulador:acc|out[8]~_Duplicate_1  ; clk          ; clk         ; -10.000      ; 0.147      ; 2.305      ;
; 11.952 ; FSM:fsm|clear ; Acumulador:acc|out[7]~_Duplicate_1  ; clk          ; clk         ; -10.000      ; 0.147      ; 2.305      ;
; 11.952 ; FSM:fsm|clear ; Acumulador:acc|out[6]~_Duplicate_1  ; clk          ; clk         ; -10.000      ; 0.147      ; 2.305      ;
; 11.952 ; FSM:fsm|clear ; Acumulador:acc|out[5]~_Duplicate_1  ; clk          ; clk         ; -10.000      ; 0.147      ; 2.305      ;
; 11.952 ; FSM:fsm|clear ; Acumulador:acc|out[4]~_Duplicate_1  ; clk          ; clk         ; -10.000      ; 0.147      ; 2.305      ;
; 11.952 ; FSM:fsm|clear ; Acumulador:acc|out[3]~_Duplicate_1  ; clk          ; clk         ; -10.000      ; 0.147      ; 2.305      ;
; 11.952 ; FSM:fsm|clear ; Acumulador:acc|out[2]~_Duplicate_1  ; clk          ; clk         ; -10.000      ; 0.147      ; 2.305      ;
; 11.952 ; FSM:fsm|clear ; Acumulador:acc|out[1]~_Duplicate_1  ; clk          ; clk         ; -10.000      ; 0.147      ; 2.305      ;
; 11.952 ; FSM:fsm|clear ; Acumulador:acc|out[0]~_Duplicate_1  ; clk          ; clk         ; -10.000      ; 0.147      ; 2.305      ;
; 11.991 ; FSM:fsm|clear ; Acumulador:acc|out[14]              ; clk          ; clk         ; -10.000      ; 0.077      ; 2.202      ;
; 11.991 ; FSM:fsm|clear ; Acumulador:acc|out[13]              ; clk          ; clk         ; -10.000      ; 0.077      ; 2.202      ;
; 12.019 ; FSM:fsm|clear ; Acumulador:acc|data_buffer[15]      ; clk          ; clk         ; -10.000      ; 0.166      ; 2.391      ;
; 12.019 ; FSM:fsm|clear ; Acumulador:acc|data_buffer[14]      ; clk          ; clk         ; -10.000      ; 0.166      ; 2.391      ;
; 12.019 ; FSM:fsm|clear ; Acumulador:acc|data_buffer[13]      ; clk          ; clk         ; -10.000      ; 0.166      ; 2.391      ;
; 12.019 ; FSM:fsm|clear ; Acumulador:acc|data_buffer[12]      ; clk          ; clk         ; -10.000      ; 0.166      ; 2.391      ;
; 12.019 ; FSM:fsm|clear ; Acumulador:acc|data_buffer[11]      ; clk          ; clk         ; -10.000      ; 0.166      ; 2.391      ;
; 12.019 ; FSM:fsm|clear ; Acumulador:acc|data_buffer[10]      ; clk          ; clk         ; -10.000      ; 0.166      ; 2.391      ;
; 12.019 ; FSM:fsm|clear ; Acumulador:acc|data_buffer[9]       ; clk          ; clk         ; -10.000      ; 0.166      ; 2.391      ;
; 12.019 ; FSM:fsm|clear ; Acumulador:acc|data_buffer[8]       ; clk          ; clk         ; -10.000      ; 0.166      ; 2.391      ;
; 12.019 ; FSM:fsm|clear ; Acumulador:acc|data_buffer[7]       ; clk          ; clk         ; -10.000      ; 0.166      ; 2.391      ;
; 12.019 ; FSM:fsm|clear ; Acumulador:acc|data_buffer[6]       ; clk          ; clk         ; -10.000      ; 0.166      ; 2.391      ;
; 12.019 ; FSM:fsm|clear ; Acumulador:acc|data_buffer[5]       ; clk          ; clk         ; -10.000      ; 0.166      ; 2.391      ;
; 12.019 ; FSM:fsm|clear ; Acumulador:acc|data_buffer[4]       ; clk          ; clk         ; -10.000      ; 0.166      ; 2.391      ;
; 12.019 ; FSM:fsm|clear ; Acumulador:acc|data_buffer[3]       ; clk          ; clk         ; -10.000      ; 0.166      ; 2.391      ;
; 12.019 ; FSM:fsm|clear ; Acumulador:acc|data_buffer[2]       ; clk          ; clk         ; -10.000      ; 0.166      ; 2.391      ;
; 12.019 ; FSM:fsm|clear ; Acumulador:acc|data_buffer[1]       ; clk          ; clk         ; -10.000      ; 0.166      ; 2.391      ;
; 12.019 ; FSM:fsm|clear ; Acumulador:acc|data_buffer[0]       ; clk          ; clk         ; -10.000      ; 0.166      ; 2.391      ;
; 12.108 ; FSM:fsm|clear ; Acumulador:acc|out[15]              ; clk          ; clk         ; -10.000      ; 0.072      ; 2.314      ;
; 12.108 ; FSM:fsm|clear ; Acumulador:acc|out[10]              ; clk          ; clk         ; -10.000      ; 0.072      ; 2.314      ;
; 12.163 ; FSM:fsm|clear ; Acumulador:acc|out[8]               ; clk          ; clk         ; -10.000      ; 0.061      ; 2.358      ;
; 12.163 ; FSM:fsm|clear ; Acumulador:acc|out[3]               ; clk          ; clk         ; -10.000      ; 0.061      ; 2.358      ;
; 12.163 ; FSM:fsm|clear ; Acumulador:acc|out[1]               ; clk          ; clk         ; -10.000      ; 0.061      ; 2.358      ;
; 12.166 ; FSM:fsm|clear ; Acumulador:acc|out[12]              ; clk          ; clk         ; -10.000      ; 0.091      ; 2.391      ;
; 12.166 ; FSM:fsm|clear ; Acumulador:acc|out[2]               ; clk          ; clk         ; -10.000      ; 0.091      ; 2.391      ;
; 12.168 ; FSM:fsm|clear ; Acumulador:acc|out[11]              ; clk          ; clk         ; -10.000      ; 0.081      ; 2.383      ;
; 12.168 ; FSM:fsm|clear ; Acumulador:acc|out[9]               ; clk          ; clk         ; -10.000      ; 0.081      ; 2.383      ;
; 12.216 ; FSM:fsm|clear ; Acumulador:acc|out[7]               ; clk          ; clk         ; -10.000      ; 0.052      ; 2.402      ;
; 12.216 ; FSM:fsm|clear ; Acumulador:acc|out[4]               ; clk          ; clk         ; -10.000      ; 0.052      ; 2.402      ;
; 12.235 ; FSM:fsm|clear ; Acumulador:acc|out[6]               ; clk          ; clk         ; -10.000      ; 0.039      ; 2.408      ;
; 12.235 ; FSM:fsm|clear ; Acumulador:acc|out[5]               ; clk          ; clk         ; -10.000      ; 0.039      ; 2.408      ;
; 12.235 ; FSM:fsm|clear ; Acumulador:acc|out[0]               ; clk          ; clk         ; -10.000      ; 0.039      ; 2.408      ;
+--------+---------------+-------------------------------------+--------------+-------------+--------------+------------+------------+


-----------------------------------------------
; Slow 1200mV 85C Model Metastability Summary ;
-----------------------------------------------
No synchronizer chains to report.


+-------------------------------------------------+
; Slow 1200mV 0C Model Fmax Summary               ;
+-----------+-----------------+------------+------+
; Fmax      ; Restricted Fmax ; Clock Name ; Note ;
+-----------+-----------------+------------+------+
; 76.31 MHz ; 76.31 MHz       ; clk        ;      ;
+-----------+-----------------+------------+------+
This panel reports FMAX for every clock in the design, regardless of the user-specified clock periods.  FMAX is only computed for paths where the source and destination registers or ports are driven by the same clock.  Paths of different clocks, including generated clocks, are ignored.  For paths between a clock and its inversion, FMAX is computed as if the rising and falling edges are scaled along with FMAX, such that the duty cycle (in terms of a percentage) is maintained. Altera recommends that you always use clock constraints and other slack reports for sign-off analysis.


+------------------------------------+
; Slow 1200mV 0C Model Setup Summary ;
+-------+-------+--------------------+
; Clock ; Slack ; End Point TNS      ;
+-------+-------+--------------------+
; clk   ; 3.448 ; 0.000              ;
+-------+-------+--------------------+


+-----------------------------------+
; Slow 1200mV 0C Model Hold Summary ;
+-------+-------+-------------------+
; Clock ; Slack ; End Point TNS     ;
+-------+-------+-------------------+
; clk   ; 0.353 ; 0.000             ;
+-------+-------+-------------------+


+---------------------------------------+
; Slow 1200mV 0C Model Recovery Summary ;
+-------+-------+-----------------------+
; Clock ; Slack ; End Point TNS         ;
+-------+-------+-----------------------+
; clk   ; 7.425 ; 0.000                 ;
+-------+-------+-----------------------+


+--------------------------------------+
; Slow 1200mV 0C Model Removal Summary ;
+-------+--------+---------------------+
; Clock ; Slack  ; End Point TNS       ;
+-------+--------+---------------------+
; clk   ; 11.796 ; 0.000               ;
+-------+--------+---------------------+


+--------------------------------------------------+
; Slow 1200mV 0C Model Minimum Pulse Width Summary ;
+-------+-------+----------------------------------+
; Clock ; Slack ; End Point TNS                    ;
+-------+-------+----------------------------------+
; clk   ; 9.734 ; 0.000                            ;
+-------+-------+----------------------------------+


+----------------------------------------------------------------------------------------------------------------------------------------------------+
; Slow 1200mV 0C Model Setup: 'clk'                                                                                                                  ;
+--------+-------------------------------+-------------------------------------+--------------+-------------+--------------+------------+------------+
; Slack  ; From Node                     ; To Node                             ; Launch Clock ; Latch Clock ; Relationship ; Clock Skew ; Data Delay ;
+--------+-------------------------------+-------------------------------------+--------------+-------------+--------------+------------+------------+
; 3.448  ; Acumulador:acc|out[15]        ; dataout[15]                         ; clk          ; clk         ; 10.000       ; -2.786     ; 2.746      ;
; 3.450  ; Acumulador:acc|out[2]         ; dataout[2]                          ; clk          ; clk         ; 10.000       ; -2.804     ; 2.726      ;
; 3.458  ; Acumulador:acc|out[9]         ; dataout[9]                          ; clk          ; clk         ; 10.000       ; -2.796     ; 2.726      ;
; 3.460  ; Acumulador:acc|out[12]        ; dataout[12]                         ; clk          ; clk         ; 10.000       ; -2.804     ; 2.716      ;
; 3.464  ; Acumulador:acc|out[6]         ; dataout[6]                          ; clk          ; clk         ; 10.000       ; -2.750     ; 2.766      ;
; 3.468  ; Acumulador:acc|out[10]        ; dataout[10]                         ; clk          ; clk         ; 10.000       ; -2.786     ; 2.726      ;
; 3.473  ; Acumulador:acc|out[13]        ; dataout[13]                         ; clk          ; clk         ; 10.000       ; -2.791     ; 2.716      ;
; 3.474  ; Acumulador:acc|out[0]         ; dataout[0]                          ; clk          ; clk         ; 10.000       ; -2.750     ; 2.756      ;
; 3.478  ; Acumulador:acc|out[11]        ; dataout[11]                         ; clk          ; clk         ; 10.000       ; -2.796     ; 2.706      ;
; 3.481  ; Acumulador:acc|out[1]         ; dataout[1]                          ; clk          ; clk         ; 10.000       ; -2.773     ; 2.726      ;
; 3.483  ; Acumulador:acc|out[14]        ; dataout[14]                         ; clk          ; clk         ; 10.000       ; -2.791     ; 2.706      ;
; 3.484  ; Acumulador:acc|out[5]         ; dataout[5]                          ; clk          ; clk         ; 10.000       ; -2.750     ; 2.746      ;
; 3.491  ; Acumulador:acc|out[8]         ; dataout[8]                          ; clk          ; clk         ; 10.000       ; -2.773     ; 2.716      ;
; 3.491  ; Acumulador:acc|out[3]         ; dataout[3]                          ; clk          ; clk         ; 10.000       ; -2.773     ; 2.716      ;
; 3.497  ; Acumulador:acc|out[7]         ; dataout[7]                          ; clk          ; clk         ; 10.000       ; -2.767     ; 2.716      ;
; 3.497  ; Acumulador:acc|out[4]         ; dataout[4]                          ; clk          ; clk         ; 10.000       ; -2.767     ; 2.716      ;
; 7.426  ; FSM:fsm|transf                ; Acumulador:acc|out[6]               ; clk          ; clk         ; 10.000       ; -0.146     ; 2.317      ;
; 7.426  ; FSM:fsm|transf                ; Acumulador:acc|out[5]               ; clk          ; clk         ; 10.000       ; -0.146     ; 2.317      ;
; 7.426  ; FSM:fsm|transf                ; Acumulador:acc|out[0]               ; clk          ; clk         ; 10.000       ; -0.146     ; 2.317      ;
; 7.449  ; FSM:fsm|transf                ; Acumulador:acc|out[7]               ; clk          ; clk         ; 10.000       ; -0.130     ; 2.310      ;
; 7.449  ; FSM:fsm|transf                ; Acumulador:acc|out[4]               ; clk          ; clk         ; 10.000       ; -0.130     ; 2.310      ;
; 7.453  ; FSM:fsm|transf                ; Acumulador:acc|out[8]               ; clk          ; clk         ; 10.000       ; -0.124     ; 2.312      ;
; 7.453  ; FSM:fsm|transf                ; Acumulador:acc|out[3]               ; clk          ; clk         ; 10.000       ; -0.124     ; 2.312      ;
; 7.453  ; FSM:fsm|transf                ; Acumulador:acc|out[1]               ; clk          ; clk         ; 10.000       ; -0.124     ; 2.312      ;
; 7.590  ; FSM:fsm|transf                ; Acumulador:acc|out[15]~_Duplicate_1 ; clk          ; clk         ; 10.000       ; -0.075     ; 2.334      ;
; 7.590  ; FSM:fsm|transf                ; Acumulador:acc|out[14]~_Duplicate_1 ; clk          ; clk         ; 10.000       ; -0.075     ; 2.334      ;
; 7.590  ; FSM:fsm|transf                ; Acumulador:acc|out[13]~_Duplicate_1 ; clk          ; clk         ; 10.000       ; -0.075     ; 2.334      ;
; 7.590  ; FSM:fsm|transf                ; Acumulador:acc|out[12]~_Duplicate_1 ; clk          ; clk         ; 10.000       ; -0.075     ; 2.334      ;
; 7.590  ; FSM:fsm|transf                ; Acumulador:acc|out[11]~_Duplicate_1 ; clk          ; clk         ; 10.000       ; -0.075     ; 2.334      ;
; 7.590  ; FSM:fsm|transf                ; Acumulador:acc|out[10]~_Duplicate_1 ; clk          ; clk         ; 10.000       ; -0.075     ; 2.334      ;
; 7.590  ; FSM:fsm|transf                ; Acumulador:acc|out[9]~_Duplicate_1  ; clk          ; clk         ; 10.000       ; -0.075     ; 2.334      ;
; 7.590  ; FSM:fsm|transf                ; Acumulador:acc|out[8]~_Duplicate_1  ; clk          ; clk         ; 10.000       ; -0.075     ; 2.334      ;
; 7.590  ; FSM:fsm|transf                ; Acumulador:acc|out[7]~_Duplicate_1  ; clk          ; clk         ; 10.000       ; -0.075     ; 2.334      ;
; 7.590  ; FSM:fsm|transf                ; Acumulador:acc|out[6]~_Duplicate_1  ; clk          ; clk         ; 10.000       ; -0.075     ; 2.334      ;
; 7.590  ; FSM:fsm|transf                ; Acumulador:acc|out[5]~_Duplicate_1  ; clk          ; clk         ; 10.000       ; -0.075     ; 2.334      ;
; 7.590  ; FSM:fsm|transf                ; Acumulador:acc|out[4]~_Duplicate_1  ; clk          ; clk         ; 10.000       ; -0.075     ; 2.334      ;
; 7.590  ; FSM:fsm|transf                ; Acumulador:acc|out[3]~_Duplicate_1  ; clk          ; clk         ; 10.000       ; -0.075     ; 2.334      ;
; 7.590  ; FSM:fsm|transf                ; Acumulador:acc|out[2]~_Duplicate_1  ; clk          ; clk         ; 10.000       ; -0.075     ; 2.334      ;
; 7.590  ; FSM:fsm|transf                ; Acumulador:acc|out[1]~_Duplicate_1  ; clk          ; clk         ; 10.000       ; -0.075     ; 2.334      ;
; 7.590  ; FSM:fsm|transf                ; Acumulador:acc|out[0]~_Duplicate_1  ; clk          ; clk         ; 10.000       ; -0.075     ; 2.334      ;
; 7.776  ; FSM:fsm|transf                ; Acumulador:acc|out[15]              ; clk          ; clk         ; 10.000       ; -0.112     ; 2.001      ;
; 7.776  ; FSM:fsm|transf                ; Acumulador:acc|out[10]              ; clk          ; clk         ; 10.000       ; -0.112     ; 2.001      ;
; 7.800  ; FSM:fsm|transf                ; Acumulador:acc|out[14]              ; clk          ; clk         ; 10.000       ; -0.107     ; 1.982      ;
; 7.800  ; FSM:fsm|transf                ; Acumulador:acc|out[13]              ; clk          ; clk         ; 10.000       ; -0.107     ; 1.982      ;
; 7.803  ; FSM:fsm|transf                ; Acumulador:acc|out[11]              ; clk          ; clk         ; 10.000       ; -0.102     ; 1.984      ;
; 7.803  ; FSM:fsm|transf                ; Acumulador:acc|out[9]               ; clk          ; clk         ; 10.000       ; -0.102     ; 1.984      ;
; 7.962  ; FSM:fsm|load                  ; Acumulador:acc|data_buffer[15]      ; clk          ; clk         ; 10.000       ; -0.057     ; 1.980      ;
; 7.962  ; FSM:fsm|load                  ; Acumulador:acc|data_buffer[14]      ; clk          ; clk         ; 10.000       ; -0.057     ; 1.980      ;
; 7.962  ; FSM:fsm|load                  ; Acumulador:acc|data_buffer[13]      ; clk          ; clk         ; 10.000       ; -0.057     ; 1.980      ;
; 7.962  ; FSM:fsm|load                  ; Acumulador:acc|data_buffer[12]      ; clk          ; clk         ; 10.000       ; -0.057     ; 1.980      ;
; 7.962  ; FSM:fsm|load                  ; Acumulador:acc|data_buffer[11]      ; clk          ; clk         ; 10.000       ; -0.057     ; 1.980      ;
; 7.962  ; FSM:fsm|load                  ; Acumulador:acc|data_buffer[10]      ; clk          ; clk         ; 10.000       ; -0.057     ; 1.980      ;
; 7.962  ; FSM:fsm|load                  ; Acumulador:acc|data_buffer[9]       ; clk          ; clk         ; 10.000       ; -0.057     ; 1.980      ;
; 7.962  ; FSM:fsm|load                  ; Acumulador:acc|data_buffer[8]       ; clk          ; clk         ; 10.000       ; -0.057     ; 1.980      ;
; 7.962  ; FSM:fsm|load                  ; Acumulador:acc|data_buffer[7]       ; clk          ; clk         ; 10.000       ; -0.057     ; 1.980      ;
; 7.962  ; FSM:fsm|load                  ; Acumulador:acc|data_buffer[6]       ; clk          ; clk         ; 10.000       ; -0.057     ; 1.980      ;
; 7.962  ; FSM:fsm|load                  ; Acumulador:acc|data_buffer[5]       ; clk          ; clk         ; 10.000       ; -0.057     ; 1.980      ;
; 7.962  ; FSM:fsm|load                  ; Acumulador:acc|data_buffer[4]       ; clk          ; clk         ; 10.000       ; -0.057     ; 1.980      ;
; 7.962  ; FSM:fsm|load                  ; Acumulador:acc|data_buffer[3]       ; clk          ; clk         ; 10.000       ; -0.057     ; 1.980      ;
; 7.962  ; FSM:fsm|load                  ; Acumulador:acc|data_buffer[2]       ; clk          ; clk         ; 10.000       ; -0.057     ; 1.980      ;
; 7.962  ; FSM:fsm|load                  ; Acumulador:acc|data_buffer[1]       ; clk          ; clk         ; 10.000       ; -0.057     ; 1.980      ;
; 7.962  ; FSM:fsm|load                  ; Acumulador:acc|data_buffer[0]       ; clk          ; clk         ; 10.000       ; -0.057     ; 1.980      ;
; 8.133  ; FSM:fsm|transf                ; Acumulador:acc|out[12]              ; clk          ; clk         ; 10.000       ; -0.095     ; 1.661      ;
; 8.133  ; FSM:fsm|transf                ; Acumulador:acc|out[2]               ; clk          ; clk         ; 10.000       ; -0.095     ; 1.661      ;
; 9.159  ; datain[1]                     ; Acumulador:acc|data_buffer[1]       ; clk          ; clk         ; 10.000       ; 2.761      ; 2.601      ;
; 9.307  ; datain[2]                     ; Acumulador:acc|data_buffer[2]       ; clk          ; clk         ; 10.000       ; 2.761      ; 2.453      ;
; 9.476  ; datain[14]                    ; Acumulador:acc|data_buffer[14]      ; clk          ; clk         ; 10.000       ; 2.761      ; 2.284      ;
; 9.723  ; datain[15]                    ; Acumulador:acc|data_buffer[15]      ; clk          ; clk         ; 10.000       ; 2.761      ; 2.037      ;
; 9.834  ; datain[11]                    ; Acumulador:acc|data_buffer[11]      ; clk          ; clk         ; 10.000       ; 2.761      ; 1.926      ;
; 9.860  ; datain[4]                     ; Acumulador:acc|data_buffer[4]       ; clk          ; clk         ; 10.000       ; 2.761      ; 1.900      ;
; 9.862  ; datain[13]                    ; Acumulador:acc|data_buffer[13]      ; clk          ; clk         ; 10.000       ; 2.761      ; 1.898      ;
; 9.866  ; datain[5]                     ; Acumulador:acc|data_buffer[5]       ; clk          ; clk         ; 10.000       ; 2.761      ; 1.894      ;
; 9.873  ; datain[6]                     ; Acumulador:acc|data_buffer[6]       ; clk          ; clk         ; 10.000       ; 2.761      ; 1.887      ;
; 9.890  ; datain[0]                     ; Acumulador:acc|data_buffer[0]       ; clk          ; clk         ; 10.000       ; 2.761      ; 1.870      ;
; 9.977  ; datain[10]                    ; Acumulador:acc|data_buffer[10]      ; clk          ; clk         ; 10.000       ; 2.761      ; 1.783      ;
; 9.977  ; datain[3]                     ; Acumulador:acc|data_buffer[3]       ; clk          ; clk         ; 10.000       ; 2.761      ; 1.783      ;
; 9.990  ; datain[9]                     ; Acumulador:acc|data_buffer[9]       ; clk          ; clk         ; 10.000       ; 2.761      ; 1.770      ;
; 10.008 ; datain[8]                     ; Acumulador:acc|data_buffer[8]       ; clk          ; clk         ; 10.000       ; 2.761      ; 1.752      ;
; 10.030 ; datain[7]                     ; Acumulador:acc|data_buffer[7]       ; clk          ; clk         ; 10.000       ; 2.761      ; 1.730      ;
; 10.049 ; datain[12]                    ; Acumulador:acc|data_buffer[12]      ; clk          ; clk         ; 10.000       ; 2.761      ; 1.711      ;
; 12.520 ; FSM:fsm|wren                  ; wren                                ; clk          ; clk         ; 20.000       ; -2.825     ; 3.635      ;
; 12.552 ; FSM:fsm|rden                  ; rden                                ; clk          ; clk         ; 20.000       ; -2.825     ; 3.603      ;
; 12.641 ; FSM:fsm|address[4]            ; address[4]                          ; clk          ; clk         ; 20.000       ; -2.826     ; 3.513      ;
; 12.802 ; FSM:fsm|address[0]            ; address[0]                          ; clk          ; clk         ; 20.000       ; -2.826     ; 3.352      ;
; 12.825 ; FSM:fsm|address[3]            ; address[3]                          ; clk          ; clk         ; 20.000       ; -2.826     ; 3.329      ;
; 12.973 ; FSM:fsm|ready                 ; ready                               ; clk          ; clk         ; 20.000       ; -2.826     ; 3.181      ;
; 12.974 ; FSM:fsm|address[1]            ; address[1]                          ; clk          ; clk         ; 20.000       ; -2.826     ; 3.180      ;
; 13.004 ; FSM:fsm|address[2]            ; address[2]                          ; clk          ; clk         ; 20.000       ; -2.826     ; 3.150      ;
; 15.731 ; Acumulador:acc|data_buffer[0] ; Acumulador:acc|out[14]              ; clk          ; clk         ; 20.000       ; -0.120     ; 4.038      ;
; 15.778 ; Acumulador:acc|data_buffer[0] ; Acumulador:acc|out[5]               ; clk          ; clk         ; 20.000       ; -0.159     ; 3.952      ;
; 15.789 ; Acumulador:acc|data_buffer[0] ; Acumulador:acc|out[13]              ; clk          ; clk         ; 20.000       ; -0.120     ; 3.980      ;
; 15.881 ; Acumulador:acc|data_buffer[0] ; Acumulador:acc|out[11]              ; clk          ; clk         ; 20.000       ; -0.115     ; 3.893      ;
; 15.946 ; Acumulador:acc|data_buffer[0] ; Acumulador:acc|out[12]              ; clk          ; clk         ; 20.000       ; -0.108     ; 3.835      ;
; 15.964 ; Acumulador:acc|data_buffer[0] ; Acumulador:acc|out[6]               ; clk          ; clk         ; 20.000       ; -0.159     ; 3.766      ;
; 15.967 ; Acumulador:acc|data_buffer[0] ; Acumulador:acc|out[7]               ; clk          ; clk         ; 20.000       ; -0.143     ; 3.779      ;
; 15.990 ; Acumulador:acc|data_buffer[0] ; Acumulador:acc|out[15]              ; clk          ; clk         ; 20.000       ; -0.125     ; 3.774      ;
; 15.995 ; Acumulador:acc|data_buffer[1] ; Acumulador:acc|out[14]              ; clk          ; clk         ; 20.000       ; -0.120     ; 3.774      ;
; 16.029 ; Acumulador:acc|data_buffer[0] ; Acumulador:acc|out[9]               ; clk          ; clk         ; 20.000       ; -0.115     ; 3.745      ;
; 16.085 ; Acumulador:acc|data_buffer[3] ; Acumulador:acc|out[14]              ; clk          ; clk         ; 20.000       ; -0.120     ; 3.684      ;
; 16.165 ; Acumulador:acc|data_buffer[0] ; Acumulador:acc|out[8]               ; clk          ; clk         ; 20.000       ; -0.137     ; 3.587      ;
+--------+-------------------------------+-------------------------------------+--------------+-------------+--------------+------------+------------+


+---------------------------------------------------------------------------------------------------------------------------------------------------------+
; Slow 1200mV 0C Model Hold: 'clk'                                                                                                                        ;
+-------+-------------------------------------+-------------------------------------+--------------+-------------+--------------+------------+------------+
; Slack ; From Node                           ; To Node                             ; Launch Clock ; Latch Clock ; Relationship ; Clock Skew ; Data Delay ;
+-------+-------------------------------------+-------------------------------------+--------------+-------------+--------------+------------+------------+
; 0.353 ; FSM:fsm|clear                       ; FSM:fsm|clear                       ; clk          ; clk         ; 0.000        ; 0.073      ; 0.597      ;
; 0.353 ; FSM:fsm|wren                        ; FSM:fsm|wren                        ; clk          ; clk         ; 0.000        ; 0.073      ; 0.597      ;
; 0.353 ; FSM:fsm|rden                        ; FSM:fsm|rden                        ; clk          ; clk         ; 0.000        ; 0.073      ; 0.597      ;
; 0.353 ; FSM:fsm|block_base[3]               ; FSM:fsm|block_base[3]               ; clk          ; clk         ; 0.000        ; 0.073      ; 0.597      ;
; 0.353 ; FSM:fsm|block_base[4]               ; FSM:fsm|block_base[4]               ; clk          ; clk         ; 0.000        ; 0.073      ; 0.597      ;
; 0.353 ; FSM:fsm|index_in_block[2]           ; FSM:fsm|index_in_block[2]           ; clk          ; clk         ; 0.000        ; 0.073      ; 0.597      ;
; 0.353 ; FSM:fsm|index_in_block[0]           ; FSM:fsm|index_in_block[0]           ; clk          ; clk         ; 0.000        ; 0.073      ; 0.597      ;
; 0.353 ; FSM:fsm|index_in_block[1]           ; FSM:fsm|index_in_block[1]           ; clk          ; clk         ; 0.000        ; 0.073      ; 0.597      ;
; 0.397 ; FSM:fsm|state.ST_RESET_CLEAR        ; FSM:fsm|state.ST_SET_READ_ADDR      ; clk          ; clk         ; 0.000        ; 0.073      ; 0.641      ;
; 0.403 ; FSM:fsm|state.ST_RESET_CLEAR        ; FSM:fsm|clear                       ; clk          ; clk         ; 0.000        ; 0.073      ; 0.647      ;
; 0.404 ; FSM:fsm|state.ST_WREN_ON            ; FSM:fsm|state.ST_WREN_OFF           ; clk          ; clk         ; 0.000        ; 0.073      ; 0.648      ;
; 0.404 ; FSM:fsm|state.ST_CAPTURE            ; FSM:fsm|load                        ; clk          ; clk         ; 0.000        ; 0.073      ; 0.648      ;
; 0.413 ; FSM:fsm|state.ST_RESET_CLEAR        ; FSM:fsm|wren                        ; clk          ; clk         ; 0.000        ; 0.073      ; 0.657      ;
; 0.415 ; FSM:fsm|block_base[4]               ; FSM:fsm|block_base[3]               ; clk          ; clk         ; 0.000        ; 0.073      ; 0.659      ;
; 0.433 ; FSM:fsm|state.ST_WRITE_PREP         ; FSM:fsm|address[0]                  ; clk          ; clk         ; 0.000        ; 0.073      ; 0.677      ;
; 0.436 ; FSM:fsm|state.ST_WRITE_PREP         ; FSM:fsm|address[1]                  ; clk          ; clk         ; 0.000        ; 0.073      ; 0.680      ;
; 0.437 ; FSM:fsm|state.ST_WRITE_PREP         ; FSM:fsm|address[2]                  ; clk          ; clk         ; 0.000        ; 0.073      ; 0.681      ;
; 0.531 ; FSM:fsm|index_in_block[2]           ; FSM:fsm|state.ST_WRITE_PREP         ; clk          ; clk         ; 0.000        ; 0.073      ; 0.775      ;
; 0.537 ; FSM:fsm|index_in_block[2]           ; FSM:fsm|address[2]                  ; clk          ; clk         ; 0.000        ; 0.073      ; 0.781      ;
; 0.538 ; FSM:fsm|index_in_block[1]           ; FSM:fsm|address[1]                  ; clk          ; clk         ; 0.000        ; 0.073      ; 0.782      ;
; 0.541 ; FSM:fsm|state.ST_WAIT_3             ; FSM:fsm|state.ST_CAPTURE            ; clk          ; clk         ; 0.000        ; 0.073      ; 0.785      ;
; 0.568 ; FSM:fsm|state.ST_READY_PULSE        ; FSM:fsm|ready                       ; clk          ; clk         ; 0.000        ; 0.074      ; 0.813      ;
; 0.569 ; FSM:fsm|block_base[3]               ; FSM:fsm|state.ST_READY_PULSE        ; clk          ; clk         ; 0.000        ; 0.073      ; 0.813      ;
; 0.570 ; FSM:fsm|block_base[3]               ; FSM:fsm|block_base[4]               ; clk          ; clk         ; 0.000        ; 0.073      ; 0.814      ;
; 0.572 ; FSM:fsm|state.ST_WAIT_1             ; FSM:fsm|state.ST_WAIT_2             ; clk          ; clk         ; 0.000        ; 0.074      ; 0.817      ;
; 0.576 ; FSM:fsm|block_base[3]               ; FSM:fsm|address[3]                  ; clk          ; clk         ; 0.000        ; 0.074      ; 0.821      ;
; 0.578 ; FSM:fsm|state.ST_WRITE_PREP         ; FSM:fsm|state.ST_WREN_ON            ; clk          ; clk         ; 0.000        ; 0.072      ; 0.821      ;
; 0.581 ; Acumulador:acc|out[6]~_Duplicate_1  ; Acumulador:acc|out[6]~_Duplicate_1  ; clk          ; clk         ; 0.000        ; 0.070      ; 0.822      ;
; 0.582 ; Acumulador:acc|out[15]~_Duplicate_1 ; Acumulador:acc|out[15]~_Duplicate_1 ; clk          ; clk         ; 0.000        ; 0.070      ; 0.823      ;
; 0.582 ; Acumulador:acc|out[13]~_Duplicate_1 ; Acumulador:acc|out[13]~_Duplicate_1 ; clk          ; clk         ; 0.000        ; 0.070      ; 0.823      ;
; 0.582 ; Acumulador:acc|out[11]~_Duplicate_1 ; Acumulador:acc|out[11]~_Duplicate_1 ; clk          ; clk         ; 0.000        ; 0.070      ; 0.823      ;
; 0.582 ; Acumulador:acc|out[5]~_Duplicate_1  ; Acumulador:acc|out[5]~_Duplicate_1  ; clk          ; clk         ; 0.000        ; 0.070      ; 0.823      ;
; 0.582 ; Acumulador:acc|out[3]~_Duplicate_1  ; Acumulador:acc|out[3]~_Duplicate_1  ; clk          ; clk         ; 0.000        ; 0.070      ; 0.823      ;
; 0.583 ; Acumulador:acc|out[2]~_Duplicate_1  ; Acumulador:acc|out[2]~_Duplicate_1  ; clk          ; clk         ; 0.000        ; 0.070      ; 0.824      ;
; 0.584 ; Acumulador:acc|out[14]~_Duplicate_1 ; Acumulador:acc|out[14]~_Duplicate_1 ; clk          ; clk         ; 0.000        ; 0.070      ; 0.825      ;
; 0.584 ; Acumulador:acc|out[12]~_Duplicate_1 ; Acumulador:acc|out[12]~_Duplicate_1 ; clk          ; clk         ; 0.000        ; 0.070      ; 0.825      ;
; 0.584 ; Acumulador:acc|out[4]~_Duplicate_1  ; Acumulador:acc|out[4]~_Duplicate_1  ; clk          ; clk         ; 0.000        ; 0.070      ; 0.825      ;
; 0.585 ; Acumulador:acc|out[10]~_Duplicate_1 ; Acumulador:acc|out[10]~_Duplicate_1 ; clk          ; clk         ; 0.000        ; 0.070      ; 0.826      ;
; 0.585 ; Acumulador:acc|out[8]~_Duplicate_1  ; Acumulador:acc|out[8]~_Duplicate_1  ; clk          ; clk         ; 0.000        ; 0.070      ; 0.826      ;
; 0.585 ; Acumulador:acc|out[1]~_Duplicate_1  ; Acumulador:acc|out[1]~_Duplicate_1  ; clk          ; clk         ; 0.000        ; 0.070      ; 0.826      ;
; 0.587 ; Acumulador:acc|out[9]~_Duplicate_1  ; Acumulador:acc|out[9]~_Duplicate_1  ; clk          ; clk         ; 0.000        ; 0.070      ; 0.828      ;
; 0.587 ; Acumulador:acc|out[7]~_Duplicate_1  ; Acumulador:acc|out[7]~_Duplicate_1  ; clk          ; clk         ; 0.000        ; 0.070      ; 0.828      ;
; 0.588 ; FSM:fsm|state.ST_WREN_ON            ; FSM:fsm|wren                        ; clk          ; clk         ; 0.000        ; 0.073      ; 0.832      ;
; 0.596 ; FSM:fsm|block_base[4]               ; FSM:fsm|address[4]                  ; clk          ; clk         ; 0.000        ; 0.074      ; 0.841      ;
; 0.600 ; Acumulador:acc|out[0]~_Duplicate_1  ; Acumulador:acc|out[0]~_Duplicate_1  ; clk          ; clk         ; 0.000        ; 0.070      ; 0.841      ;
; 0.607 ; FSM:fsm|state.ST_SET_READ_ADDR      ; FSM:fsm|state.ST_RDEN_ON            ; clk          ; clk         ; 0.000        ; 0.073      ; 0.851      ;
; 0.622 ; FSM:fsm|index_in_block[0]           ; FSM:fsm|index_in_block[1]           ; clk          ; clk         ; 0.000        ; 0.073      ; 0.866      ;
; 0.623 ; FSM:fsm|load                        ; FSM:fsm|index_in_block[1]           ; clk          ; clk         ; 0.000        ; 0.074      ; 0.868      ;
; 0.624 ; FSM:fsm|load                        ; FSM:fsm|transf                      ; clk          ; clk         ; 0.000        ; 0.074      ; 0.869      ;
; 0.634 ; FSM:fsm|state.ST_NEXT_BLOCK         ; FSM:fsm|block_base[3]               ; clk          ; clk         ; 0.000        ; 0.073      ; 0.878      ;
; 0.634 ; FSM:fsm|state.ST_NEXT_BLOCK         ; FSM:fsm|block_base[4]               ; clk          ; clk         ; 0.000        ; 0.073      ; 0.878      ;
; 0.635 ; FSM:fsm|state.ST_NEXT_BLOCK         ; FSM:fsm|state.ST_READY_PULSE        ; clk          ; clk         ; 0.000        ; 0.073      ; 0.879      ;
; 0.636 ; FSM:fsm|index_in_block[1]           ; FSM:fsm|state.ST_WRITE_PREP         ; clk          ; clk         ; 0.000        ; 0.073      ; 0.880      ;
; 0.655 ; FSM:fsm|index_in_block[0]           ; FSM:fsm|state.ST_WRITE_PREP         ; clk          ; clk         ; 0.000        ; 0.073      ; 0.899      ;
; 0.658 ; FSM:fsm|state.ST_NEXT_BLOCK         ; FSM:fsm|clear                       ; clk          ; clk         ; 0.000        ; 0.073      ; 0.902      ;
; 0.662 ; FSM:fsm|state.ST_RESET_CLEAR        ; FSM:fsm|rden                        ; clk          ; clk         ; 0.000        ; 0.073      ; 0.906      ;
; 0.672 ; FSM:fsm|state.ST_CAPTURE            ; FSM:fsm|rden                        ; clk          ; clk         ; 0.000        ; 0.073      ; 0.916      ;
; 0.672 ; FSM:fsm|index_in_block[0]           ; FSM:fsm|address[0]                  ; clk          ; clk         ; 0.000        ; 0.073      ; 0.916      ;
; 0.682 ; FSM:fsm|state.ST_READY_PULSE        ; FSM:fsm|state.ST_RESET_CLEAR        ; clk          ; clk         ; 0.000        ; 0.073      ; 0.926      ;
; 0.707 ; FSM:fsm|state.ST_RDEN_ON            ; FSM:fsm|state.ST_WAIT_1             ; clk          ; clk         ; 0.000        ; 0.072      ; 0.950      ;
; 0.714 ; FSM:fsm|state.ST_WAIT_2             ; FSM:fsm|state.ST_WAIT_3             ; clk          ; clk         ; 0.000        ; 0.073      ; 0.958      ;
; 0.757 ; FSM:fsm|state.ST_WREN_OFF           ; FSM:fsm|state.ST_NEXT_BLOCK         ; clk          ; clk         ; 0.000        ; 0.073      ; 1.001      ;
; 0.764 ; FSM:fsm|state.ST_RDEN_ON            ; FSM:fsm|rden                        ; clk          ; clk         ; 0.000        ; 0.073      ; 1.008      ;
; 0.778 ; FSM:fsm|block_base[4]               ; FSM:fsm|state.ST_READY_PULSE        ; clk          ; clk         ; 0.000        ; 0.073      ; 1.022      ;
; 0.779 ; FSM:fsm|state.ST_WREN_OFF           ; FSM:fsm|wren                        ; clk          ; clk         ; 0.000        ; 0.073      ; 1.023      ;
; 0.786 ; FSM:fsm|state.ST_READY_PULSE        ; FSM:fsm|block_base[3]               ; clk          ; clk         ; 0.000        ; 0.073      ; 1.030      ;
; 0.786 ; FSM:fsm|state.ST_READY_PULSE        ; FSM:fsm|block_base[4]               ; clk          ; clk         ; 0.000        ; 0.073      ; 1.030      ;
; 0.867 ; Acumulador:acc|out[5]~_Duplicate_1  ; Acumulador:acc|out[6]~_Duplicate_1  ; clk          ; clk         ; 0.000        ; 0.070      ; 1.108      ;
; 0.867 ; Acumulador:acc|out[13]~_Duplicate_1 ; Acumulador:acc|out[14]~_Duplicate_1 ; clk          ; clk         ; 0.000        ; 0.070      ; 1.108      ;
; 0.867 ; Acumulador:acc|out[11]~_Duplicate_1 ; Acumulador:acc|out[12]~_Duplicate_1 ; clk          ; clk         ; 0.000        ; 0.070      ; 1.108      ;
; 0.867 ; Acumulador:acc|out[3]~_Duplicate_1  ; Acumulador:acc|out[4]~_Duplicate_1  ; clk          ; clk         ; 0.000        ; 0.070      ; 1.108      ;
; 0.870 ; Acumulador:acc|out[1]~_Duplicate_1  ; Acumulador:acc|out[2]~_Duplicate_1  ; clk          ; clk         ; 0.000        ; 0.070      ; 1.111      ;
; 0.870 ; Acumulador:acc|out[6]~_Duplicate_1  ; Acumulador:acc|out[7]~_Duplicate_1  ; clk          ; clk         ; 0.000        ; 0.070      ; 1.111      ;
; 0.872 ; Acumulador:acc|out[9]~_Duplicate_1  ; Acumulador:acc|out[10]~_Duplicate_1 ; clk          ; clk         ; 0.000        ; 0.070      ; 1.113      ;
; 0.872 ; Acumulador:acc|out[7]~_Duplicate_1  ; Acumulador:acc|out[8]~_Duplicate_1  ; clk          ; clk         ; 0.000        ; 0.070      ; 1.113      ;
; 0.873 ; Acumulador:acc|out[2]~_Duplicate_1  ; Acumulador:acc|out[3]~_Duplicate_1  ; clk          ; clk         ; 0.000        ; 0.070      ; 1.114      ;
; 0.873 ; Acumulador:acc|out[0]~_Duplicate_1  ; Acumulador:acc|out[1]~_Duplicate_1  ; clk          ; clk         ; 0.000        ; 0.070      ; 1.114      ;
; 0.874 ; Acumulador:acc|out[14]~_Duplicate_1 ; Acumulador:acc|out[15]~_Duplicate_1 ; clk          ; clk         ; 0.000        ; 0.070      ; 1.115      ;
; 0.874 ; Acumulador:acc|out[12]~_Duplicate_1 ; Acumulador:acc|out[13]~_Duplicate_1 ; clk          ; clk         ; 0.000        ; 0.070      ; 1.115      ;
; 0.874 ; Acumulador:acc|out[4]~_Duplicate_1  ; Acumulador:acc|out[5]~_Duplicate_1  ; clk          ; clk         ; 0.000        ; 0.070      ; 1.115      ;
; 0.875 ; Acumulador:acc|out[10]~_Duplicate_1 ; Acumulador:acc|out[11]~_Duplicate_1 ; clk          ; clk         ; 0.000        ; 0.070      ; 1.116      ;
; 0.875 ; Acumulador:acc|out[8]~_Duplicate_1  ; Acumulador:acc|out[9]~_Duplicate_1  ; clk          ; clk         ; 0.000        ; 0.070      ; 1.116      ;
; 0.881 ; FSM:fsm|state.ST_READY_PULSE        ; FSM:fsm|index_in_block[2]           ; clk          ; clk         ; 0.000        ; 0.074      ; 1.126      ;
; 0.881 ; FSM:fsm|state.ST_READY_PULSE        ; FSM:fsm|index_in_block[0]           ; clk          ; clk         ; 0.000        ; 0.074      ; 1.126      ;
; 0.881 ; Acumulador:acc|out[6]~_Duplicate_1  ; Acumulador:acc|out[8]~_Duplicate_1  ; clk          ; clk         ; 0.000        ; 0.070      ; 1.122      ;
; 0.884 ; Acumulador:acc|out[2]~_Duplicate_1  ; Acumulador:acc|out[4]~_Duplicate_1  ; clk          ; clk         ; 0.000        ; 0.070      ; 1.125      ;
; 0.884 ; Acumulador:acc|out[0]~_Duplicate_1  ; Acumulador:acc|out[2]~_Duplicate_1  ; clk          ; clk         ; 0.000        ; 0.070      ; 1.125      ;
; 0.885 ; Acumulador:acc|out[4]~_Duplicate_1  ; Acumulador:acc|out[6]~_Duplicate_1  ; clk          ; clk         ; 0.000        ; 0.070      ; 1.126      ;
; 0.885 ; Acumulador:acc|out[12]~_Duplicate_1 ; Acumulador:acc|out[14]~_Duplicate_1 ; clk          ; clk         ; 0.000        ; 0.070      ; 1.126      ;
; 0.886 ; Acumulador:acc|out[10]~_Duplicate_1 ; Acumulador:acc|out[12]~_Duplicate_1 ; clk          ; clk         ; 0.000        ; 0.070      ; 1.127      ;
; 0.886 ; Acumulador:acc|out[8]~_Duplicate_1  ; Acumulador:acc|out[10]~_Duplicate_1 ; clk          ; clk         ; 0.000        ; 0.070      ; 1.127      ;
; 0.937 ; FSM:fsm|load                        ; FSM:fsm|state.ST_WRITE_PREP         ; clk          ; clk         ; 0.000        ; 0.074      ; 1.182      ;
; 0.966 ; Acumulador:acc|out[5]~_Duplicate_1  ; Acumulador:acc|out[7]~_Duplicate_1  ; clk          ; clk         ; 0.000        ; 0.070      ; 1.207      ;
; 0.966 ; Acumulador:acc|out[13]~_Duplicate_1 ; Acumulador:acc|out[15]~_Duplicate_1 ; clk          ; clk         ; 0.000        ; 0.070      ; 1.207      ;
; 0.966 ; Acumulador:acc|out[11]~_Duplicate_1 ; Acumulador:acc|out[13]~_Duplicate_1 ; clk          ; clk         ; 0.000        ; 0.070      ; 1.207      ;
; 0.966 ; Acumulador:acc|out[3]~_Duplicate_1  ; Acumulador:acc|out[5]~_Duplicate_1  ; clk          ; clk         ; 0.000        ; 0.070      ; 1.207      ;
; 0.969 ; Acumulador:acc|out[1]~_Duplicate_1  ; Acumulador:acc|out[3]~_Duplicate_1  ; clk          ; clk         ; 0.000        ; 0.070      ; 1.210      ;
; 0.971 ; Acumulador:acc|out[9]~_Duplicate_1  ; Acumulador:acc|out[11]~_Duplicate_1 ; clk          ; clk         ; 0.000        ; 0.070      ; 1.212      ;
; 0.971 ; Acumulador:acc|out[7]~_Duplicate_1  ; Acumulador:acc|out[9]~_Duplicate_1  ; clk          ; clk         ; 0.000        ; 0.070      ; 1.212      ;
; 0.977 ; Acumulador:acc|out[5]~_Duplicate_1  ; Acumulador:acc|out[8]~_Duplicate_1  ; clk          ; clk         ; 0.000        ; 0.070      ; 1.218      ;
+-------+-------------------------------------+-------------------------------------+--------------+-------------+--------------+------------+------------+


+-----------------------------------------------------------------------------------------------------------------------------------+
; Slow 1200mV 0C Model Recovery: 'clk'                                                                                              ;
+-------+---------------+-------------------------------------+--------------+-------------+--------------+------------+------------+
; Slack ; From Node     ; To Node                             ; Launch Clock ; Latch Clock ; Relationship ; Clock Skew ; Data Delay ;
+-------+---------------+-------------------------------------+--------------+-------------+--------------+------------+------------+
; 7.425 ; FSM:fsm|clear ; Acumulador:acc|out[6]               ; clk          ; clk         ; 10.000       ; -0.145     ; 2.319      ;
; 7.425 ; FSM:fsm|clear ; Acumulador:acc|out[5]               ; clk          ; clk         ; 10.000       ; -0.145     ; 2.319      ;
; 7.425 ; FSM:fsm|clear ; Acumulador:acc|out[0]               ; clk          ; clk         ; 10.000       ; -0.145     ; 2.319      ;
; 7.449 ; FSM:fsm|clear ; Acumulador:acc|out[7]               ; clk          ; clk         ; 10.000       ; -0.129     ; 2.311      ;
; 7.449 ; FSM:fsm|clear ; Acumulador:acc|out[4]               ; clk          ; clk         ; 10.000       ; -0.129     ; 2.311      ;
; 7.494 ; FSM:fsm|clear ; Acumulador:acc|out[12]              ; clk          ; clk         ; 10.000       ; -0.094     ; 2.301      ;
; 7.494 ; FSM:fsm|clear ; Acumulador:acc|out[2]               ; clk          ; clk         ; 10.000       ; -0.094     ; 2.301      ;
; 7.495 ; FSM:fsm|clear ; Acumulador:acc|out[11]              ; clk          ; clk         ; 10.000       ; -0.101     ; 2.293      ;
; 7.495 ; FSM:fsm|clear ; Acumulador:acc|out[9]               ; clk          ; clk         ; 10.000       ; -0.101     ; 2.293      ;
; 7.499 ; FSM:fsm|clear ; Acumulador:acc|out[8]               ; clk          ; clk         ; 10.000       ; -0.123     ; 2.267      ;
; 7.499 ; FSM:fsm|clear ; Acumulador:acc|out[3]               ; clk          ; clk         ; 10.000       ; -0.123     ; 2.267      ;
; 7.499 ; FSM:fsm|clear ; Acumulador:acc|out[1]               ; clk          ; clk         ; 10.000       ; -0.123     ; 2.267      ;
; 7.556 ; FSM:fsm|clear ; Acumulador:acc|out[15]              ; clk          ; clk         ; 10.000       ; -0.111     ; 2.222      ;
; 7.556 ; FSM:fsm|clear ; Acumulador:acc|out[10]              ; clk          ; clk         ; 10.000       ; -0.111     ; 2.222      ;
; 7.583 ; FSM:fsm|clear ; Acumulador:acc|data_buffer[15]      ; clk          ; clk         ; 10.000       ; -0.057     ; 2.359      ;
; 7.583 ; FSM:fsm|clear ; Acumulador:acc|data_buffer[14]      ; clk          ; clk         ; 10.000       ; -0.057     ; 2.359      ;
; 7.583 ; FSM:fsm|clear ; Acumulador:acc|data_buffer[13]      ; clk          ; clk         ; 10.000       ; -0.057     ; 2.359      ;
; 7.583 ; FSM:fsm|clear ; Acumulador:acc|data_buffer[12]      ; clk          ; clk         ; 10.000       ; -0.057     ; 2.359      ;
; 7.583 ; FSM:fsm|clear ; Acumulador:acc|data_buffer[11]      ; clk          ; clk         ; 10.000       ; -0.057     ; 2.359      ;
; 7.583 ; FSM:fsm|clear ; Acumulador:acc|data_buffer[10]      ; clk          ; clk         ; 10.000       ; -0.057     ; 2.359      ;
; 7.583 ; FSM:fsm|clear ; Acumulador:acc|data_buffer[9]       ; clk          ; clk         ; 10.000       ; -0.057     ; 2.359      ;
; 7.583 ; FSM:fsm|clear ; Acumulador:acc|data_buffer[8]       ; clk          ; clk         ; 10.000       ; -0.057     ; 2.359      ;
; 7.583 ; FSM:fsm|clear ; Acumulador:acc|data_buffer[7]       ; clk          ; clk         ; 10.000       ; -0.057     ; 2.359      ;
; 7.583 ; FSM:fsm|clear ; Acumulador:acc|data_buffer[6]       ; clk          ; clk         ; 10.000       ; -0.057     ; 2.359      ;
; 7.583 ; FSM:fsm|clear ; Acumulador:acc|data_buffer[5]       ; clk          ; clk         ; 10.000       ; -0.057     ; 2.359      ;
; 7.583 ; FSM:fsm|clear ; Acumulador:acc|data_buffer[4]       ; clk          ; clk         ; 10.000       ; -0.057     ; 2.359      ;
; 7.583 ; FSM:fsm|clear ; Acumulador:acc|data_buffer[3]       ; clk          ; clk         ; 10.000       ; -0.057     ; 2.359      ;
; 7.583 ; FSM:fsm|clear ; Acumulador:acc|data_buffer[2]       ; clk          ; clk         ; 10.000       ; -0.057     ; 2.359      ;
; 7.583 ; FSM:fsm|clear ; Acumulador:acc|data_buffer[1]       ; clk          ; clk         ; 10.000       ; -0.057     ; 2.359      ;
; 7.583 ; FSM:fsm|clear ; Acumulador:acc|data_buffer[0]       ; clk          ; clk         ; 10.000       ; -0.057     ; 2.359      ;
; 7.650 ; FSM:fsm|clear ; Acumulador:acc|out[15]~_Duplicate_1 ; clk          ; clk         ; 10.000       ; -0.074     ; 2.275      ;
; 7.650 ; FSM:fsm|clear ; Acumulador:acc|out[14]~_Duplicate_1 ; clk          ; clk         ; 10.000       ; -0.074     ; 2.275      ;
; 7.650 ; FSM:fsm|clear ; Acumulador:acc|out[13]~_Duplicate_1 ; clk          ; clk         ; 10.000       ; -0.074     ; 2.275      ;
; 7.650 ; FSM:fsm|clear ; Acumulador:acc|out[12]~_Duplicate_1 ; clk          ; clk         ; 10.000       ; -0.074     ; 2.275      ;
; 7.650 ; FSM:fsm|clear ; Acumulador:acc|out[11]~_Duplicate_1 ; clk          ; clk         ; 10.000       ; -0.074     ; 2.275      ;
; 7.650 ; FSM:fsm|clear ; Acumulador:acc|out[10]~_Duplicate_1 ; clk          ; clk         ; 10.000       ; -0.074     ; 2.275      ;
; 7.650 ; FSM:fsm|clear ; Acumulador:acc|out[9]~_Duplicate_1  ; clk          ; clk         ; 10.000       ; -0.074     ; 2.275      ;
; 7.650 ; FSM:fsm|clear ; Acumulador:acc|out[8]~_Duplicate_1  ; clk          ; clk         ; 10.000       ; -0.074     ; 2.275      ;
; 7.650 ; FSM:fsm|clear ; Acumulador:acc|out[7]~_Duplicate_1  ; clk          ; clk         ; 10.000       ; -0.074     ; 2.275      ;
; 7.650 ; FSM:fsm|clear ; Acumulador:acc|out[6]~_Duplicate_1  ; clk          ; clk         ; 10.000       ; -0.074     ; 2.275      ;
; 7.650 ; FSM:fsm|clear ; Acumulador:acc|out[5]~_Duplicate_1  ; clk          ; clk         ; 10.000       ; -0.074     ; 2.275      ;
; 7.650 ; FSM:fsm|clear ; Acumulador:acc|out[4]~_Duplicate_1  ; clk          ; clk         ; 10.000       ; -0.074     ; 2.275      ;
; 7.650 ; FSM:fsm|clear ; Acumulador:acc|out[3]~_Duplicate_1  ; clk          ; clk         ; 10.000       ; -0.074     ; 2.275      ;
; 7.650 ; FSM:fsm|clear ; Acumulador:acc|out[2]~_Duplicate_1  ; clk          ; clk         ; 10.000       ; -0.074     ; 2.275      ;
; 7.650 ; FSM:fsm|clear ; Acumulador:acc|out[1]~_Duplicate_1  ; clk          ; clk         ; 10.000       ; -0.074     ; 2.275      ;
; 7.650 ; FSM:fsm|clear ; Acumulador:acc|out[0]~_Duplicate_1  ; clk          ; clk         ; 10.000       ; -0.074     ; 2.275      ;
; 7.667 ; FSM:fsm|clear ; Acumulador:acc|out[14]              ; clk          ; clk         ; 10.000       ; -0.106     ; 2.116      ;
; 7.667 ; FSM:fsm|clear ; Acumulador:acc|out[13]              ; clk          ; clk         ; 10.000       ; -0.106     ; 2.116      ;
+-------+---------------+-------------------------------------+--------------+-------------+--------------+------------+------------+


+------------------------------------------------------------------------------------------------------------------------------------+
; Slow 1200mV 0C Model Removal: 'clk'                                                                                                ;
+--------+---------------+-------------------------------------+--------------+-------------+--------------+------------+------------+
; Slack  ; From Node     ; To Node                             ; Launch Clock ; Latch Clock ; Relationship ; Clock Skew ; Data Delay ;
+--------+---------------+-------------------------------------+--------------+-------------+--------------+------------+------------+
; 11.796 ; FSM:fsm|clear ; Acumulador:acc|out[15]~_Duplicate_1 ; clk          ; clk         ; -10.000      ; 0.112      ; 2.099      ;
; 11.796 ; FSM:fsm|clear ; Acumulador:acc|out[14]~_Duplicate_1 ; clk          ; clk         ; -10.000      ; 0.112      ; 2.099      ;
; 11.796 ; FSM:fsm|clear ; Acumulador:acc|out[13]~_Duplicate_1 ; clk          ; clk         ; -10.000      ; 0.112      ; 2.099      ;
; 11.796 ; FSM:fsm|clear ; Acumulador:acc|out[12]~_Duplicate_1 ; clk          ; clk         ; -10.000      ; 0.112      ; 2.099      ;
; 11.796 ; FSM:fsm|clear ; Acumulador:acc|out[11]~_Duplicate_1 ; clk          ; clk         ; -10.000      ; 0.112      ; 2.099      ;
; 11.796 ; FSM:fsm|clear ; Acumulador:acc|out[10]~_Duplicate_1 ; clk          ; clk         ; -10.000      ; 0.112      ; 2.099      ;
; 11.796 ; FSM:fsm|clear ; Acumulador:acc|out[9]~_Duplicate_1  ; clk          ; clk         ; -10.000      ; 0.112      ; 2.099      ;
; 11.796 ; FSM:fsm|clear ; Acumulador:acc|out[8]~_Duplicate_1  ; clk          ; clk         ; -10.000      ; 0.112      ; 2.099      ;
; 11.796 ; FSM:fsm|clear ; Acumulador:acc|out[7]~_Duplicate_1  ; clk          ; clk         ; -10.000      ; 0.112      ; 2.099      ;
; 11.796 ; FSM:fsm|clear ; Acumulador:acc|out[6]~_Duplicate_1  ; clk          ; clk         ; -10.000      ; 0.112      ; 2.099      ;
; 11.796 ; FSM:fsm|clear ; Acumulador:acc|out[5]~_Duplicate_1  ; clk          ; clk         ; -10.000      ; 0.112      ; 2.099      ;
; 11.796 ; FSM:fsm|clear ; Acumulador:acc|out[4]~_Duplicate_1  ; clk          ; clk         ; -10.000      ; 0.112      ; 2.099      ;
; 11.796 ; FSM:fsm|clear ; Acumulador:acc|out[3]~_Duplicate_1  ; clk          ; clk         ; -10.000      ; 0.112      ; 2.099      ;
; 11.796 ; FSM:fsm|clear ; Acumulador:acc|out[2]~_Duplicate_1  ; clk          ; clk         ; -10.000      ; 0.112      ; 2.099      ;
; 11.796 ; FSM:fsm|clear ; Acumulador:acc|out[1]~_Duplicate_1  ; clk          ; clk         ; -10.000      ; 0.112      ; 2.099      ;
; 11.796 ; FSM:fsm|clear ; Acumulador:acc|out[0]~_Duplicate_1  ; clk          ; clk         ; -10.000      ; 0.112      ; 2.099      ;
; 11.850 ; FSM:fsm|clear ; Acumulador:acc|out[14]              ; clk          ; clk         ; -10.000      ; 0.060      ; 2.031      ;
; 11.850 ; FSM:fsm|clear ; Acumulador:acc|out[13]              ; clk          ; clk         ; -10.000      ; 0.060      ; 2.031      ;
; 11.871 ; FSM:fsm|clear ; Acumulador:acc|data_buffer[15]      ; clk          ; clk         ; -10.000      ; 0.130      ; 2.192      ;
; 11.871 ; FSM:fsm|clear ; Acumulador:acc|data_buffer[14]      ; clk          ; clk         ; -10.000      ; 0.130      ; 2.192      ;
; 11.871 ; FSM:fsm|clear ; Acumulador:acc|data_buffer[13]      ; clk          ; clk         ; -10.000      ; 0.130      ; 2.192      ;
; 11.871 ; FSM:fsm|clear ; Acumulador:acc|data_buffer[12]      ; clk          ; clk         ; -10.000      ; 0.130      ; 2.192      ;
; 11.871 ; FSM:fsm|clear ; Acumulador:acc|data_buffer[11]      ; clk          ; clk         ; -10.000      ; 0.130      ; 2.192      ;
; 11.871 ; FSM:fsm|clear ; Acumulador:acc|data_buffer[10]      ; clk          ; clk         ; -10.000      ; 0.130      ; 2.192      ;
; 11.871 ; FSM:fsm|clear ; Acumulador:acc|data_buffer[9]       ; clk          ; clk         ; -10.000      ; 0.130      ; 2.192      ;
; 11.871 ; FSM:fsm|clear ; Acumulador:acc|data_buffer[8]       ; clk          ; clk         ; -10.000      ; 0.130      ; 2.192      ;
; 11.871 ; FSM:fsm|clear ; Acumulador:acc|data_buffer[7]       ; clk          ; clk         ; -10.000      ; 0.130      ; 2.192      ;
; 11.871 ; FSM:fsm|clear ; Acumulador:acc|data_buffer[6]       ; clk          ; clk         ; -10.000      ; 0.130      ; 2.192      ;
; 11.871 ; FSM:fsm|clear ; Acumulador:acc|data_buffer[5]       ; clk          ; clk         ; -10.000      ; 0.130      ; 2.192      ;
; 11.871 ; FSM:fsm|clear ; Acumulador:acc|data_buffer[4]       ; clk          ; clk         ; -10.000      ; 0.130      ; 2.192      ;
; 11.871 ; FSM:fsm|clear ; Acumulador:acc|data_buffer[3]       ; clk          ; clk         ; -10.000      ; 0.130      ; 2.192      ;
; 11.871 ; FSM:fsm|clear ; Acumulador:acc|data_buffer[2]       ; clk          ; clk         ; -10.000      ; 0.130      ; 2.192      ;
; 11.871 ; FSM:fsm|clear ; Acumulador:acc|data_buffer[1]       ; clk          ; clk         ; -10.000      ; 0.130      ; 2.192      ;
; 11.871 ; FSM:fsm|clear ; Acumulador:acc|data_buffer[0]       ; clk          ; clk         ; -10.000      ; 0.130      ; 2.192      ;
; 11.967 ; FSM:fsm|clear ; Acumulador:acc|out[15]              ; clk          ; clk         ; -10.000      ; 0.055      ; 2.143      ;
; 11.967 ; FSM:fsm|clear ; Acumulador:acc|out[10]              ; clk          ; clk         ; -10.000      ; 0.055      ; 2.143      ;
; 12.021 ; FSM:fsm|clear ; Acumulador:acc|out[11]              ; clk          ; clk         ; -10.000      ; 0.065      ; 2.207      ;
; 12.021 ; FSM:fsm|clear ; Acumulador:acc|out[9]               ; clk          ; clk         ; -10.000      ; 0.065      ; 2.207      ;
; 12.021 ; FSM:fsm|clear ; Acumulador:acc|out[8]               ; clk          ; clk         ; -10.000      ; 0.042      ; 2.184      ;
; 12.021 ; FSM:fsm|clear ; Acumulador:acc|out[3]               ; clk          ; clk         ; -10.000      ; 0.042      ; 2.184      ;
; 12.021 ; FSM:fsm|clear ; Acumulador:acc|out[1]               ; clk          ; clk         ; -10.000      ; 0.042      ; 2.184      ;
; 12.022 ; FSM:fsm|clear ; Acumulador:acc|out[12]              ; clk          ; clk         ; -10.000      ; 0.073      ; 2.216      ;
; 12.022 ; FSM:fsm|clear ; Acumulador:acc|out[2]               ; clk          ; clk         ; -10.000      ; 0.073      ; 2.216      ;
; 12.068 ; FSM:fsm|clear ; Acumulador:acc|out[7]               ; clk          ; clk         ; -10.000      ; 0.036      ; 2.225      ;
; 12.068 ; FSM:fsm|clear ; Acumulador:acc|out[4]               ; clk          ; clk         ; -10.000      ; 0.036      ; 2.225      ;
; 12.092 ; FSM:fsm|clear ; Acumulador:acc|out[6]               ; clk          ; clk         ; -10.000      ; 0.019      ; 2.232      ;
; 12.092 ; FSM:fsm|clear ; Acumulador:acc|out[5]               ; clk          ; clk         ; -10.000      ; 0.019      ; 2.232      ;
; 12.092 ; FSM:fsm|clear ; Acumulador:acc|out[0]               ; clk          ; clk         ; -10.000      ; 0.019      ; 2.232      ;
+--------+---------------+-------------------------------------+--------------+-------------+--------------+------------+------------+


----------------------------------------------
; Slow 1200mV 0C Model Metastability Summary ;
----------------------------------------------
No synchronizer chains to report.


+------------------------------------+
; Fast 1200mV 0C Model Setup Summary ;
+-------+-------+--------------------+
; Clock ; Slack ; End Point TNS      ;
+-------+-------+--------------------+
; clk   ; 5.251 ; 0.000              ;
+-------+-------+--------------------+


+-----------------------------------+
; Fast 1200mV 0C Model Hold Summary ;
+-------+-------+-------------------+
; Clock ; Slack ; End Point TNS     ;
+-------+-------+-------------------+
; clk   ; 0.181 ; 0.000             ;
+-------+-------+-------------------+


+---------------------------------------+
; Fast 1200mV 0C Model Recovery Summary ;
+-------+-------+-----------------------+
; Clock ; Slack ; End Point TNS         ;
+-------+-------+-----------------------+
; clk   ; 8.841 ; 0.000                 ;
+-------+-------+-----------------------+


+--------------------------------------+
; Fast 1200mV 0C Model Removal Summary ;
+-------+--------+---------------------+
; Clock ; Slack  ; End Point TNS       ;
+-------+--------+---------------------+
; clk   ; 10.580 ; 0.000               ;
+-------+--------+---------------------+


+--------------------------------------------------+
; Fast 1200mV 0C Model Minimum Pulse Width Summary ;
+-------+-------+----------------------------------+
; Clock ; Slack ; End Point TNS                    ;
+-------+-------+----------------------------------+
; clk   ; 9.395 ; 0.000                            ;
+-------+-------+----------------------------------+


+----------------------------------------------------------------------------------------------------------------------------------------------------+
; Fast 1200mV 0C Model Setup: 'clk'                                                                                                                  ;
+--------+-------------------------------+-------------------------------------+--------------+-------------+--------------+------------+------------+
; Slack  ; From Node                     ; To Node                             ; Launch Clock ; Latch Clock ; Relationship ; Clock Skew ; Data Delay ;
+--------+-------------------------------+-------------------------------------+--------------+-------------+--------------+------------+------------+
; 5.251  ; Acumulador:acc|out[15]        ; dataout[15]                         ; clk          ; clk         ; 10.000       ; -1.973     ; 1.756      ;
; 5.252  ; Acumulador:acc|out[2]         ; dataout[2]                          ; clk          ; clk         ; 10.000       ; -1.992     ; 1.736      ;
; 5.260  ; Acumulador:acc|out[9]         ; dataout[9]                          ; clk          ; clk         ; 10.000       ; -1.984     ; 1.736      ;
; 5.262  ; Acumulador:acc|out[12]        ; dataout[12]                         ; clk          ; clk         ; 10.000       ; -1.992     ; 1.726      ;
; 5.264  ; Acumulador:acc|out[6]         ; dataout[6]                          ; clk          ; clk         ; 10.000       ; -1.940     ; 1.776      ;
; 5.271  ; Acumulador:acc|out[10]        ; dataout[10]                         ; clk          ; clk         ; 10.000       ; -1.973     ; 1.736      ;
; 5.274  ; Acumulador:acc|out[0]         ; dataout[0]                          ; clk          ; clk         ; 10.000       ; -1.940     ; 1.766      ;
; 5.275  ; Acumulador:acc|out[13]        ; dataout[13]                         ; clk          ; clk         ; 10.000       ; -1.979     ; 1.726      ;
; 5.280  ; Acumulador:acc|out[11]        ; dataout[11]                         ; clk          ; clk         ; 10.000       ; -1.984     ; 1.716      ;
; 5.283  ; Acumulador:acc|out[1]         ; dataout[1]                          ; clk          ; clk         ; 10.000       ; -1.961     ; 1.736      ;
; 5.284  ; Acumulador:acc|out[5]         ; dataout[5]                          ; clk          ; clk         ; 10.000       ; -1.940     ; 1.756      ;
; 5.285  ; Acumulador:acc|out[14]        ; dataout[14]                         ; clk          ; clk         ; 10.000       ; -1.979     ; 1.716      ;
; 5.293  ; Acumulador:acc|out[8]         ; dataout[8]                          ; clk          ; clk         ; 10.000       ; -1.961     ; 1.726      ;
; 5.293  ; Acumulador:acc|out[3]         ; dataout[3]                          ; clk          ; clk         ; 10.000       ; -1.961     ; 1.726      ;
; 5.299  ; Acumulador:acc|out[7]         ; dataout[7]                          ; clk          ; clk         ; 10.000       ; -1.955     ; 1.726      ;
; 5.299  ; Acumulador:acc|out[4]         ; dataout[4]                          ; clk          ; clk         ; 10.000       ; -1.955     ; 1.726      ;
; 8.799  ; FSM:fsm|transf                ; Acumulador:acc|out[6]               ; clk          ; clk         ; 10.000       ; 0.225      ; 1.366      ;
; 8.799  ; FSM:fsm|transf                ; Acumulador:acc|out[5]               ; clk          ; clk         ; 10.000       ; 0.225      ; 1.366      ;
; 8.799  ; FSM:fsm|transf                ; Acumulador:acc|out[0]               ; clk          ; clk         ; 10.000       ; 0.225      ; 1.366      ;
; 8.820  ; FSM:fsm|transf                ; Acumulador:acc|out[7]               ; clk          ; clk         ; 10.000       ; 0.239      ; 1.359      ;
; 8.820  ; FSM:fsm|transf                ; Acumulador:acc|out[4]               ; clk          ; clk         ; 10.000       ; 0.239      ; 1.359      ;
; 8.832  ; FSM:fsm|transf                ; Acumulador:acc|out[8]               ; clk          ; clk         ; 10.000       ; 0.246      ; 1.354      ;
; 8.832  ; FSM:fsm|transf                ; Acumulador:acc|out[3]               ; clk          ; clk         ; 10.000       ; 0.246      ; 1.354      ;
; 8.832  ; FSM:fsm|transf                ; Acumulador:acc|out[1]               ; clk          ; clk         ; 10.000       ; 0.246      ; 1.354      ;
; 8.950  ; FSM:fsm|transf                ; Acumulador:acc|out[15]~_Duplicate_1 ; clk          ; clk         ; 10.000       ; 0.295      ; 1.332      ;
; 8.950  ; FSM:fsm|transf                ; Acumulador:acc|out[14]~_Duplicate_1 ; clk          ; clk         ; 10.000       ; 0.295      ; 1.332      ;
; 8.950  ; FSM:fsm|transf                ; Acumulador:acc|out[13]~_Duplicate_1 ; clk          ; clk         ; 10.000       ; 0.295      ; 1.332      ;
; 8.950  ; FSM:fsm|transf                ; Acumulador:acc|out[12]~_Duplicate_1 ; clk          ; clk         ; 10.000       ; 0.295      ; 1.332      ;
; 8.950  ; FSM:fsm|transf                ; Acumulador:acc|out[11]~_Duplicate_1 ; clk          ; clk         ; 10.000       ; 0.295      ; 1.332      ;
; 8.950  ; FSM:fsm|transf                ; Acumulador:acc|out[10]~_Duplicate_1 ; clk          ; clk         ; 10.000       ; 0.295      ; 1.332      ;
; 8.950  ; FSM:fsm|transf                ; Acumulador:acc|out[9]~_Duplicate_1  ; clk          ; clk         ; 10.000       ; 0.295      ; 1.332      ;
; 8.950  ; FSM:fsm|transf                ; Acumulador:acc|out[8]~_Duplicate_1  ; clk          ; clk         ; 10.000       ; 0.295      ; 1.332      ;
; 8.950  ; FSM:fsm|transf                ; Acumulador:acc|out[7]~_Duplicate_1  ; clk          ; clk         ; 10.000       ; 0.295      ; 1.332      ;
; 8.950  ; FSM:fsm|transf                ; Acumulador:acc|out[6]~_Duplicate_1  ; clk          ; clk         ; 10.000       ; 0.295      ; 1.332      ;
; 8.950  ; FSM:fsm|transf                ; Acumulador:acc|out[5]~_Duplicate_1  ; clk          ; clk         ; 10.000       ; 0.295      ; 1.332      ;
; 8.950  ; FSM:fsm|transf                ; Acumulador:acc|out[4]~_Duplicate_1  ; clk          ; clk         ; 10.000       ; 0.295      ; 1.332      ;
; 8.950  ; FSM:fsm|transf                ; Acumulador:acc|out[3]~_Duplicate_1  ; clk          ; clk         ; 10.000       ; 0.295      ; 1.332      ;
; 8.950  ; FSM:fsm|transf                ; Acumulador:acc|out[2]~_Duplicate_1  ; clk          ; clk         ; 10.000       ; 0.295      ; 1.332      ;
; 8.950  ; FSM:fsm|transf                ; Acumulador:acc|out[1]~_Duplicate_1  ; clk          ; clk         ; 10.000       ; 0.295      ; 1.332      ;
; 8.950  ; FSM:fsm|transf                ; Acumulador:acc|out[0]~_Duplicate_1  ; clk          ; clk         ; 10.000       ; 0.295      ; 1.332      ;
; 9.023  ; FSM:fsm|transf                ; Acumulador:acc|out[15]              ; clk          ; clk         ; 10.000       ; 0.257      ; 1.174      ;
; 9.023  ; FSM:fsm|transf                ; Acumulador:acc|out[10]              ; clk          ; clk         ; 10.000       ; 0.257      ; 1.174      ;
; 9.044  ; FSM:fsm|transf                ; Acumulador:acc|out[14]              ; clk          ; clk         ; 10.000       ; 0.263      ; 1.159      ;
; 9.044  ; FSM:fsm|transf                ; Acumulador:acc|out[13]              ; clk          ; clk         ; 10.000       ; 0.263      ; 1.159      ;
; 9.054  ; FSM:fsm|transf                ; Acumulador:acc|out[11]              ; clk          ; clk         ; 10.000       ; 0.267      ; 1.153      ;
; 9.054  ; FSM:fsm|transf                ; Acumulador:acc|out[9]               ; clk          ; clk         ; 10.000       ; 0.267      ; 1.153      ;
; 9.162  ; datain[1]                     ; Acumulador:acc|data_buffer[1]       ; clk          ; clk         ; 10.000       ; 1.981      ; 1.806      ;
; 9.192  ; FSM:fsm|load                  ; Acumulador:acc|data_buffer[15]      ; clk          ; clk         ; 10.000       ; 0.313      ; 1.108      ;
; 9.192  ; FSM:fsm|load                  ; Acumulador:acc|data_buffer[14]      ; clk          ; clk         ; 10.000       ; 0.313      ; 1.108      ;
; 9.192  ; FSM:fsm|load                  ; Acumulador:acc|data_buffer[13]      ; clk          ; clk         ; 10.000       ; 0.313      ; 1.108      ;
; 9.192  ; FSM:fsm|load                  ; Acumulador:acc|data_buffer[12]      ; clk          ; clk         ; 10.000       ; 0.313      ; 1.108      ;
; 9.192  ; FSM:fsm|load                  ; Acumulador:acc|data_buffer[11]      ; clk          ; clk         ; 10.000       ; 0.313      ; 1.108      ;
; 9.192  ; FSM:fsm|load                  ; Acumulador:acc|data_buffer[10]      ; clk          ; clk         ; 10.000       ; 0.313      ; 1.108      ;
; 9.192  ; FSM:fsm|load                  ; Acumulador:acc|data_buffer[9]       ; clk          ; clk         ; 10.000       ; 0.313      ; 1.108      ;
; 9.192  ; FSM:fsm|load                  ; Acumulador:acc|data_buffer[8]       ; clk          ; clk         ; 10.000       ; 0.313      ; 1.108      ;
; 9.192  ; FSM:fsm|load                  ; Acumulador:acc|data_buffer[7]       ; clk          ; clk         ; 10.000       ; 0.313      ; 1.108      ;
; 9.192  ; FSM:fsm|load                  ; Acumulador:acc|data_buffer[6]       ; clk          ; clk         ; 10.000       ; 0.313      ; 1.108      ;
; 9.192  ; FSM:fsm|load                  ; Acumulador:acc|data_buffer[5]       ; clk          ; clk         ; 10.000       ; 0.313      ; 1.108      ;
; 9.192  ; FSM:fsm|load                  ; Acumulador:acc|data_buffer[4]       ; clk          ; clk         ; 10.000       ; 0.313      ; 1.108      ;
; 9.192  ; FSM:fsm|load                  ; Acumulador:acc|data_buffer[3]       ; clk          ; clk         ; 10.000       ; 0.313      ; 1.108      ;
; 9.192  ; FSM:fsm|load                  ; Acumulador:acc|data_buffer[2]       ; clk          ; clk         ; 10.000       ; 0.313      ; 1.108      ;
; 9.192  ; FSM:fsm|load                  ; Acumulador:acc|data_buffer[1]       ; clk          ; clk         ; 10.000       ; 0.313      ; 1.108      ;
; 9.192  ; FSM:fsm|load                  ; Acumulador:acc|data_buffer[0]       ; clk          ; clk         ; 10.000       ; 0.313      ; 1.108      ;
; 9.252  ; FSM:fsm|transf                ; Acumulador:acc|out[12]              ; clk          ; clk         ; 10.000       ; 0.275      ; 0.963      ;
; 9.252  ; FSM:fsm|transf                ; Acumulador:acc|out[2]               ; clk          ; clk         ; 10.000       ; 0.275      ; 0.963      ;
; 9.262  ; datain[2]                     ; Acumulador:acc|data_buffer[2]       ; clk          ; clk         ; 10.000       ; 1.981      ; 1.706      ;
; 9.348  ; datain[14]                    ; Acumulador:acc|data_buffer[14]      ; clk          ; clk         ; 10.000       ; 1.981      ; 1.620      ;
; 9.511  ; datain[15]                    ; Acumulador:acc|data_buffer[15]      ; clk          ; clk         ; 10.000       ; 1.981      ; 1.457      ;
; 9.603  ; datain[11]                    ; Acumulador:acc|data_buffer[11]      ; clk          ; clk         ; 10.000       ; 1.981      ; 1.365      ;
; 9.633  ; datain[4]                     ; Acumulador:acc|data_buffer[4]       ; clk          ; clk         ; 10.000       ; 1.981      ; 1.335      ;
; 9.633  ; datain[6]                     ; Acumulador:acc|data_buffer[6]       ; clk          ; clk         ; 10.000       ; 1.981      ; 1.335      ;
; 9.637  ; datain[13]                    ; Acumulador:acc|data_buffer[13]      ; clk          ; clk         ; 10.000       ; 1.981      ; 1.331      ;
; 9.642  ; datain[5]                     ; Acumulador:acc|data_buffer[5]       ; clk          ; clk         ; 10.000       ; 1.981      ; 1.326      ;
; 9.655  ; datain[10]                    ; Acumulador:acc|data_buffer[10]      ; clk          ; clk         ; 10.000       ; 1.981      ; 1.313      ;
; 9.655  ; datain[3]                     ; Acumulador:acc|data_buffer[3]       ; clk          ; clk         ; 10.000       ; 1.981      ; 1.313      ;
; 9.660  ; datain[9]                     ; Acumulador:acc|data_buffer[9]       ; clk          ; clk         ; 10.000       ; 1.981      ; 1.308      ;
; 9.663  ; datain[0]                     ; Acumulador:acc|data_buffer[0]       ; clk          ; clk         ; 10.000       ; 1.981      ; 1.305      ;
; 9.687  ; datain[7]                     ; Acumulador:acc|data_buffer[7]       ; clk          ; clk         ; 10.000       ; 1.981      ; 1.281      ;
; 9.690  ; datain[8]                     ; Acumulador:acc|data_buffer[8]       ; clk          ; clk         ; 10.000       ; 1.981      ; 1.278      ;
; 9.715  ; datain[12]                    ; Acumulador:acc|data_buffer[12]      ; clk          ; clk         ; 10.000       ; 1.981      ; 1.253      ;
; 15.095 ; FSM:fsm|wren                  ; wren                                ; clk          ; clk         ; 20.000       ; -1.672     ; 2.213      ;
; 15.122 ; FSM:fsm|rden                  ; rden                                ; clk          ; clk         ; 20.000       ; -1.672     ; 2.186      ;
; 15.138 ; FSM:fsm|address[4]            ; address[4]                          ; clk          ; clk         ; 20.000       ; -1.672     ; 2.170      ;
; 15.253 ; FSM:fsm|address[0]            ; address[0]                          ; clk          ; clk         ; 20.000       ; -1.672     ; 2.055      ;
; 15.288 ; FSM:fsm|address[3]            ; address[3]                          ; clk          ; clk         ; 20.000       ; -1.672     ; 2.020      ;
; 15.341 ; FSM:fsm|address[1]            ; address[1]                          ; clk          ; clk         ; 20.000       ; -1.672     ; 1.967      ;
; 15.342 ; FSM:fsm|ready                 ; ready                               ; clk          ; clk         ; 20.000       ; -1.672     ; 1.966      ;
; 15.371 ; FSM:fsm|address[2]            ; address[2]                          ; clk          ; clk         ; 20.000       ; -1.672     ; 1.937      ;
; 17.418 ; reset                         ; FSM:fsm|state.ST_RESET_CLEAR        ; clk          ; clk         ; 20.000       ; 1.610      ; 3.179      ;
; 17.499 ; reset                         ; FSM:fsm|address[0]                  ; clk          ; clk         ; 20.000       ; 1.610      ; 3.098      ;
; 17.499 ; reset                         ; FSM:fsm|address[1]                  ; clk          ; clk         ; 20.000       ; 1.610      ; 3.098      ;
; 17.499 ; reset                         ; FSM:fsm|address[2]                  ; clk          ; clk         ; 20.000       ; 1.610      ; 3.098      ;
; 17.499 ; reset                         ; FSM:fsm|address[3]                  ; clk          ; clk         ; 20.000       ; 1.610      ; 3.098      ;
; 17.499 ; reset                         ; FSM:fsm|address[4]                  ; clk          ; clk         ; 20.000       ; 1.610      ; 3.098      ;
; 17.601 ; Acumulador:acc|data_buffer[0] ; Acumulador:acc|out[14]              ; clk          ; clk         ; 20.000       ; -0.094     ; 2.245      ;
; 17.696 ; Acumulador:acc|data_buffer[0] ; Acumulador:acc|out[6]               ; clk          ; clk         ; 20.000       ; -0.132     ; 2.112      ;
; 17.704 ; Acumulador:acc|data_buffer[0] ; Acumulador:acc|out[13]              ; clk          ; clk         ; 20.000       ; -0.094     ; 2.142      ;
; 17.704 ; Acumulador:acc|data_buffer[0] ; Acumulador:acc|out[5]               ; clk          ; clk         ; 20.000       ; -0.132     ; 2.104      ;
; 17.713 ; reset                         ; FSM:fsm|state.ST_WRITE_PREP         ; clk          ; clk         ; 20.000       ; 1.610      ; 2.884      ;
; 17.715 ; Acumulador:acc|data_buffer[0] ; Acumulador:acc|out[12]              ; clk          ; clk         ; 20.000       ; -0.082     ; 2.143      ;
+--------+-------------------------------+-------------------------------------+--------------+-------------+--------------+------------+------------+


+---------------------------------------------------------------------------------------------------------------------------------------------------------+
; Fast 1200mV 0C Model Hold: 'clk'                                                                                                                        ;
+-------+-------------------------------------+-------------------------------------+--------------+-------------+--------------+------------+------------+
; Slack ; From Node                           ; To Node                             ; Launch Clock ; Latch Clock ; Relationship ; Clock Skew ; Data Delay ;
+-------+-------------------------------------+-------------------------------------+--------------+-------------+--------------+------------+------------+
; 0.181 ; FSM:fsm|clear                       ; FSM:fsm|clear                       ; clk          ; clk         ; 0.000        ; 0.042      ; 0.307      ;
; 0.181 ; FSM:fsm|wren                        ; FSM:fsm|wren                        ; clk          ; clk         ; 0.000        ; 0.042      ; 0.307      ;
; 0.181 ; FSM:fsm|rden                        ; FSM:fsm|rden                        ; clk          ; clk         ; 0.000        ; 0.042      ; 0.307      ;
; 0.181 ; FSM:fsm|block_base[3]               ; FSM:fsm|block_base[3]               ; clk          ; clk         ; 0.000        ; 0.042      ; 0.307      ;
; 0.181 ; FSM:fsm|block_base[4]               ; FSM:fsm|block_base[4]               ; clk          ; clk         ; 0.000        ; 0.042      ; 0.307      ;
; 0.181 ; FSM:fsm|index_in_block[2]           ; FSM:fsm|index_in_block[2]           ; clk          ; clk         ; 0.000        ; 0.042      ; 0.307      ;
; 0.181 ; FSM:fsm|index_in_block[0]           ; FSM:fsm|index_in_block[0]           ; clk          ; clk         ; 0.000        ; 0.042      ; 0.307      ;
; 0.181 ; FSM:fsm|index_in_block[1]           ; FSM:fsm|index_in_block[1]           ; clk          ; clk         ; 0.000        ; 0.042      ; 0.307      ;
; 0.193 ; FSM:fsm|state.ST_WREN_ON            ; FSM:fsm|state.ST_WREN_OFF           ; clk          ; clk         ; 0.000        ; 0.042      ; 0.319      ;
; 0.193 ; FSM:fsm|state.ST_CAPTURE            ; FSM:fsm|load                        ; clk          ; clk         ; 0.000        ; 0.042      ; 0.319      ;
; 0.197 ; FSM:fsm|state.ST_RESET_CLEAR        ; FSM:fsm|wren                        ; clk          ; clk         ; 0.000        ; 0.042      ; 0.323      ;
; 0.199 ; FSM:fsm|block_base[4]               ; FSM:fsm|block_base[3]               ; clk          ; clk         ; 0.000        ; 0.042      ; 0.325      ;
; 0.202 ; FSM:fsm|state.ST_RESET_CLEAR        ; FSM:fsm|state.ST_SET_READ_ADDR      ; clk          ; clk         ; 0.000        ; 0.042      ; 0.328      ;
; 0.207 ; FSM:fsm|state.ST_RESET_CLEAR        ; FSM:fsm|clear                       ; clk          ; clk         ; 0.000        ; 0.042      ; 0.333      ;
; 0.210 ; FSM:fsm|state.ST_WRITE_PREP         ; FSM:fsm|address[0]                  ; clk          ; clk         ; 0.000        ; 0.042      ; 0.336      ;
; 0.213 ; FSM:fsm|state.ST_WRITE_PREP         ; FSM:fsm|address[1]                  ; clk          ; clk         ; 0.000        ; 0.042      ; 0.339      ;
; 0.214 ; FSM:fsm|state.ST_WRITE_PREP         ; FSM:fsm|address[2]                  ; clk          ; clk         ; 0.000        ; 0.042      ; 0.340      ;
; 0.256 ; FSM:fsm|state.ST_WAIT_3             ; FSM:fsm|state.ST_CAPTURE            ; clk          ; clk         ; 0.000        ; 0.042      ; 0.382      ;
; 0.262 ; FSM:fsm|index_in_block[2]           ; FSM:fsm|state.ST_WRITE_PREP         ; clk          ; clk         ; 0.000        ; 0.042      ; 0.388      ;
; 0.266 ; FSM:fsm|state.ST_READY_PULSE        ; FSM:fsm|ready                       ; clk          ; clk         ; 0.000        ; 0.042      ; 0.392      ;
; 0.266 ; FSM:fsm|index_in_block[1]           ; FSM:fsm|address[1]                  ; clk          ; clk         ; 0.000        ; 0.042      ; 0.392      ;
; 0.267 ; FSM:fsm|state.ST_WAIT_1             ; FSM:fsm|state.ST_WAIT_2             ; clk          ; clk         ; 0.000        ; 0.043      ; 0.394      ;
; 0.267 ; FSM:fsm|index_in_block[2]           ; FSM:fsm|address[2]                  ; clk          ; clk         ; 0.000        ; 0.042      ; 0.393      ;
; 0.268 ; FSM:fsm|block_base[3]               ; FSM:fsm|state.ST_READY_PULSE        ; clk          ; clk         ; 0.000        ; 0.042      ; 0.394      ;
; 0.268 ; FSM:fsm|block_base[3]               ; FSM:fsm|block_base[4]               ; clk          ; clk         ; 0.000        ; 0.042      ; 0.394      ;
; 0.269 ; FSM:fsm|block_base[3]               ; FSM:fsm|address[3]                  ; clk          ; clk         ; 0.000        ; 0.042      ; 0.395      ;
; 0.271 ; FSM:fsm|state.ST_WRITE_PREP         ; FSM:fsm|state.ST_WREN_ON            ; clk          ; clk         ; 0.000        ; 0.042      ; 0.397      ;
; 0.280 ; FSM:fsm|block_base[4]               ; FSM:fsm|address[4]                  ; clk          ; clk         ; 0.000        ; 0.042      ; 0.406      ;
; 0.286 ; Acumulador:acc|out[6]~_Duplicate_1  ; Acumulador:acc|out[6]~_Duplicate_1  ; clk          ; clk         ; 0.000        ; 0.043      ; 0.413      ;
; 0.287 ; Acumulador:acc|out[15]~_Duplicate_1 ; Acumulador:acc|out[15]~_Duplicate_1 ; clk          ; clk         ; 0.000        ; 0.043      ; 0.414      ;
; 0.287 ; Acumulador:acc|out[14]~_Duplicate_1 ; Acumulador:acc|out[14]~_Duplicate_1 ; clk          ; clk         ; 0.000        ; 0.043      ; 0.414      ;
; 0.287 ; Acumulador:acc|out[13]~_Duplicate_1 ; Acumulador:acc|out[13]~_Duplicate_1 ; clk          ; clk         ; 0.000        ; 0.043      ; 0.414      ;
; 0.287 ; Acumulador:acc|out[8]~_Duplicate_1  ; Acumulador:acc|out[8]~_Duplicate_1  ; clk          ; clk         ; 0.000        ; 0.043      ; 0.414      ;
; 0.287 ; Acumulador:acc|out[5]~_Duplicate_1  ; Acumulador:acc|out[5]~_Duplicate_1  ; clk          ; clk         ; 0.000        ; 0.043      ; 0.414      ;
; 0.287 ; Acumulador:acc|out[4]~_Duplicate_1  ; Acumulador:acc|out[4]~_Duplicate_1  ; clk          ; clk         ; 0.000        ; 0.043      ; 0.414      ;
; 0.287 ; Acumulador:acc|out[3]~_Duplicate_1  ; Acumulador:acc|out[3]~_Duplicate_1  ; clk          ; clk         ; 0.000        ; 0.043      ; 0.414      ;
; 0.287 ; Acumulador:acc|out[2]~_Duplicate_1  ; Acumulador:acc|out[2]~_Duplicate_1  ; clk          ; clk         ; 0.000        ; 0.043      ; 0.414      ;
; 0.287 ; Acumulador:acc|out[1]~_Duplicate_1  ; Acumulador:acc|out[1]~_Duplicate_1  ; clk          ; clk         ; 0.000        ; 0.043      ; 0.414      ;
; 0.288 ; Acumulador:acc|out[12]~_Duplicate_1 ; Acumulador:acc|out[12]~_Duplicate_1 ; clk          ; clk         ; 0.000        ; 0.043      ; 0.415      ;
; 0.288 ; Acumulador:acc|out[11]~_Duplicate_1 ; Acumulador:acc|out[11]~_Duplicate_1 ; clk          ; clk         ; 0.000        ; 0.043      ; 0.415      ;
; 0.288 ; Acumulador:acc|out[10]~_Duplicate_1 ; Acumulador:acc|out[10]~_Duplicate_1 ; clk          ; clk         ; 0.000        ; 0.043      ; 0.415      ;
; 0.288 ; Acumulador:acc|out[7]~_Duplicate_1  ; Acumulador:acc|out[7]~_Duplicate_1  ; clk          ; clk         ; 0.000        ; 0.043      ; 0.415      ;
; 0.289 ; Acumulador:acc|out[9]~_Duplicate_1  ; Acumulador:acc|out[9]~_Duplicate_1  ; clk          ; clk         ; 0.000        ; 0.043      ; 0.416      ;
; 0.292 ; Acumulador:acc|out[0]~_Duplicate_1  ; Acumulador:acc|out[0]~_Duplicate_1  ; clk          ; clk         ; 0.000        ; 0.043      ; 0.419      ;
; 0.293 ; FSM:fsm|state.ST_WREN_ON            ; FSM:fsm|wren                        ; clk          ; clk         ; 0.000        ; 0.042      ; 0.419      ;
; 0.294 ; FSM:fsm|load                        ; FSM:fsm|index_in_block[1]           ; clk          ; clk         ; 0.000        ; 0.042      ; 0.420      ;
; 0.296 ; FSM:fsm|load                        ; FSM:fsm|transf                      ; clk          ; clk         ; 0.000        ; 0.042      ; 0.422      ;
; 0.304 ; FSM:fsm|state.ST_SET_READ_ADDR      ; FSM:fsm|state.ST_RDEN_ON            ; clk          ; clk         ; 0.000        ; 0.042      ; 0.430      ;
; 0.318 ; FSM:fsm|index_in_block[0]           ; FSM:fsm|index_in_block[1]           ; clk          ; clk         ; 0.000        ; 0.042      ; 0.444      ;
; 0.320 ; FSM:fsm|index_in_block[1]           ; FSM:fsm|state.ST_WRITE_PREP         ; clk          ; clk         ; 0.000        ; 0.042      ; 0.446      ;
; 0.323 ; FSM:fsm|state.ST_NEXT_BLOCK         ; FSM:fsm|block_base[3]               ; clk          ; clk         ; 0.000        ; 0.042      ; 0.449      ;
; 0.323 ; FSM:fsm|state.ST_NEXT_BLOCK         ; FSM:fsm|block_base[4]               ; clk          ; clk         ; 0.000        ; 0.042      ; 0.449      ;
; 0.324 ; FSM:fsm|state.ST_NEXT_BLOCK         ; FSM:fsm|state.ST_READY_PULSE        ; clk          ; clk         ; 0.000        ; 0.042      ; 0.450      ;
; 0.331 ; FSM:fsm|state.ST_RESET_CLEAR        ; FSM:fsm|rden                        ; clk          ; clk         ; 0.000        ; 0.042      ; 0.457      ;
; 0.332 ; FSM:fsm|state.ST_READY_PULSE        ; FSM:fsm|state.ST_RESET_CLEAR        ; clk          ; clk         ; 0.000        ; 0.042      ; 0.458      ;
; 0.335 ; FSM:fsm|state.ST_RDEN_ON            ; FSM:fsm|state.ST_WAIT_1             ; clk          ; clk         ; 0.000        ; 0.041      ; 0.460      ;
; 0.335 ; FSM:fsm|index_in_block[0]           ; FSM:fsm|state.ST_WRITE_PREP         ; clk          ; clk         ; 0.000        ; 0.042      ; 0.461      ;
; 0.336 ; FSM:fsm|state.ST_NEXT_BLOCK         ; FSM:fsm|clear                       ; clk          ; clk         ; 0.000        ; 0.042      ; 0.462      ;
; 0.340 ; FSM:fsm|state.ST_CAPTURE            ; FSM:fsm|rden                        ; clk          ; clk         ; 0.000        ; 0.042      ; 0.466      ;
; 0.340 ; FSM:fsm|index_in_block[0]           ; FSM:fsm|address[0]                  ; clk          ; clk         ; 0.000        ; 0.042      ; 0.466      ;
; 0.350 ; FSM:fsm|state.ST_WAIT_2             ; FSM:fsm|state.ST_WAIT_3             ; clk          ; clk         ; 0.000        ; 0.043      ; 0.477      ;
; 0.363 ; FSM:fsm|state.ST_WREN_OFF           ; FSM:fsm|state.ST_NEXT_BLOCK         ; clk          ; clk         ; 0.000        ; 0.042      ; 0.489      ;
; 0.371 ; FSM:fsm|state.ST_RDEN_ON            ; FSM:fsm|rden                        ; clk          ; clk         ; 0.000        ; 0.042      ; 0.497      ;
; 0.374 ; FSM:fsm|state.ST_WREN_OFF           ; FSM:fsm|wren                        ; clk          ; clk         ; 0.000        ; 0.042      ; 0.500      ;
; 0.377 ; FSM:fsm|block_base[4]               ; FSM:fsm|state.ST_READY_PULSE        ; clk          ; clk         ; 0.000        ; 0.042      ; 0.503      ;
; 0.380 ; FSM:fsm|state.ST_READY_PULSE        ; FSM:fsm|block_base[3]               ; clk          ; clk         ; 0.000        ; 0.042      ; 0.506      ;
; 0.380 ; FSM:fsm|state.ST_READY_PULSE        ; FSM:fsm|block_base[4]               ; clk          ; clk         ; 0.000        ; 0.042      ; 0.506      ;
; 0.435 ; Acumulador:acc|out[5]~_Duplicate_1  ; Acumulador:acc|out[6]~_Duplicate_1  ; clk          ; clk         ; 0.000        ; 0.043      ; 0.562      ;
; 0.435 ; Acumulador:acc|out[13]~_Duplicate_1 ; Acumulador:acc|out[14]~_Duplicate_1 ; clk          ; clk         ; 0.000        ; 0.043      ; 0.562      ;
; 0.435 ; Acumulador:acc|out[3]~_Duplicate_1  ; Acumulador:acc|out[4]~_Duplicate_1  ; clk          ; clk         ; 0.000        ; 0.043      ; 0.562      ;
; 0.435 ; Acumulador:acc|out[1]~_Duplicate_1  ; Acumulador:acc|out[2]~_Duplicate_1  ; clk          ; clk         ; 0.000        ; 0.043      ; 0.562      ;
; 0.436 ; Acumulador:acc|out[7]~_Duplicate_1  ; Acumulador:acc|out[8]~_Duplicate_1  ; clk          ; clk         ; 0.000        ; 0.043      ; 0.563      ;
; 0.436 ; Acumulador:acc|out[11]~_Duplicate_1 ; Acumulador:acc|out[12]~_Duplicate_1 ; clk          ; clk         ; 0.000        ; 0.043      ; 0.563      ;
; 0.437 ; Acumulador:acc|out[9]~_Duplicate_1  ; Acumulador:acc|out[10]~_Duplicate_1 ; clk          ; clk         ; 0.000        ; 0.043      ; 0.564      ;
; 0.445 ; Acumulador:acc|out[0]~_Duplicate_1  ; Acumulador:acc|out[1]~_Duplicate_1  ; clk          ; clk         ; 0.000        ; 0.043      ; 0.572      ;
; 0.445 ; Acumulador:acc|out[6]~_Duplicate_1  ; Acumulador:acc|out[7]~_Duplicate_1  ; clk          ; clk         ; 0.000        ; 0.043      ; 0.572      ;
; 0.446 ; Acumulador:acc|out[14]~_Duplicate_1 ; Acumulador:acc|out[15]~_Duplicate_1 ; clk          ; clk         ; 0.000        ; 0.043      ; 0.573      ;
; 0.446 ; Acumulador:acc|out[4]~_Duplicate_1  ; Acumulador:acc|out[5]~_Duplicate_1  ; clk          ; clk         ; 0.000        ; 0.043      ; 0.573      ;
; 0.446 ; Acumulador:acc|out[2]~_Duplicate_1  ; Acumulador:acc|out[3]~_Duplicate_1  ; clk          ; clk         ; 0.000        ; 0.043      ; 0.573      ;
; 0.446 ; Acumulador:acc|out[8]~_Duplicate_1  ; Acumulador:acc|out[9]~_Duplicate_1  ; clk          ; clk         ; 0.000        ; 0.043      ; 0.573      ;
; 0.447 ; Acumulador:acc|out[12]~_Duplicate_1 ; Acumulador:acc|out[13]~_Duplicate_1 ; clk          ; clk         ; 0.000        ; 0.043      ; 0.574      ;
; 0.447 ; Acumulador:acc|out[10]~_Duplicate_1 ; Acumulador:acc|out[11]~_Duplicate_1 ; clk          ; clk         ; 0.000        ; 0.043      ; 0.574      ;
; 0.448 ; FSM:fsm|state.ST_READY_PULSE        ; FSM:fsm|index_in_block[2]           ; clk          ; clk         ; 0.000        ; 0.042      ; 0.574      ;
; 0.448 ; FSM:fsm|state.ST_READY_PULSE        ; FSM:fsm|index_in_block[0]           ; clk          ; clk         ; 0.000        ; 0.042      ; 0.574      ;
; 0.448 ; FSM:fsm|load                        ; FSM:fsm|state.ST_WRITE_PREP         ; clk          ; clk         ; 0.000        ; 0.042      ; 0.574      ;
; 0.448 ; Acumulador:acc|out[0]~_Duplicate_1  ; Acumulador:acc|out[2]~_Duplicate_1  ; clk          ; clk         ; 0.000        ; 0.043      ; 0.575      ;
; 0.448 ; Acumulador:acc|out[6]~_Duplicate_1  ; Acumulador:acc|out[8]~_Duplicate_1  ; clk          ; clk         ; 0.000        ; 0.043      ; 0.575      ;
; 0.449 ; Acumulador:acc|out[4]~_Duplicate_1  ; Acumulador:acc|out[6]~_Duplicate_1  ; clk          ; clk         ; 0.000        ; 0.043      ; 0.576      ;
; 0.449 ; Acumulador:acc|out[2]~_Duplicate_1  ; Acumulador:acc|out[4]~_Duplicate_1  ; clk          ; clk         ; 0.000        ; 0.043      ; 0.576      ;
; 0.449 ; Acumulador:acc|out[8]~_Duplicate_1  ; Acumulador:acc|out[10]~_Duplicate_1 ; clk          ; clk         ; 0.000        ; 0.043      ; 0.576      ;
; 0.450 ; Acumulador:acc|out[12]~_Duplicate_1 ; Acumulador:acc|out[14]~_Duplicate_1 ; clk          ; clk         ; 0.000        ; 0.043      ; 0.577      ;
; 0.450 ; Acumulador:acc|out[10]~_Duplicate_1 ; Acumulador:acc|out[12]~_Duplicate_1 ; clk          ; clk         ; 0.000        ; 0.043      ; 0.577      ;
; 0.498 ; Acumulador:acc|out[5]~_Duplicate_1  ; Acumulador:acc|out[7]~_Duplicate_1  ; clk          ; clk         ; 0.000        ; 0.043      ; 0.625      ;
; 0.498 ; Acumulador:acc|out[13]~_Duplicate_1 ; Acumulador:acc|out[15]~_Duplicate_1 ; clk          ; clk         ; 0.000        ; 0.043      ; 0.625      ;
; 0.498 ; Acumulador:acc|out[3]~_Duplicate_1  ; Acumulador:acc|out[5]~_Duplicate_1  ; clk          ; clk         ; 0.000        ; 0.043      ; 0.625      ;
; 0.498 ; Acumulador:acc|out[1]~_Duplicate_1  ; Acumulador:acc|out[3]~_Duplicate_1  ; clk          ; clk         ; 0.000        ; 0.043      ; 0.625      ;
; 0.499 ; Acumulador:acc|out[7]~_Duplicate_1  ; Acumulador:acc|out[9]~_Duplicate_1  ; clk          ; clk         ; 0.000        ; 0.043      ; 0.626      ;
; 0.499 ; Acumulador:acc|out[11]~_Duplicate_1 ; Acumulador:acc|out[13]~_Duplicate_1 ; clk          ; clk         ; 0.000        ; 0.043      ; 0.626      ;
; 0.500 ; Acumulador:acc|out[9]~_Duplicate_1  ; Acumulador:acc|out[11]~_Duplicate_1 ; clk          ; clk         ; 0.000        ; 0.043      ; 0.627      ;
; 0.501 ; Acumulador:acc|out[5]~_Duplicate_1  ; Acumulador:acc|out[8]~_Duplicate_1  ; clk          ; clk         ; 0.000        ; 0.043      ; 0.628      ;
+-------+-------------------------------------+-------------------------------------+--------------+-------------+--------------+------------+------------+


+-----------------------------------------------------------------------------------------------------------------------------------+
; Fast 1200mV 0C Model Recovery: 'clk'                                                                                              ;
+-------+---------------+-------------------------------------+--------------+-------------+--------------+------------+------------+
; Slack ; From Node     ; To Node                             ; Launch Clock ; Latch Clock ; Relationship ; Clock Skew ; Data Delay ;
+-------+---------------+-------------------------------------+--------------+-------------+--------------+------------+------------+
; 8.841 ; FSM:fsm|clear ; Acumulador:acc|out[6]               ; clk          ; clk         ; 10.000       ; 0.225      ; 1.324      ;
; 8.841 ; FSM:fsm|clear ; Acumulador:acc|out[5]               ; clk          ; clk         ; 10.000       ; 0.225      ; 1.324      ;
; 8.841 ; FSM:fsm|clear ; Acumulador:acc|out[0]               ; clk          ; clk         ; 10.000       ; 0.225      ; 1.324      ;
; 8.863 ; FSM:fsm|clear ; Acumulador:acc|out[7]               ; clk          ; clk         ; 10.000       ; 0.239      ; 1.316      ;
; 8.863 ; FSM:fsm|clear ; Acumulador:acc|out[4]               ; clk          ; clk         ; 10.000       ; 0.239      ; 1.316      ;
; 8.903 ; FSM:fsm|clear ; Acumulador:acc|out[12]              ; clk          ; clk         ; 10.000       ; 0.275      ; 1.312      ;
; 8.903 ; FSM:fsm|clear ; Acumulador:acc|out[8]               ; clk          ; clk         ; 10.000       ; 0.246      ; 1.283      ;
; 8.903 ; FSM:fsm|clear ; Acumulador:acc|out[3]               ; clk          ; clk         ; 10.000       ; 0.246      ; 1.283      ;
; 8.903 ; FSM:fsm|clear ; Acumulador:acc|out[2]               ; clk          ; clk         ; 10.000       ; 0.275      ; 1.312      ;
; 8.903 ; FSM:fsm|clear ; Acumulador:acc|out[1]               ; clk          ; clk         ; 10.000       ; 0.246      ; 1.283      ;
; 8.908 ; FSM:fsm|clear ; Acumulador:acc|out[11]              ; clk          ; clk         ; 10.000       ; 0.267      ; 1.299      ;
; 8.908 ; FSM:fsm|clear ; Acumulador:acc|out[9]               ; clk          ; clk         ; 10.000       ; 0.267      ; 1.299      ;
; 8.941 ; FSM:fsm|clear ; Acumulador:acc|data_buffer[15]      ; clk          ; clk         ; 10.000       ; 0.313      ; 1.359      ;
; 8.941 ; FSM:fsm|clear ; Acumulador:acc|data_buffer[14]      ; clk          ; clk         ; 10.000       ; 0.313      ; 1.359      ;
; 8.941 ; FSM:fsm|clear ; Acumulador:acc|data_buffer[13]      ; clk          ; clk         ; 10.000       ; 0.313      ; 1.359      ;
; 8.941 ; FSM:fsm|clear ; Acumulador:acc|data_buffer[12]      ; clk          ; clk         ; 10.000       ; 0.313      ; 1.359      ;
; 8.941 ; FSM:fsm|clear ; Acumulador:acc|data_buffer[11]      ; clk          ; clk         ; 10.000       ; 0.313      ; 1.359      ;
; 8.941 ; FSM:fsm|clear ; Acumulador:acc|data_buffer[10]      ; clk          ; clk         ; 10.000       ; 0.313      ; 1.359      ;
; 8.941 ; FSM:fsm|clear ; Acumulador:acc|data_buffer[9]       ; clk          ; clk         ; 10.000       ; 0.313      ; 1.359      ;
; 8.941 ; FSM:fsm|clear ; Acumulador:acc|data_buffer[8]       ; clk          ; clk         ; 10.000       ; 0.313      ; 1.359      ;
; 8.941 ; FSM:fsm|clear ; Acumulador:acc|data_buffer[7]       ; clk          ; clk         ; 10.000       ; 0.313      ; 1.359      ;
; 8.941 ; FSM:fsm|clear ; Acumulador:acc|data_buffer[6]       ; clk          ; clk         ; 10.000       ; 0.313      ; 1.359      ;
; 8.941 ; FSM:fsm|clear ; Acumulador:acc|data_buffer[5]       ; clk          ; clk         ; 10.000       ; 0.313      ; 1.359      ;
; 8.941 ; FSM:fsm|clear ; Acumulador:acc|data_buffer[4]       ; clk          ; clk         ; 10.000       ; 0.313      ; 1.359      ;
; 8.941 ; FSM:fsm|clear ; Acumulador:acc|data_buffer[3]       ; clk          ; clk         ; 10.000       ; 0.313      ; 1.359      ;
; 8.941 ; FSM:fsm|clear ; Acumulador:acc|data_buffer[2]       ; clk          ; clk         ; 10.000       ; 0.313      ; 1.359      ;
; 8.941 ; FSM:fsm|clear ; Acumulador:acc|data_buffer[1]       ; clk          ; clk         ; 10.000       ; 0.313      ; 1.359      ;
; 8.941 ; FSM:fsm|clear ; Acumulador:acc|data_buffer[0]       ; clk          ; clk         ; 10.000       ; 0.313      ; 1.359      ;
; 8.944 ; FSM:fsm|clear ; Acumulador:acc|out[15]              ; clk          ; clk         ; 10.000       ; 0.257      ; 1.253      ;
; 8.944 ; FSM:fsm|clear ; Acumulador:acc|out[10]              ; clk          ; clk         ; 10.000       ; 0.257      ; 1.253      ;
; 8.990 ; FSM:fsm|clear ; Acumulador:acc|out[15]~_Duplicate_1 ; clk          ; clk         ; 10.000       ; 0.295      ; 1.292      ;
; 8.990 ; FSM:fsm|clear ; Acumulador:acc|out[14]~_Duplicate_1 ; clk          ; clk         ; 10.000       ; 0.295      ; 1.292      ;
; 8.990 ; FSM:fsm|clear ; Acumulador:acc|out[13]~_Duplicate_1 ; clk          ; clk         ; 10.000       ; 0.295      ; 1.292      ;
; 8.990 ; FSM:fsm|clear ; Acumulador:acc|out[12]~_Duplicate_1 ; clk          ; clk         ; 10.000       ; 0.295      ; 1.292      ;
; 8.990 ; FSM:fsm|clear ; Acumulador:acc|out[11]~_Duplicate_1 ; clk          ; clk         ; 10.000       ; 0.295      ; 1.292      ;
; 8.990 ; FSM:fsm|clear ; Acumulador:acc|out[10]~_Duplicate_1 ; clk          ; clk         ; 10.000       ; 0.295      ; 1.292      ;
; 8.990 ; FSM:fsm|clear ; Acumulador:acc|out[9]~_Duplicate_1  ; clk          ; clk         ; 10.000       ; 0.295      ; 1.292      ;
; 8.990 ; FSM:fsm|clear ; Acumulador:acc|out[8]~_Duplicate_1  ; clk          ; clk         ; 10.000       ; 0.295      ; 1.292      ;
; 8.990 ; FSM:fsm|clear ; Acumulador:acc|out[7]~_Duplicate_1  ; clk          ; clk         ; 10.000       ; 0.295      ; 1.292      ;
; 8.990 ; FSM:fsm|clear ; Acumulador:acc|out[6]~_Duplicate_1  ; clk          ; clk         ; 10.000       ; 0.295      ; 1.292      ;
; 8.990 ; FSM:fsm|clear ; Acumulador:acc|out[5]~_Duplicate_1  ; clk          ; clk         ; 10.000       ; 0.295      ; 1.292      ;
; 8.990 ; FSM:fsm|clear ; Acumulador:acc|out[4]~_Duplicate_1  ; clk          ; clk         ; 10.000       ; 0.295      ; 1.292      ;
; 8.990 ; FSM:fsm|clear ; Acumulador:acc|out[3]~_Duplicate_1  ; clk          ; clk         ; 10.000       ; 0.295      ; 1.292      ;
; 8.990 ; FSM:fsm|clear ; Acumulador:acc|out[2]~_Duplicate_1  ; clk          ; clk         ; 10.000       ; 0.295      ; 1.292      ;
; 8.990 ; FSM:fsm|clear ; Acumulador:acc|out[1]~_Duplicate_1  ; clk          ; clk         ; 10.000       ; 0.295      ; 1.292      ;
; 8.990 ; FSM:fsm|clear ; Acumulador:acc|out[0]~_Duplicate_1  ; clk          ; clk         ; 10.000       ; 0.295      ; 1.292      ;
; 9.038 ; FSM:fsm|clear ; Acumulador:acc|out[14]              ; clk          ; clk         ; 10.000       ; 0.263      ; 1.165      ;
; 9.038 ; FSM:fsm|clear ; Acumulador:acc|out[13]              ; clk          ; clk         ; 10.000       ; 0.263      ; 1.165      ;
+-------+---------------+-------------------------------------+--------------+-------------+--------------+------------+------------+


+------------------------------------------------------------------------------------------------------------------------------------+
; Fast 1200mV 0C Model Removal: 'clk'                                                                                                ;
+--------+---------------+-------------------------------------+--------------+-------------+--------------+------------+------------+
; Slack  ; From Node     ; To Node                             ; Launch Clock ; Latch Clock ; Relationship ; Clock Skew ; Data Delay ;
+--------+---------------+-------------------------------------+--------------+-------------+--------------+------------+------------+
; 10.580 ; FSM:fsm|clear ; Acumulador:acc|out[15]~_Duplicate_1 ; clk          ; clk         ; -10.000      ; 0.411      ; 1.095      ;
; 10.580 ; FSM:fsm|clear ; Acumulador:acc|out[14]~_Duplicate_1 ; clk          ; clk         ; -10.000      ; 0.411      ; 1.095      ;
; 10.580 ; FSM:fsm|clear ; Acumulador:acc|out[13]~_Duplicate_1 ; clk          ; clk         ; -10.000      ; 0.411      ; 1.095      ;
; 10.580 ; FSM:fsm|clear ; Acumulador:acc|out[12]~_Duplicate_1 ; clk          ; clk         ; -10.000      ; 0.411      ; 1.095      ;
; 10.580 ; FSM:fsm|clear ; Acumulador:acc|out[11]~_Duplicate_1 ; clk          ; clk         ; -10.000      ; 0.411      ; 1.095      ;
; 10.580 ; FSM:fsm|clear ; Acumulador:acc|out[10]~_Duplicate_1 ; clk          ; clk         ; -10.000      ; 0.411      ; 1.095      ;
; 10.580 ; FSM:fsm|clear ; Acumulador:acc|out[9]~_Duplicate_1  ; clk          ; clk         ; -10.000      ; 0.411      ; 1.095      ;
; 10.580 ; FSM:fsm|clear ; Acumulador:acc|out[8]~_Duplicate_1  ; clk          ; clk         ; -10.000      ; 0.411      ; 1.095      ;
; 10.580 ; FSM:fsm|clear ; Acumulador:acc|out[7]~_Duplicate_1  ; clk          ; clk         ; -10.000      ; 0.411      ; 1.095      ;
; 10.580 ; FSM:fsm|clear ; Acumulador:acc|out[6]~_Duplicate_1  ; clk          ; clk         ; -10.000      ; 0.411      ; 1.095      ;
; 10.580 ; FSM:fsm|clear ; Acumulador:acc|out[5]~_Duplicate_1  ; clk          ; clk         ; -10.000      ; 0.411      ; 1.095      ;
; 10.580 ; FSM:fsm|clear ; Acumulador:acc|out[4]~_Duplicate_1  ; clk          ; clk         ; -10.000      ; 0.411      ; 1.095      ;
; 10.580 ; FSM:fsm|clear ; Acumulador:acc|out[3]~_Duplicate_1  ; clk          ; clk         ; -10.000      ; 0.411      ; 1.095      ;
; 10.580 ; FSM:fsm|clear ; Acumulador:acc|out[2]~_Duplicate_1  ; clk          ; clk         ; -10.000      ; 0.411      ; 1.095      ;
; 10.580 ; FSM:fsm|clear ; Acumulador:acc|out[1]~_Duplicate_1  ; clk          ; clk         ; -10.000      ; 0.411      ; 1.095      ;
; 10.580 ; FSM:fsm|clear ; Acumulador:acc|out[0]~_Duplicate_1  ; clk          ; clk         ; -10.000      ; 0.411      ; 1.095      ;
; 10.589 ; FSM:fsm|clear ; Acumulador:acc|out[14]              ; clk          ; clk         ; -10.000      ; 0.365      ; 1.032      ;
; 10.589 ; FSM:fsm|clear ; Acumulador:acc|out[13]              ; clk          ; clk         ; -10.000      ; 0.365      ; 1.032      ;
; 10.609 ; FSM:fsm|clear ; Acumulador:acc|data_buffer[15]      ; clk          ; clk         ; -10.000      ; 0.430      ; 1.143      ;
; 10.609 ; FSM:fsm|clear ; Acumulador:acc|data_buffer[14]      ; clk          ; clk         ; -10.000      ; 0.430      ; 1.143      ;
; 10.609 ; FSM:fsm|clear ; Acumulador:acc|data_buffer[13]      ; clk          ; clk         ; -10.000      ; 0.430      ; 1.143      ;
; 10.609 ; FSM:fsm|clear ; Acumulador:acc|data_buffer[12]      ; clk          ; clk         ; -10.000      ; 0.430      ; 1.143      ;
; 10.609 ; FSM:fsm|clear ; Acumulador:acc|data_buffer[11]      ; clk          ; clk         ; -10.000      ; 0.430      ; 1.143      ;
; 10.609 ; FSM:fsm|clear ; Acumulador:acc|data_buffer[10]      ; clk          ; clk         ; -10.000      ; 0.430      ; 1.143      ;
; 10.609 ; FSM:fsm|clear ; Acumulador:acc|data_buffer[9]       ; clk          ; clk         ; -10.000      ; 0.430      ; 1.143      ;
; 10.609 ; FSM:fsm|clear ; Acumulador:acc|data_buffer[8]       ; clk          ; clk         ; -10.000      ; 0.430      ; 1.143      ;
; 10.609 ; FSM:fsm|clear ; Acumulador:acc|data_buffer[7]       ; clk          ; clk         ; -10.000      ; 0.430      ; 1.143      ;
; 10.609 ; FSM:fsm|clear ; Acumulador:acc|data_buffer[6]       ; clk          ; clk         ; -10.000      ; 0.430      ; 1.143      ;
; 10.609 ; FSM:fsm|clear ; Acumulador:acc|data_buffer[5]       ; clk          ; clk         ; -10.000      ; 0.430      ; 1.143      ;
; 10.609 ; FSM:fsm|clear ; Acumulador:acc|data_buffer[4]       ; clk          ; clk         ; -10.000      ; 0.430      ; 1.143      ;
; 10.609 ; FSM:fsm|clear ; Acumulador:acc|data_buffer[3]       ; clk          ; clk         ; -10.000      ; 0.430      ; 1.143      ;
; 10.609 ; FSM:fsm|clear ; Acumulador:acc|data_buffer[2]       ; clk          ; clk         ; -10.000      ; 0.430      ; 1.143      ;
; 10.609 ; FSM:fsm|clear ; Acumulador:acc|data_buffer[1]       ; clk          ; clk         ; -10.000      ; 0.430      ; 1.143      ;
; 10.609 ; FSM:fsm|clear ; Acumulador:acc|data_buffer[0]       ; clk          ; clk         ; -10.000      ; 0.430      ; 1.143      ;
; 10.665 ; FSM:fsm|clear ; Acumulador:acc|out[15]              ; clk          ; clk         ; -10.000      ; 0.359      ; 1.102      ;
; 10.665 ; FSM:fsm|clear ; Acumulador:acc|out[10]              ; clk          ; clk         ; -10.000      ; 0.359      ; 1.102      ;
; 10.686 ; FSM:fsm|clear ; Acumulador:acc|out[11]              ; clk          ; clk         ; -10.000      ; 0.370      ; 1.134      ;
; 10.686 ; FSM:fsm|clear ; Acumulador:acc|out[9]               ; clk          ; clk         ; -10.000      ; 0.370      ; 1.134      ;
; 10.694 ; FSM:fsm|clear ; Acumulador:acc|out[12]              ; clk          ; clk         ; -10.000      ; 0.378      ; 1.150      ;
; 10.694 ; FSM:fsm|clear ; Acumulador:acc|out[2]               ; clk          ; clk         ; -10.000      ; 0.378      ; 1.150      ;
; 10.700 ; FSM:fsm|clear ; Acumulador:acc|out[8]               ; clk          ; clk         ; -10.000      ; 0.347      ; 1.125      ;
; 10.700 ; FSM:fsm|clear ; Acumulador:acc|out[3]               ; clk          ; clk         ; -10.000      ; 0.347      ; 1.125      ;
; 10.700 ; FSM:fsm|clear ; Acumulador:acc|out[1]               ; clk          ; clk         ; -10.000      ; 0.347      ; 1.125      ;
; 10.731 ; FSM:fsm|clear ; Acumulador:acc|out[7]               ; clk          ; clk         ; -10.000      ; 0.341      ; 1.150      ;
; 10.731 ; FSM:fsm|clear ; Acumulador:acc|out[4]               ; clk          ; clk         ; -10.000      ; 0.341      ; 1.150      ;
; 10.753 ; FSM:fsm|clear ; Acumulador:acc|out[6]               ; clk          ; clk         ; -10.000      ; 0.326      ; 1.157      ;
; 10.753 ; FSM:fsm|clear ; Acumulador:acc|out[5]               ; clk          ; clk         ; -10.000      ; 0.326      ; 1.157      ;
; 10.753 ; FSM:fsm|clear ; Acumulador:acc|out[0]               ; clk          ; clk         ; -10.000      ; 0.326      ; 1.157      ;
+--------+---------------+-------------------------------------+--------------+-------------+--------------+------------+------------+


----------------------------------------------
; Fast 1200mV 0C Model Metastability Summary ;
----------------------------------------------
No synchronizer chains to report.


+-----------------------------------------------------------------------------+
; Multicorner Timing Analysis Summary                                         ;
+------------------+-------+-------+----------+---------+---------------------+
; Clock            ; Setup ; Hold  ; Recovery ; Removal ; Minimum Pulse Width ;
+------------------+-------+-------+----------+---------+---------------------+
; Worst-case Slack ; 2.804 ; 0.181 ; 7.165    ; 10.580  ; 9.395               ;
;  clk             ; 2.804 ; 0.181 ; 7.165    ; 10.580  ; 9.395               ;
; Design-wide TNS  ; 0.0   ; 0.0   ; 0.0      ; 0.0     ; 0.0                 ;
;  clk             ; 0.000 ; 0.000 ; 0.000    ; 0.000   ; 0.000               ;
+------------------+-------+-------+----------+---------+---------------------+


+------------------------------------------------------------------------------------------------------------------------------------------------------------------------------------------------------------------------------------------------------------------------------------------------------------------------------------------------------------------------------------------------------------------+
; Board Trace Model Assignments                                                                                                                                                                                                                                                                                                                                                                                    ;
+---------------+--------------+-------------------+-------------------------+-------------------------+---------------+---------------------+----------------+------------------+--------+------------------+------------------------+------------------------+--------------+---------------+-----------------+-------+---------------------+--------------------+---------------+-----------------+-------------+
; Pin           ; I/O Standard ; Near Tline Length ; Near Tline L per Length ; Near Tline C per Length ; Near Series R ; Near Differential R ; Near Pull-up R ; Near Pull-down R ; Near C ; Far Tline Length ; Far Tline L per Length ; Far Tline C per Length ; Far Series R ; Far Pull-up R ; Far Pull-down R ; Far C ; Termination Voltage ; Far Differential R ; EBD File Name ; EBD Signal Name ; EBD Far-end ;
+---------------+--------------+-------------------+-------------------------+-------------------------+---------------+---------------------+----------------+------------------+--------+------------------+------------------------+------------------------+--------------+---------------+-----------------+-------+---------------------+--------------------+---------------+-----------------+-------------+
; ready         ; 2.5 V        ; 0 in              ; 0 H/in                  ; 0 F/in                  ; short         ; -                   ; open           ; open             ; open   ; 0 in             ; 0 H/in                 ; 0 F/in                 ; short        ; open          ; open            ; open  ; 0 V                 ; -                  ; n/a           ; n/a             ; n/a         ;
; address[0]    ; 2.5 V        ; 0 in              ; 0 H/in                  ; 0 F/in                  ; short         ; -                   ; open           ; open             ; open   ; 0 in             ; 0 H/in                 ; 0 F/in                 ; short        ; open          ; open            ; open  ; 0 V                 ; -                  ; n/a           ; n/a             ; n/a         ;
; address[1]    ; 2.5 V        ; 0 in              ; 0 H/in                  ; 0 F/in                  ; short         ; -                   ; open           ; open             ; open   ; 0 in             ; 0 H/in                 ; 0 F/in                 ; short        ; open          ; open            ; open  ; 0 V                 ; -                  ; n/a           ; n/a             ; n/a         ;
; address[2]    ; 2.5 V        ; 0 in              ; 0 H/in                  ; 0 F/in                  ; short         ; -                   ; open           ; open             ; open   ; 0 in             ; 0 H/in                 ; 0 F/in                 ; short        ; open          ; open            ; open  ; 0 V                 ; -                  ; n/a           ; n/a             ; n/a         ;
; address[3]    ; 2.5 V        ; 0 in              ; 0 H/in                  ; 0 F/in                  ; short         ; -                   ; open           ; open             ; open   ; 0 in             ; 0 H/in                 ; 0 F/in                 ; short        ; open          ; open            ; open  ; 0 V                 ; -                  ; n/a           ; n/a             ; n/a         ;
; address[4]    ; 2.5 V        ; 0 in              ; 0 H/in                  ; 0 F/in                  ; short         ; -                   ; open           ; open             ; open   ; 0 in             ; 0 H/in                 ; 0 F/in                 ; short        ; open          ; open            ; open  ; 0 V                 ; -                  ; n/a           ; n/a             ; n/a         ;
; rden          ; 2.5 V        ; 0 in              ; 0 H/in                  ; 0 F/in                  ; short         ; -                   ; open           ; open             ; open   ; 0 in             ; 0 H/in                 ; 0 F/in                 ; short        ; open          ; open            ; open  ; 0 V                 ; -                  ; n/a           ; n/a             ; n/a         ;
; wren          ; 2.5 V        ; 0 in              ; 0 H/in                  ; 0 F/in                  ; short         ; -                   ; open           ; open             ; open   ; 0 in             ; 0 H/in                 ; 0 F/in                 ; short        ; open          ; open            ; open  ; 0 V                 ; -                  ; n/a           ; n/a             ; n/a         ;
; dataout[0]    ; 2.5 V        ; 0 in              ; 0 H/in                  ; 0 F/in                  ; short         ; -                   ; open           ; open             ; open   ; 0 in             ; 0 H/in                 ; 0 F/in                 ; short        ; open          ; open            ; open  ; 0 V                 ; -                  ; n/a           ; n/a             ; n/a         ;
; dataout[1]    ; 2.5 V        ; 0 in              ; 0 H/in                  ; 0 F/in                  ; short         ; -                   ; open           ; open             ; open   ; 0 in             ; 0 H/in                 ; 0 F/in                 ; short        ; open          ; open            ; open  ; 0 V                 ; -                  ; n/a           ; n/a             ; n/a         ;
; dataout[2]    ; 2.5 V        ; 0 in              ; 0 H/in                  ; 0 F/in                  ; short         ; -                   ; open           ; open             ; open   ; 0 in             ; 0 H/in                 ; 0 F/in                 ; short        ; open          ; open            ; open  ; 0 V                 ; -                  ; n/a           ; n/a             ; n/a         ;
; dataout[3]    ; 2.5 V        ; 0 in              ; 0 H/in                  ; 0 F/in                  ; short         ; -                   ; open           ; open             ; open   ; 0 in             ; 0 H/in                 ; 0 F/in                 ; short        ; open          ; open            ; open  ; 0 V                 ; -                  ; n/a           ; n/a             ; n/a         ;
; dataout[4]    ; 2.5 V        ; 0 in              ; 0 H/in                  ; 0 F/in                  ; short         ; -                   ; open           ; open             ; open   ; 0 in             ; 0 H/in                 ; 0 F/in                 ; short        ; open          ; open            ; open  ; 0 V                 ; -                  ; n/a           ; n/a             ; n/a         ;
; dataout[5]    ; 2.5 V        ; 0 in              ; 0 H/in                  ; 0 F/in                  ; short         ; -                   ; open           ; open             ; open   ; 0 in             ; 0 H/in                 ; 0 F/in                 ; short        ; open          ; open            ; open  ; 0 V                 ; -                  ; n/a           ; n/a             ; n/a         ;
; dataout[6]    ; 2.5 V        ; 0 in              ; 0 H/in                  ; 0 F/in                  ; short         ; -                   ; open           ; open             ; open   ; 0 in             ; 0 H/in                 ; 0 F/in                 ; short        ; open          ; open            ; open  ; 0 V                 ; -                  ; n/a           ; n/a             ; n/a         ;
; dataout[7]    ; 2.5 V        ; 0 in              ; 0 H/in                  ; 0 F/in                  ; short         ; -                   ; open           ; open             ; open   ; 0 in             ; 0 H/in                 ; 0 F/in                 ; short        ; open          ; open            ; open  ; 0 V                 ; -                  ; n/a           ; n/a             ; n/a         ;
; dataout[8]    ; 2.5 V        ; 0 in              ; 0 H/in                  ; 0 F/in                  ; short         ; -                   ; open           ; open             ; open   ; 0 in             ; 0 H/in                 ; 0 F/in                 ; short        ; open          ; open            ; open  ; 0 V                 ; -                  ; n/a           ; n/a             ; n/a         ;
; dataout[9]    ; 2.5 V        ; 0 in              ; 0 H/in                  ; 0 F/in                  ; short         ; -                   ; open           ; open             ; open   ; 0 in             ; 0 H/in                 ; 0 F/in                 ; short        ; open          ; open            ; open  ; 0 V                 ; -                  ; n/a           ; n/a             ; n/a         ;
; dataout[10]   ; 2.5 V        ; 0 in              ; 0 H/in                  ; 0 F/in                  ; short         ; -                   ; open           ; open             ; open   ; 0 in             ; 0 H/in                 ; 0 F/in                 ; short        ; open          ; open            ; open  ; 0 V                 ; -                  ; n/a           ; n/a             ; n/a         ;
; dataout[11]   ; 2.5 V        ; 0 in              ; 0 H/in                  ; 0 F/in                  ; short         ; -                   ; open           ; open             ; open   ; 0 in             ; 0 H/in                 ; 0 F/in                 ; short        ; open          ; open            ; open  ; 0 V                 ; -                  ; n/a           ; n/a             ; n/a         ;
; dataout[12]   ; 2.5 V        ; 0 in              ; 0 H/in                  ; 0 F/in                  ; short         ; -                   ; open           ; open             ; open   ; 0 in             ; 0 H/in                 ; 0 F/in                 ; short        ; open          ; open            ; open  ; 0 V                 ; -                  ; n/a           ; n/a             ; n/a         ;
; dataout[13]   ; 2.5 V        ; 0 in              ; 0 H/in                  ; 0 F/in                  ; short         ; -                   ; open           ; open             ; open   ; 0 in             ; 0 H/in                 ; 0 F/in                 ; short        ; open          ; open            ; open  ; 0 V                 ; -                  ; n/a           ; n/a             ; n/a         ;
; dataout[14]   ; 2.5 V        ; 0 in              ; 0 H/in                  ; 0 F/in                  ; short         ; -                   ; open           ; open             ; open   ; 0 in             ; 0 H/in                 ; 0 F/in                 ; short        ; open          ; open            ; open  ; 0 V                 ; -                  ; n/a           ; n/a             ; n/a         ;
; dataout[15]   ; 2.5 V        ; 0 in              ; 0 H/in                  ; 0 F/in                  ; short         ; -                   ; open           ; open             ; open   ; 0 in             ; 0 H/in                 ; 0 F/in                 ; short        ; open          ; open            ; open  ; 0 V                 ; -                  ; n/a           ; n/a             ; n/a         ;
; ~ALTERA_DCLK~ ; 2.5 V        ; 0 in              ; 0 H/in                  ; 0 F/in                  ; short         ; -                   ; open           ; open             ; open   ; 0 in             ; 0 H/in                 ; 0 F/in                 ; short        ; open          ; open            ; open  ; 0 V                 ; -                  ; n/a           ; n/a             ; n/a         ;
; ~ALTERA_nCEO~ ; 2.5 V        ; 0 in              ; 0 H/in                  ; 0 F/in                  ; short         ; -                   ; open           ; open             ; open   ; 0 in             ; 0 H/in                 ; 0 F/in                 ; short        ; open          ; open            ; open  ; 0 V                 ; -                  ; n/a           ; n/a             ; n/a         ;
+---------------+--------------+-------------------+-------------------------+-------------------------+---------------+---------------------+----------------+------------------+--------+------------------+------------------------+------------------------+--------------+---------------+-----------------+-------+---------------------+--------------------+---------------+-----------------+-------------+


+----------------------------------------------------------------------------+
; Input Transition Times                                                     ;
+-------------------------+--------------+-----------------+-----------------+
; Pin                     ; I/O Standard ; 10-90 Rise Time ; 90-10 Fall Time ;
+-------------------------+--------------+-----------------+-----------------+
; reset                   ; 2.5 V        ; 2000 ps         ; 2000 ps         ;
; clk                     ; 2.5 V        ; 2000 ps         ; 2000 ps         ;
; datain[0]               ; 2.5 V        ; 2000 ps         ; 2000 ps         ;
; datain[1]               ; 2.5 V        ; 2000 ps         ; 2000 ps         ;
; datain[2]               ; 2.5 V        ; 2000 ps         ; 2000 ps         ;
; datain[3]               ; 2.5 V        ; 2000 ps         ; 2000 ps         ;
; datain[4]               ; 2.5 V        ; 2000 ps         ; 2000 ps         ;
; datain[5]               ; 2.5 V        ; 2000 ps         ; 2000 ps         ;
; datain[6]               ; 2.5 V        ; 2000 ps         ; 2000 ps         ;
; datain[7]               ; 2.5 V        ; 2000 ps         ; 2000 ps         ;
; datain[8]               ; 2.5 V        ; 2000 ps         ; 2000 ps         ;
; datain[9]               ; 2.5 V        ; 2000 ps         ; 2000 ps         ;
; datain[10]              ; 2.5 V        ; 2000 ps         ; 2000 ps         ;
; datain[11]              ; 2.5 V        ; 2000 ps         ; 2000 ps         ;
; datain[12]              ; 2.5 V        ; 2000 ps         ; 2000 ps         ;
; datain[13]              ; 2.5 V        ; 2000 ps         ; 2000 ps         ;
; datain[14]              ; 2.5 V        ; 2000 ps         ; 2000 ps         ;
; datain[15]              ; 2.5 V        ; 2000 ps         ; 2000 ps         ;
; ~ALTERA_ASDO_DATA1~     ; 2.5 V        ; 2000 ps         ; 2000 ps         ;
; ~ALTERA_FLASH_nCE_nCSO~ ; 2.5 V        ; 2000 ps         ; 2000 ps         ;
; ~ALTERA_DATA0~          ; 2.5 V        ; 2000 ps         ; 2000 ps         ;
+-------------------------+--------------+-----------------+-----------------+


+--------------------------------------------------------------------------------------------------------------------------------------------------------------------------------------------------------------------------------------------------------------------------------------------------------------------------------------------------------------------------------------------------------------------------------------------------------------------------------------------------------------------------------------------------------------------------------------------------------------------------------------------------------------------------------------------+
; Signal Integrity Metrics (Slow 1200mv 0c Model)                                                                                                                                                                                                                                                                                                                                                                                                                                                                                                                                                                                                                                            ;
+---------------+--------------+---------------------+---------------------+------------------------------+------------------------------+---------------------+---------------------+--------------------------------------+--------------------------------------+-----------------------------+-----------------------------+----------------------------+----------------------------+-----------------------------+-----------------------------+--------------------+--------------------+-------------------------------------+-------------------------------------+----------------------------+----------------------------+---------------------------+---------------------------+
; Pin           ; I/O Standard ; Board Delay on Rise ; Board Delay on Fall ; Steady State Voh at FPGA Pin ; Steady State Vol at FPGA Pin ; Voh Max at FPGA Pin ; Vol Min at FPGA Pin ; Ringback Voltage on Rise at FPGA Pin ; Ringback Voltage on Fall at FPGA Pin ; 10-90 Rise Time at FPGA Pin ; 90-10 Fall Time at FPGA Pin ; Monotonic Rise at FPGA Pin ; Monotonic Fall at FPGA Pin ; Steady State Voh at Far-end ; Steady State Vol at Far-end ; Voh Max at Far-end ; Vol Min at Far-end ; Ringback Voltage on Rise at Far-end ; Ringback Voltage on Fall at Far-end ; 10-90 Rise Time at Far-end ; 90-10 Fall Time at Far-end ; Monotonic Rise at Far-end ; Monotonic Fall at Far-end ;
+---------------+--------------+---------------------+---------------------+------------------------------+------------------------------+---------------------+---------------------+--------------------------------------+--------------------------------------+-----------------------------+-----------------------------+----------------------------+----------------------------+-----------------------------+-----------------------------+--------------------+--------------------+-------------------------------------+-------------------------------------+----------------------------+----------------------------+---------------------------+---------------------------+
; ready         ; 2.5 V        ; 0 s                 ; 0 s                 ; 2.32 V                       ; 3.07e-09 V                   ; 2.37 V              ; -0.00994 V          ; 0.186 V                              ; 0.028 V                              ; 4.98e-10 s                  ; 4.96e-10 s                  ; Yes                        ; Yes                        ; 2.32 V                      ; 3.07e-09 V                  ; 2.37 V             ; -0.00994 V         ; 0.186 V                             ; 0.028 V                             ; 4.98e-10 s                 ; 4.96e-10 s                 ; Yes                       ; Yes                       ;
; address[0]    ; 2.5 V        ; 0 s                 ; 0 s                 ; 2.32 V                       ; 3.07e-09 V                   ; 2.38 V              ; -0.0144 V           ; 0.227 V                              ; 0.024 V                              ; 3.14e-10 s                  ; 3.39e-10 s                  ; Yes                        ; Yes                        ; 2.32 V                      ; 3.07e-09 V                  ; 2.38 V             ; -0.0144 V          ; 0.227 V                             ; 0.024 V                             ; 3.14e-10 s                 ; 3.39e-10 s                 ; Yes                       ; Yes                       ;
; address[1]    ; 2.5 V        ; 0 s                 ; 0 s                 ; 2.32 V                       ; 3.07e-09 V                   ; 2.37 V              ; -0.00994 V          ; 0.186 V                              ; 0.028 V                              ; 4.98e-10 s                  ; 4.96e-10 s                  ; Yes                        ; Yes                        ; 2.32 V                      ; 3.07e-09 V                  ; 2.37 V             ; -0.00994 V         ; 0.186 V                             ; 0.028 V                             ; 4.98e-10 s                 ; 4.96e-10 s                 ; Yes                       ; Yes                       ;
; address[2]    ; 2.5 V        ; 0 s                 ; 0 s                 ; 2.32 V                       ; 3.07e-09 V                   ; 2.37 V              ; -0.00994 V          ; 0.186 V                              ; 0.028 V                              ; 4.98e-10 s                  ; 4.96e-10 s                  ; Yes                        ; Yes                        ; 2.32 V                      ; 3.07e-09 V                  ; 2.37 V             ; -0.00994 V         ; 0.186 V                             ; 0.028 V                             ; 4.98e-10 s                 ; 4.96e-10 s                 ; Yes                       ; Yes                       ;
; address[3]    ; 2.5 V        ; 0 s                 ; 0 s                 ; 2.32 V                       ; 3.07e-09 V                   ; 2.37 V              ; -0.00994 V          ; 0.186 V                              ; 0.028 V                              ; 4.98e-10 s                  ; 4.96e-10 s                  ; Yes                        ; Yes                        ; 2.32 V                      ; 3.07e-09 V                  ; 2.37 V             ; -0.00994 V         ; 0.186 V                             ; 0.028 V                             ; 4.98e-10 s                 ; 4.96e-10 s                 ; Yes                       ; Yes                       ;
; address[4]    ; 2.5 V        ; 0 s                 ; 0 s                 ; 2.32 V                       ; 3.07e-09 V                   ; 2.37 V              ; -0.00994 V          ; 0.186 V                              ; 0.028 V                              ; 4.98e-10 s                  ; 4.96e-10 s                  ; Yes                        ; Yes                        ; 2.32 V                      ; 3.07e-09 V                  ; 2.37 V             ; -0.00994 V         ; 0.186 V                             ; 0.028 V                             ; 4.98e-10 s                 ; 4.96e-10 s                 ; Yes                       ; Yes                       ;
; rden          ; 2.5 V        ; 0 s                 ; 0 s                 ; 2.32 V                       ; 3.07e-09 V                   ; 2.37 V              ; -0.00994 V          ; 0.186 V                              ; 0.028 V                              ; 4.98e-10 s                  ; 4.96e-10 s                  ; Yes                        ; Yes                        ; 2.32 V                      ; 3.07e-09 V                  ; 2.37 V             ; -0.00994 V         ; 0.186 V                             ; 0.028 V                             ; 4.98e-10 s                 ; 4.96e-10 s                 ; Yes                       ; Yes                       ;
; wren          ; 2.5 V        ; 0 s                 ; 0 s                 ; 2.32 V                       ; 3.07e-09 V                   ; 2.37 V              ; -0.00994 V          ; 0.186 V                              ; 0.028 V                              ; 4.98e-10 s                  ; 4.96e-10 s                  ; Yes                        ; Yes                        ; 2.32 V                      ; 3.07e-09 V                  ; 2.37 V             ; -0.00994 V         ; 0.186 V                             ; 0.028 V                             ; 4.98e-10 s                 ; 4.96e-10 s                 ; Yes                       ; Yes                       ;
; dataout[0]    ; 2.5 V        ; 0 s                 ; 0 s                 ; 2.32 V                       ; 3.07e-09 V                   ; 2.37 V              ; -0.00994 V          ; 0.186 V                              ; 0.028 V                              ; 4.98e-10 s                  ; 4.96e-10 s                  ; Yes                        ; Yes                        ; 2.32 V                      ; 3.07e-09 V                  ; 2.37 V             ; -0.00994 V         ; 0.186 V                             ; 0.028 V                             ; 4.98e-10 s                 ; 4.96e-10 s                 ; Yes                       ; Yes                       ;
; dataout[1]    ; 2.5 V        ; 0 s                 ; 0 s                 ; 2.32 V                       ; 3.07e-09 V                   ; 2.37 V              ; -0.00994 V          ; 0.186 V                              ; 0.028 V                              ; 4.98e-10 s                  ; 4.96e-10 s                  ; Yes                        ; Yes                        ; 2.32 V                      ; 3.07e-09 V                  ; 2.37 V             ; -0.00994 V         ; 0.186 V                             ; 0.028 V                             ; 4.98e-10 s                 ; 4.96e-10 s                 ; Yes                       ; Yes                       ;
; dataout[2]    ; 2.5 V        ; 0 s                 ; 0 s                 ; 2.32 V                       ; 3.07e-09 V                   ; 2.37 V              ; -0.00994 V          ; 0.186 V                              ; 0.028 V                              ; 4.98e-10 s                  ; 4.96e-10 s                  ; Yes                        ; Yes                        ; 2.32 V                      ; 3.07e-09 V                  ; 2.37 V             ; -0.00994 V         ; 0.186 V                             ; 0.028 V                             ; 4.98e-10 s                 ; 4.96e-10 s                 ; Yes                       ; Yes                       ;
; dataout[3]    ; 2.5 V        ; 0 s                 ; 0 s                 ; 2.32 V                       ; 3.07e-09 V                   ; 2.37 V              ; -0.00994 V          ; 0.186 V                              ; 0.028 V                              ; 4.98e-10 s                  ; 4.96e-10 s                  ; Yes                        ; Yes                        ; 2.32 V                      ; 3.07e-09 V                  ; 2.37 V             ; -0.00994 V         ; 0.186 V                             ; 0.028 V                             ; 4.98e-10 s                 ; 4.96e-10 s                 ; Yes                       ; Yes                       ;
; dataout[4]    ; 2.5 V        ; 0 s                 ; 0 s                 ; 2.32 V                       ; 3.07e-09 V                   ; 2.37 V              ; -0.00994 V          ; 0.186 V                              ; 0.028 V                              ; 4.98e-10 s                  ; 4.96e-10 s                  ; Yes                        ; Yes                        ; 2.32 V                      ; 3.07e-09 V                  ; 2.37 V             ; -0.00994 V         ; 0.186 V                             ; 0.028 V                             ; 4.98e-10 s                 ; 4.96e-10 s                 ; Yes                       ; Yes                       ;
; dataout[5]    ; 2.5 V        ; 0 s                 ; 0 s                 ; 2.32 V                       ; 3.07e-09 V                   ; 2.37 V              ; -0.00994 V          ; 0.186 V                              ; 0.028 V                              ; 4.98e-10 s                  ; 4.96e-10 s                  ; Yes                        ; Yes                        ; 2.32 V                      ; 3.07e-09 V                  ; 2.37 V             ; -0.00994 V         ; 0.186 V                             ; 0.028 V                             ; 4.98e-10 s                 ; 4.96e-10 s                 ; Yes                       ; Yes                       ;
; dataout[6]    ; 2.5 V        ; 0 s                 ; 0 s                 ; 2.32 V                       ; 3.07e-09 V                   ; 2.37 V              ; -0.00994 V          ; 0.186 V                              ; 0.028 V                              ; 4.98e-10 s                  ; 4.96e-10 s                  ; Yes                        ; Yes                        ; 2.32 V                      ; 3.07e-09 V                  ; 2.37 V             ; -0.00994 V         ; 0.186 V                             ; 0.028 V                             ; 4.98e-10 s                 ; 4.96e-10 s                 ; Yes                       ; Yes                       ;
; dataout[7]    ; 2.5 V        ; 0 s                 ; 0 s                 ; 2.32 V                       ; 3.07e-09 V                   ; 2.37 V              ; -0.00994 V          ; 0.186 V                              ; 0.028 V                              ; 4.98e-10 s                  ; 4.96e-10 s                  ; Yes                        ; Yes                        ; 2.32 V                      ; 3.07e-09 V                  ; 2.37 V             ; -0.00994 V         ; 0.186 V                             ; 0.028 V                             ; 4.98e-10 s                 ; 4.96e-10 s                 ; Yes                       ; Yes                       ;
; dataout[8]    ; 2.5 V        ; 0 s                 ; 0 s                 ; 2.32 V                       ; 3.07e-09 V                   ; 2.37 V              ; -0.00994 V          ; 0.186 V                              ; 0.028 V                              ; 4.98e-10 s                  ; 4.96e-10 s                  ; Yes                        ; Yes                        ; 2.32 V                      ; 3.07e-09 V                  ; 2.37 V             ; -0.00994 V         ; 0.186 V                             ; 0.028 V                             ; 4.98e-10 s                 ; 4.96e-10 s                 ; Yes                       ; Yes                       ;
; dataout[9]    ; 2.5 V        ; 0 s                 ; 0 s                 ; 2.32 V                       ; 3.07e-09 V                   ; 2.37 V              ; -0.00994 V          ; 0.186 V                              ; 0.028 V                              ; 4.98e-10 s                  ; 4.96e-10 s                  ; Yes                        ; Yes                        ; 2.32 V                      ; 3.07e-09 V                  ; 2.37 V             ; -0.00994 V         ; 0.186 V                             ; 0.028 V                             ; 4.98e-10 s                 ; 4.96e-10 s                 ; Yes                       ; Yes                       ;
; dataout[10]   ; 2.5 V        ; 0 s                 ; 0 s                 ; 2.32 V                       ; 3.07e-09 V                   ; 2.37 V              ; -0.00994 V          ; 0.186 V                              ; 0.028 V                              ; 4.98e-10 s                  ; 4.96e-10 s                  ; Yes                        ; Yes                        ; 2.32 V                      ; 3.07e-09 V                  ; 2.37 V             ; -0.00994 V         ; 0.186 V                             ; 0.028 V                             ; 4.98e-10 s                 ; 4.96e-10 s                 ; Yes                       ; Yes                       ;
; dataout[11]   ; 2.5 V        ; 0 s                 ; 0 s                 ; 2.32 V                       ; 3.07e-09 V                   ; 2.37 V              ; -0.00994 V          ; 0.186 V                              ; 0.028 V                              ; 4.98e-10 s                  ; 4.96e-10 s                  ; Yes                        ; Yes                        ; 2.32 V                      ; 3.07e-09 V                  ; 2.37 V             ; -0.00994 V         ; 0.186 V                             ; 0.028 V                             ; 4.98e-10 s                 ; 4.96e-10 s                 ; Yes                       ; Yes                       ;
; dataout[12]   ; 2.5 V        ; 0 s                 ; 0 s                 ; 2.32 V                       ; 3.07e-09 V                   ; 2.37 V              ; -0.00994 V          ; 0.186 V                              ; 0.028 V                              ; 4.98e-10 s                  ; 4.96e-10 s                  ; Yes                        ; Yes                        ; 2.32 V                      ; 3.07e-09 V                  ; 2.37 V             ; -0.00994 V         ; 0.186 V                             ; 0.028 V                             ; 4.98e-10 s                 ; 4.96e-10 s                 ; Yes                       ; Yes                       ;
; dataout[13]   ; 2.5 V        ; 0 s                 ; 0 s                 ; 2.32 V                       ; 3.07e-09 V                   ; 2.37 V              ; -0.00994 V          ; 0.186 V                              ; 0.028 V                              ; 4.98e-10 s                  ; 4.96e-10 s                  ; Yes                        ; Yes                        ; 2.32 V                      ; 3.07e-09 V                  ; 2.37 V             ; -0.00994 V         ; 0.186 V                             ; 0.028 V                             ; 4.98e-10 s                 ; 4.96e-10 s                 ; Yes                       ; Yes                       ;
; dataout[14]   ; 2.5 V        ; 0 s                 ; 0 s                 ; 2.32 V                       ; 3.07e-09 V                   ; 2.37 V              ; -0.00994 V          ; 0.186 V                              ; 0.028 V                              ; 4.98e-10 s                  ; 4.96e-10 s                  ; Yes                        ; Yes                        ; 2.32 V                      ; 3.07e-09 V                  ; 2.37 V             ; -0.00994 V         ; 0.186 V                             ; 0.028 V                             ; 4.98e-10 s                 ; 4.96e-10 s                 ; Yes                       ; Yes                       ;
; dataout[15]   ; 2.5 V        ; 0 s                 ; 0 s                 ; 2.32 V                       ; 3.07e-09 V                   ; 2.37 V              ; -0.00994 V          ; 0.186 V                              ; 0.028 V                              ; 4.98e-10 s                  ; 4.96e-10 s                  ; Yes                        ; Yes                        ; 2.32 V                      ; 3.07e-09 V                  ; 2.37 V             ; -0.00994 V         ; 0.186 V                             ; 0.028 V                             ; 4.98e-10 s                 ; 4.96e-10 s                 ; Yes                       ; Yes                       ;
; ~ALTERA_DCLK~ ; 2.5 V        ; 0 s                 ; 0 s                 ; 2.32 V                       ; 2.67e-09 V                   ; 2.38 V              ; -0.0485 V           ; 0.167 V                              ; 0.096 V                              ; 2.95e-10 s                  ; 2.73e-10 s                  ; Yes                        ; Yes                        ; 2.32 V                      ; 2.67e-09 V                  ; 2.38 V             ; -0.0485 V          ; 0.167 V                             ; 0.096 V                             ; 2.95e-10 s                 ; 2.73e-10 s                 ; Yes                       ; Yes                       ;
; ~ALTERA_nCEO~ ; 2.5 V        ; 0 s                 ; 0 s                 ; 2.32 V                       ; 4.18e-09 V                   ; 2.38 V              ; -0.00483 V          ; 0.152 V                              ; 0.012 V                              ; 4.81e-10 s                  ; 6.29e-10 s                  ; Yes                        ; Yes                        ; 2.32 V                      ; 4.18e-09 V                  ; 2.38 V             ; -0.00483 V         ; 0.152 V                             ; 0.012 V                             ; 4.81e-10 s                 ; 6.29e-10 s                 ; Yes                       ; Yes                       ;
+---------------+--------------+---------------------+---------------------+------------------------------+------------------------------+---------------------+---------------------+--------------------------------------+--------------------------------------+-----------------------------+-----------------------------+----------------------------+----------------------------+-----------------------------+-----------------------------+--------------------+--------------------+-------------------------------------+-------------------------------------+----------------------------+----------------------------+---------------------------+---------------------------+


+--------------------------------------------------------------------------------------------------------------------------------------------------------------------------------------------------------------------------------------------------------------------------------------------------------------------------------------------------------------------------------------------------------------------------------------------------------------------------------------------------------------------------------------------------------------------------------------------------------------------------------------------------------------------------------------------+
; Signal Integrity Metrics (Slow 1200mv 85c Model)                                                                                                                                                                                                                                                                                                                                                                                                                                                                                                                                                                                                                                           ;
+---------------+--------------+---------------------+---------------------+------------------------------+------------------------------+---------------------+---------------------+--------------------------------------+--------------------------------------+-----------------------------+-----------------------------+----------------------------+----------------------------+-----------------------------+-----------------------------+--------------------+--------------------+-------------------------------------+-------------------------------------+----------------------------+----------------------------+---------------------------+---------------------------+
; Pin           ; I/O Standard ; Board Delay on Rise ; Board Delay on Fall ; Steady State Voh at FPGA Pin ; Steady State Vol at FPGA Pin ; Voh Max at FPGA Pin ; Vol Min at FPGA Pin ; Ringback Voltage on Rise at FPGA Pin ; Ringback Voltage on Fall at FPGA Pin ; 10-90 Rise Time at FPGA Pin ; 90-10 Fall Time at FPGA Pin ; Monotonic Rise at FPGA Pin ; Monotonic Fall at FPGA Pin ; Steady State Voh at Far-end ; Steady State Vol at Far-end ; Voh Max at Far-end ; Vol Min at Far-end ; Ringback Voltage on Rise at Far-end ; Ringback Voltage on Fall at Far-end ; 10-90 Rise Time at Far-end ; 90-10 Fall Time at Far-end ; Monotonic Rise at Far-end ; Monotonic Fall at Far-end ;
+---------------+--------------+---------------------+---------------------+------------------------------+------------------------------+---------------------+---------------------+--------------------------------------+--------------------------------------+-----------------------------+-----------------------------+----------------------------+----------------------------+-----------------------------+-----------------------------+--------------------+--------------------+-------------------------------------+-------------------------------------+----------------------------+----------------------------+---------------------------+---------------------------+
; ready         ; 2.5 V        ; 0 s                 ; 0 s                 ; 2.32 V                       ; 4.67e-07 V                   ; 2.35 V              ; -0.00942 V          ; 0.116 V                              ; 0.033 V                              ; 6.66e-10 s                  ; 6.27e-10 s                  ; Yes                        ; Yes                        ; 2.32 V                      ; 4.67e-07 V                  ; 2.35 V             ; -0.00942 V         ; 0.116 V                             ; 0.033 V                             ; 6.66e-10 s                 ; 6.27e-10 s                 ; Yes                       ; Yes                       ;
; address[0]    ; 2.5 V        ; 0 s                 ; 0 s                 ; 2.32 V                       ; 4.67e-07 V                   ; 2.36 V              ; -0.00552 V          ; 0.11 V                               ; 0.007 V                              ; 4.54e-10 s                  ; 4.35e-10 s                  ; Yes                        ; Yes                        ; 2.32 V                      ; 4.67e-07 V                  ; 2.36 V             ; -0.00552 V         ; 0.11 V                              ; 0.007 V                             ; 4.54e-10 s                 ; 4.35e-10 s                 ; Yes                       ; Yes                       ;
; address[1]    ; 2.5 V        ; 0 s                 ; 0 s                 ; 2.32 V                       ; 4.67e-07 V                   ; 2.35 V              ; -0.00942 V          ; 0.116 V                              ; 0.033 V                              ; 6.66e-10 s                  ; 6.27e-10 s                  ; Yes                        ; Yes                        ; 2.32 V                      ; 4.67e-07 V                  ; 2.35 V             ; -0.00942 V         ; 0.116 V                             ; 0.033 V                             ; 6.66e-10 s                 ; 6.27e-10 s                 ; Yes                       ; Yes                       ;
; address[2]    ; 2.5 V        ; 0 s                 ; 0 s                 ; 2.32 V                       ; 4.67e-07 V                   ; 2.35 V              ; -0.00942 V          ; 0.116 V                              ; 0.033 V                              ; 6.66e-10 s                  ; 6.27e-10 s                  ; Yes                        ; Yes                        ; 2.32 V                      ; 4.67e-07 V                  ; 2.35 V             ; -0.00942 V         ; 0.116 V                             ; 0.033 V                             ; 6.66e-10 s                 ; 6.27e-10 s                 ; Yes                       ; Yes                       ;
; address[3]    ; 2.5 V        ; 0 s                 ; 0 s                 ; 2.32 V                       ; 4.67e-07 V                   ; 2.35 V              ; -0.00942 V          ; 0.116 V                              ; 0.033 V                              ; 6.66e-10 s                  ; 6.27e-10 s                  ; Yes                        ; Yes                        ; 2.32 V                      ; 4.67e-07 V                  ; 2.35 V             ; -0.00942 V         ; 0.116 V                             ; 0.033 V                             ; 6.66e-10 s                 ; 6.27e-10 s                 ; Yes                       ; Yes                       ;
; address[4]    ; 2.5 V        ; 0 s                 ; 0 s                 ; 2.32 V                       ; 4.67e-07 V                   ; 2.35 V              ; -0.00942 V          ; 0.116 V                              ; 0.033 V                              ; 6.66e-10 s                  ; 6.27e-10 s                  ; Yes                        ; Yes                        ; 2.32 V                      ; 4.67e-07 V                  ; 2.35 V             ; -0.00942 V         ; 0.116 V                             ; 0.033 V                             ; 6.66e-10 s                 ; 6.27e-10 s                 ; Yes                       ; Yes                       ;
; rden          ; 2.5 V        ; 0 s                 ; 0 s                 ; 2.32 V                       ; 4.67e-07 V                   ; 2.35 V              ; -0.00942 V          ; 0.116 V                              ; 0.033 V                              ; 6.66e-10 s                  ; 6.27e-10 s                  ; Yes                        ; Yes                        ; 2.32 V                      ; 4.67e-07 V                  ; 2.35 V             ; -0.00942 V         ; 0.116 V                             ; 0.033 V                             ; 6.66e-10 s                 ; 6.27e-10 s                 ; Yes                       ; Yes                       ;
; wren          ; 2.5 V        ; 0 s                 ; 0 s                 ; 2.32 V                       ; 4.67e-07 V                   ; 2.35 V              ; -0.00942 V          ; 0.116 V                              ; 0.033 V                              ; 6.66e-10 s                  ; 6.27e-10 s                  ; Yes                        ; Yes                        ; 2.32 V                      ; 4.67e-07 V                  ; 2.35 V             ; -0.00942 V         ; 0.116 V                             ; 0.033 V                             ; 6.66e-10 s                 ; 6.27e-10 s                 ; Yes                       ; Yes                       ;
; dataout[0]    ; 2.5 V        ; 0 s                 ; 0 s                 ; 2.32 V                       ; 4.67e-07 V                   ; 2.35 V              ; -0.00942 V          ; 0.116 V                              ; 0.033 V                              ; 6.66e-10 s                  ; 6.27e-10 s                  ; Yes                        ; Yes                        ; 2.32 V                      ; 4.67e-07 V                  ; 2.35 V             ; -0.00942 V         ; 0.116 V                             ; 0.033 V                             ; 6.66e-10 s                 ; 6.27e-10 s                 ; Yes                       ; Yes                       ;
; dataout[1]    ; 2.5 V        ; 0 s                 ; 0 s                 ; 2.32 V                       ; 4.67e-07 V                   ; 2.35 V              ; -0.00942 V          ; 0.116 V                              ; 0.033 V                              ; 6.66e-10 s                  ; 6.27e-10 s                  ; Yes                        ; Yes                        ; 2.32 V                      ; 4.67e-07 V                  ; 2.35 V             ; -0.00942 V         ; 0.116 V                             ; 0.033 V                             ; 6.66e-10 s                 ; 6.27e-10 s                 ; Yes                       ; Yes                       ;
; dataout[2]    ; 2.5 V        ; 0 s                 ; 0 s                 ; 2.32 V                       ; 4.67e-07 V                   ; 2.35 V              ; -0.00942 V          ; 0.116 V                              ; 0.033 V                              ; 6.66e-10 s                  ; 6.27e-10 s                  ; Yes                        ; Yes                        ; 2.32 V                      ; 4.67e-07 V                  ; 2.35 V             ; -0.00942 V         ; 0.116 V                             ; 0.033 V                             ; 6.66e-10 s                 ; 6.27e-10 s                 ; Yes                       ; Yes                       ;
; dataout[3]    ; 2.5 V        ; 0 s                 ; 0 s                 ; 2.32 V                       ; 4.67e-07 V                   ; 2.35 V              ; -0.00942 V          ; 0.116 V                              ; 0.033 V                              ; 6.66e-10 s                  ; 6.27e-10 s                  ; Yes                        ; Yes                        ; 2.32 V                      ; 4.67e-07 V                  ; 2.35 V             ; -0.00942 V         ; 0.116 V                             ; 0.033 V                             ; 6.66e-10 s                 ; 6.27e-10 s                 ; Yes                       ; Yes                       ;
; dataout[4]    ; 2.5 V        ; 0 s                 ; 0 s                 ; 2.32 V                       ; 4.67e-07 V                   ; 2.35 V              ; -0.00942 V          ; 0.116 V                              ; 0.033 V                              ; 6.66e-10 s                  ; 6.27e-10 s                  ; Yes                        ; Yes                        ; 2.32 V                      ; 4.67e-07 V                  ; 2.35 V             ; -0.00942 V         ; 0.116 V                             ; 0.033 V                             ; 6.66e-10 s                 ; 6.27e-10 s                 ; Yes                       ; Yes                       ;
; dataout[5]    ; 2.5 V        ; 0 s                 ; 0 s                 ; 2.32 V                       ; 4.67e-07 V                   ; 2.35 V              ; -0.00942 V          ; 0.116 V                              ; 0.033 V                              ; 6.66e-10 s                  ; 6.27e-10 s                  ; Yes                        ; Yes                        ; 2.32 V                      ; 4.67e-07 V                  ; 2.35 V             ; -0.00942 V         ; 0.116 V                             ; 0.033 V                             ; 6.66e-10 s                 ; 6.27e-10 s                 ; Yes                       ; Yes                       ;
; dataout[6]    ; 2.5 V        ; 0 s                 ; 0 s                 ; 2.32 V                       ; 4.67e-07 V                   ; 2.35 V              ; -0.00942 V          ; 0.116 V                              ; 0.033 V                              ; 6.66e-10 s                  ; 6.27e-10 s                  ; Yes                        ; Yes                        ; 2.32 V                      ; 4.67e-07 V                  ; 2.35 V             ; -0.00942 V         ; 0.116 V                             ; 0.033 V                             ; 6.66e-10 s                 ; 6.27e-10 s                 ; Yes                       ; Yes                       ;
; dataout[7]    ; 2.5 V        ; 0 s                 ; 0 s                 ; 2.32 V                       ; 4.67e-07 V                   ; 2.35 V              ; -0.00942 V          ; 0.116 V                              ; 0.033 V                              ; 6.66e-10 s                  ; 6.27e-10 s                  ; Yes                        ; Yes                        ; 2.32 V                      ; 4.67e-07 V                  ; 2.35 V             ; -0.00942 V         ; 0.116 V                             ; 0.033 V                             ; 6.66e-10 s                 ; 6.27e-10 s                 ; Yes                       ; Yes                       ;
; dataout[8]    ; 2.5 V        ; 0 s                 ; 0 s                 ; 2.32 V                       ; 4.67e-07 V                   ; 2.35 V              ; -0.00942 V          ; 0.116 V                              ; 0.033 V                              ; 6.66e-10 s                  ; 6.27e-10 s                  ; Yes                        ; Yes                        ; 2.32 V                      ; 4.67e-07 V                  ; 2.35 V             ; -0.00942 V         ; 0.116 V                             ; 0.033 V                             ; 6.66e-10 s                 ; 6.27e-10 s                 ; Yes                       ; Yes                       ;
; dataout[9]    ; 2.5 V        ; 0 s                 ; 0 s                 ; 2.32 V                       ; 4.67e-07 V                   ; 2.35 V              ; -0.00942 V          ; 0.116 V                              ; 0.033 V                              ; 6.66e-10 s                  ; 6.27e-10 s                  ; Yes                        ; Yes                        ; 2.32 V                      ; 4.67e-07 V                  ; 2.35 V             ; -0.00942 V         ; 0.116 V                             ; 0.033 V                             ; 6.66e-10 s                 ; 6.27e-10 s                 ; Yes                       ; Yes                       ;
; dataout[10]   ; 2.5 V        ; 0 s                 ; 0 s                 ; 2.32 V                       ; 4.67e-07 V                   ; 2.35 V              ; -0.00942 V          ; 0.116 V                              ; 0.033 V                              ; 6.66e-10 s                  ; 6.27e-10 s                  ; Yes                        ; Yes                        ; 2.32 V                      ; 4.67e-07 V                  ; 2.35 V             ; -0.00942 V         ; 0.116 V                             ; 0.033 V                             ; 6.66e-10 s                 ; 6.27e-10 s                 ; Yes                       ; Yes                       ;
; dataout[11]   ; 2.5 V        ; 0 s                 ; 0 s                 ; 2.32 V                       ; 4.67e-07 V                   ; 2.35 V              ; -0.00942 V          ; 0.116 V                              ; 0.033 V                              ; 6.66e-10 s                  ; 6.27e-10 s                  ; Yes                        ; Yes                        ; 2.32 V                      ; 4.67e-07 V                  ; 2.35 V             ; -0.00942 V         ; 0.116 V                             ; 0.033 V                             ; 6.66e-10 s                 ; 6.27e-10 s                 ; Yes                       ; Yes                       ;
; dataout[12]   ; 2.5 V        ; 0 s                 ; 0 s                 ; 2.32 V                       ; 4.67e-07 V                   ; 2.35 V              ; -0.00942 V          ; 0.116 V                              ; 0.033 V                              ; 6.66e-10 s                  ; 6.27e-10 s                  ; Yes                        ; Yes                        ; 2.32 V                      ; 4.67e-07 V                  ; 2.35 V             ; -0.00942 V         ; 0.116 V                             ; 0.033 V                             ; 6.66e-10 s                 ; 6.27e-10 s                 ; Yes                       ; Yes                       ;
; dataout[13]   ; 2.5 V        ; 0 s                 ; 0 s                 ; 2.32 V                       ; 4.67e-07 V                   ; 2.35 V              ; -0.00942 V          ; 0.116 V                              ; 0.033 V                              ; 6.66e-10 s                  ; 6.27e-10 s                  ; Yes                        ; Yes                        ; 2.32 V                      ; 4.67e-07 V                  ; 2.35 V             ; -0.00942 V         ; 0.116 V                             ; 0.033 V                             ; 6.66e-10 s                 ; 6.27e-10 s                 ; Yes                       ; Yes                       ;
; dataout[14]   ; 2.5 V        ; 0 s                 ; 0 s                 ; 2.32 V                       ; 4.67e-07 V                   ; 2.35 V              ; -0.00942 V          ; 0.116 V                              ; 0.033 V                              ; 6.66e-10 s                  ; 6.27e-10 s                  ; Yes                        ; Yes                        ; 2.32 V                      ; 4.67e-07 V                  ; 2.35 V             ; -0.00942 V         ; 0.116 V                             ; 0.033 V                             ; 6.66e-10 s                 ; 6.27e-10 s                 ; Yes                       ; Yes                       ;
; dataout[15]   ; 2.5 V        ; 0 s                 ; 0 s                 ; 2.32 V                       ; 4.67e-07 V                   ; 2.35 V              ; -0.00942 V          ; 0.116 V                              ; 0.033 V                              ; 6.66e-10 s                  ; 6.27e-10 s                  ; Yes                        ; Yes                        ; 2.32 V                      ; 4.67e-07 V                  ; 2.35 V             ; -0.00942 V         ; 0.116 V                             ; 0.033 V                             ; 6.66e-10 s                 ; 6.27e-10 s                 ; Yes                       ; Yes                       ;
; ~ALTERA_DCLK~ ; 2.5 V        ; 0 s                 ; 0 s                 ; 2.32 V                       ; 3.75e-07 V                   ; 2.35 V              ; -0.0109 V           ; 0.084 V                              ; 0.027 V                              ; 4.31e-10 s                  ; 3.61e-10 s                  ; Yes                        ; Yes                        ; 2.32 V                      ; 3.75e-07 V                  ; 2.35 V             ; -0.0109 V          ; 0.084 V                             ; 0.027 V                             ; 4.31e-10 s                 ; 3.61e-10 s                 ; Yes                       ; Yes                       ;
; ~ALTERA_nCEO~ ; 2.5 V        ; 0 s                 ; 0 s                 ; 2.32 V                       ; 6.15e-07 V                   ; 2.35 V              ; -0.00712 V          ; 0.093 V                              ; 0.02 V                               ; 6.21e-10 s                  ; 7.9e-10 s                   ; Yes                        ; Yes                        ; 2.32 V                      ; 6.15e-07 V                  ; 2.35 V             ; -0.00712 V         ; 0.093 V                             ; 0.02 V                              ; 6.21e-10 s                 ; 7.9e-10 s                  ; Yes                       ; Yes                       ;
+---------------+--------------+---------------------+---------------------+------------------------------+------------------------------+---------------------+---------------------+--------------------------------------+--------------------------------------+-----------------------------+-----------------------------+----------------------------+----------------------------+-----------------------------+-----------------------------+--------------------+--------------------+-------------------------------------+-------------------------------------+----------------------------+----------------------------+---------------------------+---------------------------+


+--------------------------------------------------------------------------------------------------------------------------------------------------------------------------------------------------------------------------------------------------------------------------------------------------------------------------------------------------------------------------------------------------------------------------------------------------------------------------------------------------------------------------------------------------------------------------------------------------------------------------------------------------------------------------------------------+
; Signal Integrity Metrics (Fast 1200mv 0c Model)                                                                                                                                                                                                                                                                                                                                                                                                                                                                                                                                                                                                                                            ;
+---------------+--------------+---------------------+---------------------+------------------------------+------------------------------+---------------------+---------------------+--------------------------------------+--------------------------------------+-----------------------------+-----------------------------+----------------------------+----------------------------+-----------------------------+-----------------------------+--------------------+--------------------+-------------------------------------+-------------------------------------+----------------------------+----------------------------+---------------------------+---------------------------+
; Pin           ; I/O Standard ; Board Delay on Rise ; Board Delay on Fall ; Steady State Voh at FPGA Pin ; Steady State Vol at FPGA Pin ; Voh Max at FPGA Pin ; Vol Min at FPGA Pin ; Ringback Voltage on Rise at FPGA Pin ; Ringback Voltage on Fall at FPGA Pin ; 10-90 Rise Time at FPGA Pin ; 90-10 Fall Time at FPGA Pin ; Monotonic Rise at FPGA Pin ; Monotonic Fall at FPGA Pin ; Steady State Voh at Far-end ; Steady State Vol at Far-end ; Voh Max at Far-end ; Vol Min at Far-end ; Ringback Voltage on Rise at Far-end ; Ringback Voltage on Fall at Far-end ; 10-90 Rise Time at Far-end ; 90-10 Fall Time at Far-end ; Monotonic Rise at Far-end ; Monotonic Fall at Far-end ;
+---------------+--------------+---------------------+---------------------+------------------------------+------------------------------+---------------------+---------------------+--------------------------------------+--------------------------------------+-----------------------------+-----------------------------+----------------------------+----------------------------+-----------------------------+-----------------------------+--------------------+--------------------+-------------------------------------+-------------------------------------+----------------------------+----------------------------+---------------------------+---------------------------+
; ready         ; 2.5 V        ; 0 s                 ; 0 s                 ; 2.62 V                       ; 2.74e-08 V                   ; 2.71 V              ; -0.0317 V           ; 0.148 V                              ; 0.064 V                              ; 4.51e-10 s                  ; 4.15e-10 s                  ; No                         ; Yes                        ; 2.62 V                      ; 2.74e-08 V                  ; 2.71 V             ; -0.0317 V          ; 0.148 V                             ; 0.064 V                             ; 4.51e-10 s                 ; 4.15e-10 s                 ; No                        ; Yes                       ;
; address[0]    ; 2.5 V        ; 0 s                 ; 0 s                 ; 2.62 V                       ; 2.74e-08 V                   ; 2.73 V              ; -0.0384 V           ; 0.169 V                              ; 0.089 V                              ; 2.7e-10 s                   ; 2.62e-10 s                  ; Yes                        ; Yes                        ; 2.62 V                      ; 2.74e-08 V                  ; 2.73 V             ; -0.0384 V          ; 0.169 V                             ; 0.089 V                             ; 2.7e-10 s                  ; 2.62e-10 s                 ; Yes                       ; Yes                       ;
; address[1]    ; 2.5 V        ; 0 s                 ; 0 s                 ; 2.62 V                       ; 2.74e-08 V                   ; 2.71 V              ; -0.0317 V           ; 0.148 V                              ; 0.064 V                              ; 4.51e-10 s                  ; 4.15e-10 s                  ; No                         ; Yes                        ; 2.62 V                      ; 2.74e-08 V                  ; 2.71 V             ; -0.0317 V          ; 0.148 V                             ; 0.064 V                             ; 4.51e-10 s                 ; 4.15e-10 s                 ; No                        ; Yes                       ;
; address[2]    ; 2.5 V        ; 0 s                 ; 0 s                 ; 2.62 V                       ; 2.74e-08 V                   ; 2.71 V              ; -0.0317 V           ; 0.148 V                              ; 0.064 V                              ; 4.51e-10 s                  ; 4.15e-10 s                  ; No                         ; Yes                        ; 2.62 V                      ; 2.74e-08 V                  ; 2.71 V             ; -0.0317 V          ; 0.148 V                             ; 0.064 V                             ; 4.51e-10 s                 ; 4.15e-10 s                 ; No                        ; Yes                       ;
; address[3]    ; 2.5 V        ; 0 s                 ; 0 s                 ; 2.62 V                       ; 2.74e-08 V                   ; 2.71 V              ; -0.0317 V           ; 0.148 V                              ; 0.064 V                              ; 4.51e-10 s                  ; 4.15e-10 s                  ; No                         ; Yes                        ; 2.62 V                      ; 2.74e-08 V                  ; 2.71 V             ; -0.0317 V          ; 0.148 V                             ; 0.064 V                             ; 4.51e-10 s                 ; 4.15e-10 s                 ; No                        ; Yes                       ;
; address[4]    ; 2.5 V        ; 0 s                 ; 0 s                 ; 2.62 V                       ; 2.74e-08 V                   ; 2.71 V              ; -0.0317 V           ; 0.148 V                              ; 0.064 V                              ; 4.51e-10 s                  ; 4.15e-10 s                  ; No                         ; Yes                        ; 2.62 V                      ; 2.74e-08 V                  ; 2.71 V             ; -0.0317 V          ; 0.148 V                             ; 0.064 V                             ; 4.51e-10 s                 ; 4.15e-10 s                 ; No                        ; Yes                       ;
; rden          ; 2.5 V        ; 0 s                 ; 0 s                 ; 2.62 V                       ; 2.74e-08 V                   ; 2.71 V              ; -0.0317 V           ; 0.148 V                              ; 0.064 V                              ; 4.51e-10 s                  ; 4.15e-10 s                  ; No                         ; Yes                        ; 2.62 V                      ; 2.74e-08 V                  ; 2.71 V             ; -0.0317 V          ; 0.148 V                             ; 0.064 V                             ; 4.51e-10 s                 ; 4.15e-10 s                 ; No                        ; Yes                       ;
; wren          ; 2.5 V        ; 0 s                 ; 0 s                 ; 2.62 V                       ; 2.74e-08 V                   ; 2.71 V              ; -0.0317 V           ; 0.148 V                              ; 0.064 V                              ; 4.51e-10 s                  ; 4.15e-10 s                  ; No                         ; Yes                        ; 2.62 V                      ; 2.74e-08 V                  ; 2.71 V             ; -0.0317 V          ; 0.148 V                             ; 0.064 V                             ; 4.51e-10 s                 ; 4.15e-10 s                 ; No                        ; Yes                       ;
; dataout[0]    ; 2.5 V        ; 0 s                 ; 0 s                 ; 2.62 V                       ; 2.74e-08 V                   ; 2.71 V              ; -0.0317 V           ; 0.148 V                              ; 0.064 V                              ; 4.51e-10 s                  ; 4.15e-10 s                  ; No                         ; Yes                        ; 2.62 V                      ; 2.74e-08 V                  ; 2.71 V             ; -0.0317 V          ; 0.148 V                             ; 0.064 V                             ; 4.51e-10 s                 ; 4.15e-10 s                 ; No                        ; Yes                       ;
; dataout[1]    ; 2.5 V        ; 0 s                 ; 0 s                 ; 2.62 V                       ; 2.74e-08 V                   ; 2.71 V              ; -0.0317 V           ; 0.148 V                              ; 0.064 V                              ; 4.51e-10 s                  ; 4.15e-10 s                  ; No                         ; Yes                        ; 2.62 V                      ; 2.74e-08 V                  ; 2.71 V             ; -0.0317 V          ; 0.148 V                             ; 0.064 V                             ; 4.51e-10 s                 ; 4.15e-10 s                 ; No                        ; Yes                       ;
; dataout[2]    ; 2.5 V        ; 0 s                 ; 0 s                 ; 2.62 V                       ; 2.74e-08 V                   ; 2.71 V              ; -0.0317 V           ; 0.148 V                              ; 0.064 V                              ; 4.51e-10 s                  ; 4.15e-10 s                  ; No                         ; Yes                        ; 2.62 V                      ; 2.74e-08 V                  ; 2.71 V             ; -0.0317 V          ; 0.148 V                             ; 0.064 V                             ; 4.51e-10 s                 ; 4.15e-10 s                 ; No                        ; Yes                       ;
; dataout[3]    ; 2.5 V        ; 0 s                 ; 0 s                 ; 2.62 V                       ; 2.74e-08 V                   ; 2.71 V              ; -0.0317 V           ; 0.148 V                              ; 0.064 V                              ; 4.51e-10 s                  ; 4.15e-10 s                  ; No                         ; Yes                        ; 2.62 V                      ; 2.74e-08 V                  ; 2.71 V             ; -0.0317 V          ; 0.148 V                             ; 0.064 V                             ; 4.51e-10 s                 ; 4.15e-10 s                 ; No                        ; Yes                       ;
; dataout[4]    ; 2.5 V        ; 0 s                 ; 0 s                 ; 2.62 V                       ; 2.74e-08 V                   ; 2.71 V              ; -0.0317 V           ; 0.148 V                              ; 0.064 V                              ; 4.51e-10 s                  ; 4.15e-10 s                  ; No                         ; Yes                        ; 2.62 V                      ; 2.74e-08 V                  ; 2.71 V             ; -0.0317 V          ; 0.148 V                             ; 0.064 V                             ; 4.51e-10 s                 ; 4.15e-10 s                 ; No                        ; Yes                       ;
; dataout[5]    ; 2.5 V        ; 0 s                 ; 0 s                 ; 2.62 V                       ; 2.74e-08 V                   ; 2.71 V              ; -0.0317 V           ; 0.148 V                              ; 0.064 V                              ; 4.51e-10 s                  ; 4.15e-10 s                  ; No                         ; Yes                        ; 2.62 V                      ; 2.74e-08 V                  ; 2.71 V             ; -0.0317 V          ; 0.148 V                             ; 0.064 V                             ; 4.51e-10 s                 ; 4.15e-10 s                 ; No                        ; Yes                       ;
; dataout[6]    ; 2.5 V        ; 0 s                 ; 0 s                 ; 2.62 V                       ; 2.74e-08 V                   ; 2.71 V              ; -0.0317 V           ; 0.148 V                              ; 0.064 V                              ; 4.51e-10 s                  ; 4.15e-10 s                  ; No                         ; Yes                        ; 2.62 V                      ; 2.74e-08 V                  ; 2.71 V             ; -0.0317 V          ; 0.148 V                             ; 0.064 V                             ; 4.51e-10 s                 ; 4.15e-10 s                 ; No                        ; Yes                       ;
; dataout[7]    ; 2.5 V        ; 0 s                 ; 0 s                 ; 2.62 V                       ; 2.74e-08 V                   ; 2.71 V              ; -0.0317 V           ; 0.148 V                              ; 0.064 V                              ; 4.51e-10 s                  ; 4.15e-10 s                  ; No                         ; Yes                        ; 2.62 V                      ; 2.74e-08 V                  ; 2.71 V             ; -0.0317 V          ; 0.148 V                             ; 0.064 V                             ; 4.51e-10 s                 ; 4.15e-10 s                 ; No                        ; Yes                       ;
; dataout[8]    ; 2.5 V        ; 0 s                 ; 0 s                 ; 2.62 V                       ; 2.74e-08 V                   ; 2.71 V              ; -0.0317 V           ; 0.148 V                              ; 0.064 V                              ; 4.51e-10 s                  ; 4.15e-10 s                  ; No                         ; Yes                        ; 2.62 V                      ; 2.74e-08 V                  ; 2.71 V             ; -0.0317 V          ; 0.148 V                             ; 0.064 V                             ; 4.51e-10 s                 ; 4.15e-10 s                 ; No                        ; Yes                       ;
; dataout[9]    ; 2.5 V        ; 0 s                 ; 0 s                 ; 2.62 V                       ; 2.74e-08 V                   ; 2.71 V              ; -0.0317 V           ; 0.148 V                              ; 0.064 V                              ; 4.51e-10 s                  ; 4.15e-10 s                  ; No                         ; Yes                        ; 2.62 V                      ; 2.74e-08 V                  ; 2.71 V             ; -0.0317 V          ; 0.148 V                             ; 0.064 V                             ; 4.51e-10 s                 ; 4.15e-10 s                 ; No                        ; Yes                       ;
; dataout[10]   ; 2.5 V        ; 0 s                 ; 0 s                 ; 2.62 V                       ; 2.74e-08 V                   ; 2.71 V              ; -0.0317 V           ; 0.148 V                              ; 0.064 V                              ; 4.51e-10 s                  ; 4.15e-10 s                  ; No                         ; Yes                        ; 2.62 V                      ; 2.74e-08 V                  ; 2.71 V             ; -0.0317 V          ; 0.148 V                             ; 0.064 V                             ; 4.51e-10 s                 ; 4.15e-10 s                 ; No                        ; Yes                       ;
; dataout[11]   ; 2.5 V        ; 0 s                 ; 0 s                 ; 2.62 V                       ; 2.74e-08 V                   ; 2.71 V              ; -0.0317 V           ; 0.148 V                              ; 0.064 V                              ; 4.51e-10 s                  ; 4.15e-10 s                  ; No                         ; Yes                        ; 2.62 V                      ; 2.74e-08 V                  ; 2.71 V             ; -0.0317 V          ; 0.148 V                             ; 0.064 V                             ; 4.51e-10 s                 ; 4.15e-10 s                 ; No                        ; Yes                       ;
; dataout[12]   ; 2.5 V        ; 0 s                 ; 0 s                 ; 2.62 V                       ; 2.74e-08 V                   ; 2.71 V              ; -0.0317 V           ; 0.148 V                              ; 0.064 V                              ; 4.51e-10 s                  ; 4.15e-10 s                  ; No                         ; Yes                        ; 2.62 V                      ; 2.74e-08 V                  ; 2.71 V             ; -0.0317 V          ; 0.148 V                             ; 0.064 V                             ; 4.51e-10 s                 ; 4.15e-10 s                 ; No                        ; Yes                       ;
; dataout[13]   ; 2.5 V        ; 0 s                 ; 0 s                 ; 2.62 V                       ; 2.74e-08 V                   ; 2.71 V              ; -0.0317 V           ; 0.148 V                              ; 0.064 V                              ; 4.51e-10 s                  ; 4.15e-10 s                  ; No                         ; Yes                        ; 2.62 V                      ; 2.74e-08 V                  ; 2.71 V             ; -0.0317 V          ; 0.148 V                             ; 0.064 V                             ; 4.51e-10 s                 ; 4.15e-10 s                 ; No                        ; Yes                       ;
; dataout[14]   ; 2.5 V        ; 0 s                 ; 0 s                 ; 2.62 V                       ; 2.74e-08 V                   ; 2.71 V              ; -0.0317 V           ; 0.148 V                              ; 0.064 V                              ; 4.51e-10 s                  ; 4.15e-10 s                  ; No                         ; Yes                        ; 2.62 V                      ; 2.74e-08 V                  ; 2.71 V             ; -0.0317 V          ; 0.148 V                             ; 0.064 V                             ; 4.51e-10 s                 ; 4.15e-10 s                 ; No                        ; Yes                       ;
; dataout[15]   ; 2.5 V        ; 0 s                 ; 0 s                 ; 2.62 V                       ; 2.74e-08 V                   ; 2.71 V              ; -0.0317 V           ; 0.148 V                              ; 0.064 V                              ; 4.51e-10 s                  ; 4.15e-10 s                  ; No                         ; Yes                        ; 2.62 V                      ; 2.74e-08 V                  ; 2.71 V             ; -0.0317 V          ; 0.148 V                             ; 0.064 V                             ; 4.51e-10 s                 ; 4.15e-10 s                 ; No                        ; Yes                       ;
; ~ALTERA_DCLK~ ; 2.5 V        ; 0 s                 ; 0 s                 ; 2.62 V                       ; 2.22e-08 V                   ; 2.74 V              ; -0.06 V             ; 0.158 V                              ; 0.08 V                               ; 2.68e-10 s                  ; 2.19e-10 s                  ; Yes                        ; Yes                        ; 2.62 V                      ; 2.22e-08 V                  ; 2.74 V             ; -0.06 V            ; 0.158 V                             ; 0.08 V                              ; 2.68e-10 s                 ; 2.19e-10 s                 ; Yes                       ; Yes                       ;
; ~ALTERA_nCEO~ ; 2.5 V        ; 0 s                 ; 0 s                 ; 2.62 V                       ; 3.54e-08 V                   ; 2.7 V               ; -0.00943 V          ; 0.276 V                              ; 0.035 V                              ; 3.19e-10 s                  ; 4.99e-10 s                  ; No                         ; Yes                        ; 2.62 V                      ; 3.54e-08 V                  ; 2.7 V              ; -0.00943 V         ; 0.276 V                             ; 0.035 V                             ; 3.19e-10 s                 ; 4.99e-10 s                 ; No                        ; Yes                       ;
+---------------+--------------+---------------------+---------------------+------------------------------+------------------------------+---------------------+---------------------+--------------------------------------+--------------------------------------+-----------------------------+-----------------------------+----------------------------+----------------------------+-----------------------------+-----------------------------+--------------------+--------------------+-------------------------------------+-------------------------------------+----------------------------+----------------------------+---------------------------+---------------------------+


+-------------------------------------------------------------------+
; Setup Transfers                                                   ;
+------------+----------+----------+----------+----------+----------+
; From Clock ; To Clock ; RR Paths ; FR Paths ; RF Paths ; FF Paths ;
+------------+----------+----------+----------+----------+----------+
; clk        ; clk      ; 127      ; 16       ; 64       ; 544      ;
+------------+----------+----------+----------+----------+----------+
Entries labeled "false path" only account for clock-to-clock false paths and not path-based false paths. As a result, actual path counts may be lower than reported.


+-------------------------------------------------------------------+
; Hold Transfers                                                    ;
+------------+----------+----------+----------+----------+----------+
; From Clock ; To Clock ; RR Paths ; FR Paths ; RF Paths ; FF Paths ;
+------------+----------+----------+----------+----------+----------+
; clk        ; clk      ; 127      ; 16       ; 64       ; 544      ;
+------------+----------+----------+----------+----------+----------+
Entries labeled "false path" only account for clock-to-clock false paths and not path-based false paths. As a result, actual path counts may be lower than reported.


+-------------------------------------------------------------------+
; Recovery Transfers                                                ;
+------------+----------+----------+----------+----------+----------+
; From Clock ; To Clock ; RR Paths ; FR Paths ; RF Paths ; FF Paths ;
+------------+----------+----------+----------+----------+----------+
; clk        ; clk      ; 0        ; 0        ; 48       ; 0        ;
+------------+----------+----------+----------+----------+----------+
Entries labeled "false path" only account for clock-to-clock false paths and not path-based false paths. As a result, actual path counts may be lower than reported.


+-------------------------------------------------------------------+
; Removal Transfers                                                 ;
+------------+----------+----------+----------+----------+----------+
; From Clock ; To Clock ; RR Paths ; FR Paths ; RF Paths ; FF Paths ;
+------------+----------+----------+----------+----------+----------+
; clk        ; clk      ; 0        ; 0        ; 48       ; 0        ;
+------------+----------+----------+----------+----------+----------+
Entries labeled "false path" only account for clock-to-clock false paths and not path-based false paths. As a result, actual path counts may be lower than reported.


---------------
; Report TCCS ;
---------------
No dedicated SERDES Transmitter circuitry present in device or used in design


---------------
; Report RSKM ;
---------------
No non-DPA dedicated SERDES Receiver circuitry present in device or used in design


+------------------------------------------------+
; Unconstrained Paths Summary                    ;
+---------------------------------+-------+------+
; Property                        ; Setup ; Hold ;
+---------------------------------+-------+------+
; Illegal Clocks                  ; 0     ; 0    ;
; Unconstrained Clocks            ; 0     ; 0    ;
; Unconstrained Input Ports       ; 0     ; 0    ;
; Unconstrained Input Port Paths  ; 0     ; 0    ;
; Unconstrained Output Ports      ; 0     ; 0    ;
; Unconstrained Output Port Paths ; 0     ; 0    ;
+---------------------------------+-------+------+


+-------------------------------------+
; Clock Status Summary                ;
+--------+-------+------+-------------+
; Target ; Clock ; Type ; Status      ;
+--------+-------+------+-------------+
; clk    ; clk   ; Base ; Constrained ;
+--------+-------+------+-------------+


+--------------------------+
; Timing Analyzer Messages ;
+--------------------------+
Info: *******************************************************************
Info: Running Quartus Prime Timing Analyzer
    Info: Version 20.1.1 Build 720 11/11/2020 SJ Lite Edition
    Info: Processing started: Thu Dec 25 14:09:49 2025
Info: Command: quartus_sta somador -c somador
Info: qsta_default_script.tcl version: #1
Warning (18236): Number of processors has not been specified which may cause overloading on shared machines.  Set the global assignment NUM_PARALLEL_PROCESSORS in your QSF to an appropriate value for best performance.
Info (20030): Parallel compilation is enabled and will use 12 of the 12 processors detected
Info (21077): Low junction temperature is 0 degrees C
Info (21077): High junction temperature is 85 degrees C
Info (332104): Reading SDC File: 'somador.sdc'
Info: Found TIMING_ANALYZER_REPORT_SCRIPT_INCLUDE_DEFAULT_ANALYSIS = ON
Info: Analyzing Slow 1200mV 85C Model
Info (332146): Worst-case setup slack is 2.804
    Info (332119):     Slack       End Point TNS Clock 
    Info (332119): ========= =================== =====================
    Info (332119):     2.804               0.000 clk 
Info (332146): Worst-case hold slack is 0.401
    Info (332119):     Slack       End Point TNS Clock 
    Info (332119): ========= =================== =====================
    Info (332119):     0.401               0.000 clk 
Info (332146): Worst-case recovery slack is 7.165
    Info (332119):     Slack       End Point TNS Clock 
    Info (332119): ========= =================== =====================
    Info (332119):     7.165               0.000 clk 
Info (332146): Worst-case removal slack is 11.952
    Info (332119):     Slack       End Point TNS Clock 
    Info (332119): ========= =================== =====================
    Info (332119):    11.952               0.000 clk 
Info (332146): Worst-case minimum pulse width slack is 9.702
    Info (332119):     Slack       End Point TNS Clock 
    Info (332119): ========= =================== =====================
    Info (332119):     9.702               0.000 clk 
Info: Analyzing Slow 1200mV 0C Model
Info (334003): Started post-fitting delay annotation
Info (334004): Delay annotation completed successfully
Info (332146): Worst-case setup slack is 3.448
    Info (332119):     Slack       End Point TNS Clock 
    Info (332119): ========= =================== =====================
    Info (332119):     3.448               0.000 clk 
Info (332146): Worst-case hold slack is 0.353
    Info (332119):     Slack       End Point TNS Clock 
    Info (332119): ========= =================== =====================
    Info (332119):     0.353               0.000 clk 
Info (332146): Worst-case recovery slack is 7.425
    Info (332119):     Slack       End Point TNS Clock 
    Info (332119): ========= =================== =====================
    Info (332119):     7.425               0.000 clk 
Info (332146): Worst-case removal slack is 11.796
    Info (332119):     Slack       End Point TNS Clock 
    Info (332119): ========= =================== =====================
    Info (332119):    11.796               0.000 clk 
Info (332146): Worst-case minimum pulse width slack is 9.734
    Info (332119):     Slack       End Point TNS Clock 
    Info (332119): ========= =================== =====================
    Info (332119):     9.734               0.000 clk 
Info: Analyzing Fast 1200mV 0C Model
Info (332146): Worst-case setup slack is 5.251
    Info (332119):     Slack       End Point TNS Clock 
    Info (332119): ========= =================== =====================
    Info (332119):     5.251               0.000 clk 
Info (332146): Worst-case hold slack is 0.181
    Info (332119):     Slack       End Point TNS Clock 
    Info (332119): ========= =================== =====================
    Info (332119):     0.181               0.000 clk 
Info (332146): Worst-case recovery slack is 8.841
    Info (332119):     Slack       End Point TNS Clock 
    Info (332119): ========= =================== =====================
    Info (332119):     8.841               0.000 clk 
Info (332146): Worst-case removal slack is 10.580
    Info (332119):     Slack       End Point TNS Clock 
    Info (332119): ========= =================== =====================
    Info (332119):    10.580               0.000 clk 
Info (332146): Worst-case minimum pulse width slack is 9.395
    Info (332119):     Slack       End Point TNS Clock 
    Info (332119): ========= =================== =====================
    Info (332119):     9.395               0.000 clk 
Info (332101): Design is fully constrained for setup requirements
Info (332101): Design is fully constrained for hold requirements
Info: Quartus Prime Timing Analyzer was successful. 0 errors, 1 warning
    Info: Peak virtual memory: 4943 megabytes
    Info: Processing ended: Thu Dec 25 14:09:50 2025
    Info: Elapsed time: 00:00:01
    Info: Total CPU time (on all processors): 00:00:02


