Timing Analyzer report for FSM_Control
Sun Dec 28 17:09:38 2025
Quartus Prime Version 20.1.1 Build 720 11/11/2020 SJ Lite Edition


---------------------
; Table of Contents ;
---------------------
  1. Legal Notice
  2. Timing Analyzer Summary
  3. Parallel Compilation
  4. SDC File List
  5. Clocks
  6. Slow 1200mV 85C Model Fmax Summary
  7. Timing Closure Recommendations
  8. Slow 1200mV 85C Model Setup Summary
  9. Slow 1200mV 85C Model Hold Summary
 10. Slow 1200mV 85C Model Recovery Summary
 11. Slow 1200mV 85C Model Removal Summary
 12. Slow 1200mV 85C Model Minimum Pulse Width Summary
 13. Slow 1200mV 85C Model Setup: 'clk'
 14. Slow 1200mV 85C Model Hold: 'clk'
 15. Slow 1200mV 85C Model Recovery: 'clk'
 16. Slow 1200mV 85C Model Removal: 'clk'
 17. Slow 1200mV 85C Model Metastability Summary
 18. Slow 1200mV 0C Model Fmax Summary
 19. Slow 1200mV 0C Model Setup Summary
 20. Slow 1200mV 0C Model Hold Summary
 21. Slow 1200mV 0C Model Recovery Summary
 22. Slow 1200mV 0C Model Removal Summary
 23. Slow 1200mV 0C Model Minimum Pulse Width Summary
 24. Slow 1200mV 0C Model Setup: 'clk'
 25. Slow 1200mV 0C Model Hold: 'clk'
 26. Slow 1200mV 0C Model Recovery: 'clk'
 27. Slow 1200mV 0C Model Removal: 'clk'
 28. Slow 1200mV 0C Model Metastability Summary
 29. Fast 1200mV 0C Model Setup Summary
 30. Fast 1200mV 0C Model Hold Summary
 31. Fast 1200mV 0C Model Recovery Summary
 32. Fast 1200mV 0C Model Removal Summary
 33. Fast 1200mV 0C Model Minimum Pulse Width Summary
 34. Fast 1200mV 0C Model Setup: 'clk'
 35. Fast 1200mV 0C Model Hold: 'clk'
 36. Fast 1200mV 0C Model Recovery: 'clk'
 37. Fast 1200mV 0C Model Removal: 'clk'
 38. Fast 1200mV 0C Model Metastability Summary
 39. Multicorner Timing Analysis Summary
 40. Board Trace Model Assignments
 41. Input Transition Times
 42. Signal Integrity Metrics (Slow 1200mv 0c Model)
 43. Signal Integrity Metrics (Slow 1200mv 85c Model)
 44. Signal Integrity Metrics (Fast 1200mv 0c Model)
 45. Setup Transfers
 46. Hold Transfers
 47. Recovery Transfers
 48. Removal Transfers
 49. Report TCCS
 50. Report RSKM
 51. Unconstrained Paths Summary
 52. Clock Status Summary
 53. Timing Analyzer Messages



----------------
; Legal Notice ;
----------------
Copyright (C) 2020  Intel Corporation. All rights reserved.
Your use of Intel Corporation's design tools, logic functions 
and other software and tools, and any partner logic 
functions, and any output files from any of the foregoing 
(including device programming or simulation files), and any 
associated documentation or information are expressly subject 
to the terms and conditions of the Intel Program License 
Subscription Agreement, the Intel Quartus Prime License Agreement,
the Intel FPGA IP License Agreement, or other applicable license
agreement, including, without limitation, that your use is for
the sole purpose of programming logic devices manufactured by
Intel and sold by Intel or its authorized distributors.  Please
refer to the applicable agreement for further details, at
https://fpgasoftware.intel.com/eula.



+-----------------------------------------------------------------------------+
; Timing Analyzer Summary                                                     ;
+-----------------------+-----------------------------------------------------+
; Quartus Prime Version ; Version 20.1.1 Build 720 11/11/2020 SJ Lite Edition ;
; Timing Analyzer       ; Legacy Timing Analyzer                              ;
; Revision Name         ; FSM_Control                                         ;
; Device Family         ; Cyclone IV E                                        ;
; Device Name           ; EP4CE115F29C7                                       ;
; Timing Models         ; Final                                               ;
; Delay Model           ; Combined                                            ;
; Rise/Fall Delays      ; Enabled                                             ;
+-----------------------+-----------------------------------------------------+


+------------------------------------------+
; Parallel Compilation                     ;
+----------------------------+-------------+
; Processors                 ; Number      ;
+----------------------------+-------------+
; Number detected on machine ; 12          ;
; Maximum allowed            ; 12          ;
;                            ;             ;
; Average used               ; 1.06        ;
; Maximum used               ; 12          ;
;                            ;             ;
; Usage by Processor         ; % Time Used ;
;     Processor 1            ; 100.0%      ;
;     Processor 2            ;   1.4%      ;
;     Processor 3            ;   0.5%      ;
;     Processors 4-12        ;   0.4%      ;
+----------------------------+-------------+


+------------------------------------------------------+
; SDC File List                                        ;
+------------------+--------+--------------------------+
; SDC File Path    ; Status ; Read at                  ;
+------------------+--------+--------------------------+
; FSM_Control3.sdc ; OK     ; Sun Dec 28 17:09:37 2025 ;
+------------------+--------+--------------------------+


+---------------------------------------------------------------------------------------------------------------------------------------------------------------------------------+
; Clocks                                                                                                                                                                          ;
+------------+------+--------+-----------+-------+--------+------------+-----------+-------------+-------+--------+-----------+------------+----------+--------+--------+---------+
; Clock Name ; Type ; Period ; Frequency ; Rise  ; Fall   ; Duty Cycle ; Divide by ; Multiply by ; Phase ; Offset ; Edge List ; Edge Shift ; Inverted ; Master ; Source ; Targets ;
+------------+------+--------+-----------+-------+--------+------------+-----------+-------------+-------+--------+-----------+------------+----------+--------+--------+---------+
; clk        ; Base ; 20.000 ; 50.0 MHz  ; 0.000 ; 10.000 ;            ;           ;             ;       ;        ;           ;            ;          ;        ;        ; { clk } ;
+------------+------+--------+-----------+-------+--------+------------+-----------+-------------+-------+--------+-----------+------------+----------+--------+--------+---------+


+--------------------------------------------------+
; Slow 1200mV 85C Model Fmax Summary               ;
+------------+-----------------+------------+------+
; Fmax       ; Restricted Fmax ; Clock Name ; Note ;
+------------+-----------------+------------+------+
; 124.61 MHz ; 124.61 MHz      ; clk        ;      ;
+------------+-----------------+------------+------+
This panel reports FMAX for every clock in the design, regardless of the user-specified clock periods.  FMAX is only computed for paths where the source and destination registers or ports are driven by the same clock.  Paths of different clocks, including generated clocks, are ignored.  For paths between a clock and its inversion, FMAX is computed as if the rising and falling edges are scaled along with FMAX, such that the duty cycle (in terms of a percentage) is maintained. Altera recommends that you always use clock constraints and other slack reports for sign-off analysis.


----------------------------------
; Timing Closure Recommendations ;
----------------------------------
HTML report is unavailable in plain text report export.


+-------------------------------------+
; Slow 1200mV 85C Model Setup Summary ;
+-------+--------+--------------------+
; Clock ; Slack  ; End Point TNS      ;
+-------+--------+--------------------+
; clk   ; 11.975 ; 0.000              ;
+-------+--------+--------------------+


+------------------------------------+
; Slow 1200mV 85C Model Hold Summary ;
+-------+-------+--------------------+
; Clock ; Slack ; End Point TNS      ;
+-------+-------+--------------------+
; clk   ; 0.401 ; 0.000              ;
+-------+-------+--------------------+


+----------------------------------------+
; Slow 1200mV 85C Model Recovery Summary ;
+-------+--------+-----------------------+
; Clock ; Slack  ; End Point TNS         ;
+-------+--------+-----------------------+
; clk   ; 16.124 ; 0.000                 ;
+-------+--------+-----------------------+


+---------------------------------------+
; Slow 1200mV 85C Model Removal Summary ;
+-------+-------+-----------------------+
; Clock ; Slack ; End Point TNS         ;
+-------+-------+-----------------------+
; clk   ; 2.172 ; 0.000                 ;
+-------+-------+-----------------------+


+---------------------------------------------------+
; Slow 1200mV 85C Model Minimum Pulse Width Summary ;
+-------+-------+-----------------------------------+
; Clock ; Slack ; End Point TNS                     ;
+-------+-------+-----------------------------------+
; clk   ; 9.739 ; 0.000                             ;
+-------+-------+-----------------------------------+


+--------------------------------------------------------------------------------------------------------------------------------+
; Slow 1200mV 85C Model Setup: 'clk'                                                                                             ;
+--------+-----------------------+-------------------------+--------------+-------------+--------------+------------+------------+
; Slack  ; From Node             ; To Node                 ; Launch Clock ; Latch Clock ; Relationship ; Clock Skew ; Data Delay ;
+--------+-----------------------+-------------------------+--------------+-------------+--------------+------------+------------+
; 11.975 ; address[2]~reg0       ; address[2]              ; clk          ; clk         ; 20.000       ; -3.033     ; 3.972      ;
; 11.979 ; y[1]~reg0             ; y[1]                    ; clk          ; clk         ; 20.000       ; -3.039     ; 3.962      ;
; 11.985 ; u[0]~reg0             ; u[0]                    ; clk          ; clk         ; 20.000       ; -3.033     ; 3.962      ;
; 11.986 ; y[2]~reg0             ; y[2]                    ; clk          ; clk         ; 20.000       ; -3.042     ; 3.952      ;
; 11.986 ; y[0]~reg0             ; y[0]                    ; clk          ; clk         ; 20.000       ; -3.042     ; 3.952      ;
; 11.989 ; x[0]~reg0             ; x[0]                    ; clk          ; clk         ; 20.000       ; -3.039     ; 3.952      ;
; 11.992 ; v[1]~reg0             ; v[1]                    ; clk          ; clk         ; 20.000       ; -3.036     ; 3.952      ;
; 11.994 ; u[2]~reg0             ; u[2]                    ; clk          ; clk         ; 20.000       ; -3.044     ; 3.942      ;
; 11.994 ; u[1]~reg0             ; u[1]                    ; clk          ; clk         ; 20.000       ; -3.044     ; 3.942      ;
; 11.997 ; state.INIT            ; rst_out                 ; clk          ; clk         ; 20.000       ; -3.021     ; 3.962      ;
; 11.997 ; state.DONE            ; ready                   ; clk          ; clk         ; 20.000       ; -3.021     ; 3.962      ;
; 12.002 ; v[2]~reg0             ; v[2]                    ; clk          ; clk         ; 20.000       ; -3.036     ; 3.942      ;
; 12.003 ; address[3]~reg0       ; address[3]              ; clk          ; clk         ; 20.000       ; -3.025     ; 3.952      ;
; 12.006 ; address[5]~reg0       ; address[5]              ; clk          ; clk         ; 20.000       ; -3.042     ; 3.932      ;
; 12.007 ; state.ACCUM           ; act_mac                 ; clk          ; clk         ; 20.000       ; -3.021     ; 3.952      ;
; 12.016 ; address[1]~reg0       ; address[1]              ; clk          ; clk         ; 20.000       ; -3.042     ; 3.922      ;
; 12.016 ; x[1]~reg0             ; x[1]                    ; clk          ; clk         ; 20.000       ; -3.042     ; 3.922      ;
; 12.024 ; state.RD_PULSE        ; rd_en                   ; clk          ; clk         ; 20.000       ; -3.044     ; 3.912      ;
; 12.026 ; address[4]~reg0       ; address[4]              ; clk          ; clk         ; 20.000       ; -3.042     ; 3.912      ;
; 12.026 ; x[2]~reg0             ; x[2]                    ; clk          ; clk         ; 20.000       ; -3.042     ; 3.912      ;
; 12.108 ; v[0]~reg0             ; v[0]                    ; clk          ; clk         ; 20.000       ; -3.042     ; 3.830      ;
; 12.135 ; address[0]~reg0       ; address[0]              ; clk          ; clk         ; 20.000       ; -3.025     ; 3.820      ;
; 14.385 ; v[2]~reg0_Duplicate_1 ; state.DONE              ; clk          ; clk         ; 20.000       ; -0.171     ; 5.329      ;
; 14.503 ; v[1]~reg0_Duplicate_1 ; state.DONE              ; clk          ; clk         ; 20.000       ; -0.171     ; 5.211      ;
; 14.696 ; v[2]~reg0_Duplicate_1 ; y[1]~reg0               ; clk          ; clk         ; 20.000       ; -0.130     ; 5.059      ;
; 14.698 ; v[0]~reg0_Duplicate_1 ; state.DONE              ; clk          ; clk         ; 20.000       ; -0.171     ; 5.016      ;
; 14.703 ; u[1]~reg0_Duplicate_1 ; y[1]~reg0               ; clk          ; clk         ; 20.000       ; -0.130     ; 5.052      ;
; 14.814 ; v[1]~reg0_Duplicate_1 ; y[1]~reg0               ; clk          ; clk         ; 20.000       ; -0.130     ; 4.941      ;
; 14.837 ; u[0]~reg0_Duplicate_1 ; y[1]~reg0               ; clk          ; clk         ; 20.000       ; -0.130     ; 4.918      ;
; 14.981 ; u[1]~reg0_Duplicate_1 ; y[2]~reg0               ; clk          ; clk         ; 20.000       ; -0.126     ; 4.778      ;
; 15.009 ; v[0]~reg0_Duplicate_1 ; y[1]~reg0               ; clk          ; clk         ; 20.000       ; -0.130     ; 4.746      ;
; 15.059 ; u[1]~reg0_Duplicate_1 ; state.DONE              ; clk          ; clk         ; 20.000       ; -0.171     ; 4.655      ;
; 15.083 ; v[2]~reg0_Duplicate_1 ; y[2]~reg0               ; clk          ; clk         ; 20.000       ; -0.126     ; 4.676      ;
; 15.108 ; u[2]~reg0_Duplicate_1 ; y[1]~reg0               ; clk          ; clk         ; 20.000       ; -0.130     ; 4.647      ;
; 15.122 ; u[0]~reg0_Duplicate_1 ; y[2]~reg0               ; clk          ; clk         ; 20.000       ; -0.126     ; 4.637      ;
; 15.147 ; u[1]~reg0_Duplicate_1 ; y[2]~reg0_Duplicate_1   ; clk          ; clk         ; 20.000       ; -0.082     ; 4.769      ;
; 15.160 ; v[2]~reg0_Duplicate_1 ; y[0]~reg0               ; clk          ; clk         ; 20.000       ; -0.126     ; 4.599      ;
; 15.178 ; v[2]~reg0_Duplicate_1 ; x[1]~reg0               ; clk          ; clk         ; 20.000       ; -0.126     ; 4.581      ;
; 15.201 ; v[1]~reg0_Duplicate_1 ; y[2]~reg0               ; clk          ; clk         ; 20.000       ; -0.126     ; 4.558      ;
; 15.214 ; u[2]~reg0_Duplicate_1 ; state.DONE              ; clk          ; clk         ; 20.000       ; -0.171     ; 4.500      ;
; 15.235 ; v[2]~reg0_Duplicate_1 ; y[2]~reg0_Duplicate_1   ; clk          ; clk         ; 20.000       ; -0.082     ; 4.681      ;
; 15.265 ; v[2]~reg0_Duplicate_1 ; x[2]~reg0               ; clk          ; clk         ; 20.000       ; -0.126     ; 4.494      ;
; 15.272 ; u[1]~reg0_Duplicate_1 ; x[2]~reg0               ; clk          ; clk         ; 20.000       ; -0.126     ; 4.487      ;
; 15.278 ; v[1]~reg0_Duplicate_1 ; y[0]~reg0               ; clk          ; clk         ; 20.000       ; -0.126     ; 4.481      ;
; 15.281 ; u[0]~reg0_Duplicate_1 ; y[2]~reg0_Duplicate_1   ; clk          ; clk         ; 20.000       ; -0.082     ; 4.635      ;
; 15.296 ; v[1]~reg0_Duplicate_1 ; x[1]~reg0               ; clk          ; clk         ; 20.000       ; -0.126     ; 4.463      ;
; 15.331 ; v[2]~reg0_Duplicate_1 ; x[1]~reg0_Duplicate_1   ; clk          ; clk         ; 20.000       ; -0.082     ; 4.585      ;
; 15.353 ; v[1]~reg0_Duplicate_1 ; y[2]~reg0_Duplicate_1   ; clk          ; clk         ; 20.000       ; -0.082     ; 4.563      ;
; 15.376 ; u[2]~reg0_Duplicate_1 ; y[2]~reg0               ; clk          ; clk         ; 20.000       ; -0.126     ; 4.383      ;
; 15.383 ; v[1]~reg0_Duplicate_1 ; x[2]~reg0               ; clk          ; clk         ; 20.000       ; -0.126     ; 4.376      ;
; 15.396 ; v[0]~reg0_Duplicate_1 ; y[2]~reg0               ; clk          ; clk         ; 20.000       ; -0.126     ; 4.363      ;
; 15.399 ; v[2]~reg0_Duplicate_1 ; y[1]~reg0_Duplicate_1   ; clk          ; clk         ; 20.000       ; -0.082     ; 4.517      ;
; 15.406 ; u[0]~reg0_Duplicate_1 ; x[2]~reg0               ; clk          ; clk         ; 20.000       ; -0.126     ; 4.353      ;
; 15.406 ; u[1]~reg0_Duplicate_1 ; y[1]~reg0_Duplicate_1   ; clk          ; clk         ; 20.000       ; -0.082     ; 4.510      ;
; 15.418 ; x[2]~reg0_Duplicate_1 ; y[2]~reg0               ; clk          ; clk         ; 20.000       ; -0.125     ; 4.342      ;
; 15.449 ; v[1]~reg0_Duplicate_1 ; x[1]~reg0_Duplicate_1   ; clk          ; clk         ; 20.000       ; -0.082     ; 4.467      ;
; 15.451 ; u[0]~reg0_Duplicate_1 ; state.DONE              ; clk          ; clk         ; 20.000       ; -0.171     ; 4.263      ;
; 15.455 ; start                 ; state.INIT              ; clk          ; clk         ; 20.000       ; 2.930      ; 6.360      ;
; 15.456 ; v[0]~reg0_Duplicate_1 ; y[0]~reg0               ; clk          ; clk         ; 20.000       ; -0.126     ; 4.303      ;
; 15.487 ; v[2]~reg0_Duplicate_1 ; y[0]~reg0_Duplicate_1   ; clk          ; clk         ; 20.000       ; -0.082     ; 4.429      ;
; 15.491 ; v[0]~reg0_Duplicate_1 ; x[1]~reg0               ; clk          ; clk         ; 20.000       ; -0.126     ; 4.268      ;
; 15.517 ; v[1]~reg0_Duplicate_1 ; y[1]~reg0_Duplicate_1   ; clk          ; clk         ; 20.000       ; -0.082     ; 4.399      ;
; 15.540 ; u[0]~reg0_Duplicate_1 ; y[1]~reg0_Duplicate_1   ; clk          ; clk         ; 20.000       ; -0.082     ; 4.376      ;
; 15.548 ; v[0]~reg0_Duplicate_1 ; y[2]~reg0_Duplicate_1   ; clk          ; clk         ; 20.000       ; -0.082     ; 4.368      ;
; 15.552 ; u[2]~reg0_Duplicate_1 ; y[2]~reg0_Duplicate_1   ; clk          ; clk         ; 20.000       ; -0.082     ; 4.364      ;
; 15.567 ; u[1]~reg0_Duplicate_1 ; x[1]~reg0               ; clk          ; clk         ; 20.000       ; -0.126     ; 4.192      ;
; 15.578 ; v[0]~reg0_Duplicate_1 ; x[2]~reg0               ; clk          ; clk         ; 20.000       ; -0.126     ; 4.181      ;
; 15.592 ; v[2]~reg0_Duplicate_1 ; x[2]~reg0_Duplicate_1   ; clk          ; clk         ; 20.000       ; -0.082     ; 4.324      ;
; 15.592 ; x[2]~reg0_Duplicate_1 ; y[2]~reg0_Duplicate_1   ; clk          ; clk         ; 20.000       ; -0.081     ; 4.325      ;
; 15.598 ; u[1]~reg0_Duplicate_1 ; x[0]~reg0               ; clk          ; clk         ; 20.000       ; -0.130     ; 4.157      ;
; 15.599 ; u[1]~reg0_Duplicate_1 ; x[2]~reg0_Duplicate_1   ; clk          ; clk         ; 20.000       ; -0.082     ; 4.317      ;
; 15.605 ; v[1]~reg0_Duplicate_1 ; y[0]~reg0_Duplicate_1   ; clk          ; clk         ; 20.000       ; -0.082     ; 4.311      ;
; 15.644 ; v[0]~reg0_Duplicate_1 ; x[1]~reg0_Duplicate_1   ; clk          ; clk         ; 20.000       ; -0.082     ; 4.272      ;
; 15.677 ; u[2]~reg0_Duplicate_1 ; x[2]~reg0               ; clk          ; clk         ; 20.000       ; -0.126     ; 4.082      ;
; 15.701 ; y[1]~reg0_Duplicate_1 ; state.DONE              ; clk          ; clk         ; 20.000       ; -0.170     ; 4.014      ;
; 15.701 ; u[0]~reg0_Duplicate_1 ; x[1]~reg0               ; clk          ; clk         ; 20.000       ; -0.126     ; 4.058      ;
; 15.710 ; v[1]~reg0_Duplicate_1 ; x[2]~reg0_Duplicate_1   ; clk          ; clk         ; 20.000       ; -0.082     ; 4.206      ;
; 15.711 ; v[2]~reg0_Duplicate_1 ; x[0]~reg0               ; clk          ; clk         ; 20.000       ; -0.130     ; 4.044      ;
; 15.712 ; v[0]~reg0_Duplicate_1 ; y[1]~reg0_Duplicate_1   ; clk          ; clk         ; 20.000       ; -0.082     ; 4.204      ;
; 15.732 ; u[0]~reg0_Duplicate_1 ; x[0]~reg0               ; clk          ; clk         ; 20.000       ; -0.130     ; 4.023      ;
; 15.733 ; u[0]~reg0_Duplicate_1 ; x[2]~reg0_Duplicate_1   ; clk          ; clk         ; 20.000       ; -0.082     ; 4.183      ;
; 15.738 ; u[1]~reg0_Duplicate_1 ; y[0]~reg0               ; clk          ; clk         ; 20.000       ; -0.126     ; 4.021      ;
; 15.749 ; u[1]~reg0_Duplicate_1 ; x[1]~reg0_Duplicate_1   ; clk          ; clk         ; 20.000       ; -0.082     ; 4.167      ;
; 15.785 ; v[0]~reg0_Duplicate_1 ; y[0]~reg0_Duplicate_1   ; clk          ; clk         ; 20.000       ; -0.082     ; 4.131      ;
; 15.811 ; u[2]~reg0_Duplicate_1 ; y[1]~reg0_Duplicate_1   ; clk          ; clk         ; 20.000       ; -0.082     ; 4.105      ;
; 15.823 ; x[1]~reg0_Duplicate_1 ; y[2]~reg0               ; clk          ; clk         ; 20.000       ; -0.125     ; 3.937      ;
; 15.825 ; state.NEXT            ; y[1]~reg0               ; clk          ; clk         ; 20.000       ; -0.129     ; 3.931      ;
; 15.829 ; v[1]~reg0_Duplicate_1 ; x[0]~reg0               ; clk          ; clk         ; 20.000       ; -0.130     ; 3.926      ;
; 15.852 ; x[0]~reg0_Duplicate_1 ; y[2]~reg0               ; clk          ; clk         ; 20.000       ; -0.125     ; 3.908      ;
; 15.863 ; v[2]~reg0_Duplicate_1 ; state.SET_ADDR          ; clk          ; clk         ; 20.000       ; -0.082     ; 4.053      ;
; 15.872 ; v[2]~reg0_Duplicate_1 ; state.DONE~_Duplicate_1 ; clk          ; clk         ; 20.000       ; -0.082     ; 4.044      ;
; 15.872 ; u[0]~reg0_Duplicate_1 ; y[0]~reg0               ; clk          ; clk         ; 20.000       ; -0.126     ; 3.887      ;
; 15.883 ; u[0]~reg0_Duplicate_1 ; x[1]~reg0_Duplicate_1   ; clk          ; clk         ; 20.000       ; -0.082     ; 4.033      ;
; 15.905 ; v[0]~reg0_Duplicate_1 ; x[2]~reg0_Duplicate_1   ; clk          ; clk         ; 20.000       ; -0.082     ; 4.011      ;
; 15.959 ; u[2]~reg0_Duplicate_1 ; y[0]~reg0               ; clk          ; clk         ; 20.000       ; -0.126     ; 3.800      ;
; 15.960 ; state.SET_ADDR        ; y[0]~reg0               ; clk          ; clk         ; 20.000       ; -0.125     ; 3.800      ;
; 15.968 ; x[2]~reg0_Duplicate_1 ; state.DONE              ; clk          ; clk         ; 20.000       ; -0.170     ; 3.747      ;
; 15.972 ; u[2]~reg0_Duplicate_1 ; x[1]~reg0               ; clk          ; clk         ; 20.000       ; -0.126     ; 3.787      ;
; 15.981 ; x[2]~reg0_Duplicate_1 ; y[1]~reg0               ; clk          ; clk         ; 20.000       ; -0.129     ; 3.775      ;
; 15.981 ; v[1]~reg0_Duplicate_1 ; state.SET_ADDR          ; clk          ; clk         ; 20.000       ; -0.082     ; 3.935      ;
+--------+-----------------------+-------------------------+--------------+-------------+--------------+------------+------------+


+-----------------------------------------------------------------------------------------------------------------------------------------+
; Slow 1200mV 85C Model Hold: 'clk'                                                                                                       ;
+-------+-----------------------------+-----------------------------+--------------+-------------+--------------+------------+------------+
; Slack ; From Node                   ; To Node                     ; Launch Clock ; Latch Clock ; Relationship ; Clock Skew ; Data Delay ;
+-------+-----------------------------+-----------------------------+--------------+-------------+--------------+------------+------------+
; 0.401 ; address[5]~reg0_Duplicate_1 ; address[5]~reg0_Duplicate_1 ; clk          ; clk         ; 0.000        ; 0.082      ; 0.669      ;
; 0.401 ; address[4]~reg0_Duplicate_1 ; address[4]~reg0_Duplicate_1 ; clk          ; clk         ; 0.000        ; 0.082      ; 0.669      ;
; 0.401 ; address[3]~reg0_Duplicate_1 ; address[3]~reg0_Duplicate_1 ; clk          ; clk         ; 0.000        ; 0.082      ; 0.669      ;
; 0.401 ; address[2]~reg0_Duplicate_1 ; address[2]~reg0_Duplicate_1 ; clk          ; clk         ; 0.000        ; 0.082      ; 0.669      ;
; 0.401 ; address[1]~reg0_Duplicate_1 ; address[1]~reg0_Duplicate_1 ; clk          ; clk         ; 0.000        ; 0.082      ; 0.669      ;
; 0.401 ; address[0]~reg0_Duplicate_1 ; address[0]~reg0_Duplicate_1 ; clk          ; clk         ; 0.000        ; 0.082      ; 0.669      ;
; 0.401 ; u[0]~reg0_Duplicate_1       ; u[0]~reg0_Duplicate_1       ; clk          ; clk         ; 0.000        ; 0.082      ; 0.669      ;
; 0.401 ; v[2]~reg0_Duplicate_1       ; v[2]~reg0_Duplicate_1       ; clk          ; clk         ; 0.000        ; 0.082      ; 0.669      ;
; 0.401 ; v[1]~reg0_Duplicate_1       ; v[1]~reg0_Duplicate_1       ; clk          ; clk         ; 0.000        ; 0.082      ; 0.669      ;
; 0.402 ; state.IDLE                  ; state.IDLE                  ; clk          ; clk         ; 0.000        ; 0.081      ; 0.669      ;
; 0.423 ; state.DONE~_Duplicate_1     ; state.IDLE                  ; clk          ; clk         ; 0.000        ; 0.081      ; 0.690      ;
; 0.430 ; state.GAP                   ; state.NEXT                  ; clk          ; clk         ; 0.000        ; 0.081      ; 0.697      ;
; 0.430 ; state.RD_PULSE~_Duplicate_1 ; state.WAIT_MEM              ; clk          ; clk         ; 0.000        ; 0.081      ; 0.697      ;
; 0.431 ; state.ACCUM~_Duplicate_1    ; state.GAP                   ; clk          ; clk         ; 0.000        ; 0.081      ; 0.698      ;
; 0.451 ; state.WAIT_MEM              ; state.ACCUM~_Duplicate_1    ; clk          ; clk         ; 0.000        ; 0.081      ; 0.718      ;
; 0.461 ; state.SET_ADDR              ; state.RD_PULSE~_Duplicate_1 ; clk          ; clk         ; 0.000        ; 0.081      ; 0.728      ;
; 0.540 ; state.IDLE                  ; state.INIT~_Duplicate_1     ; clk          ; clk         ; 0.000        ; 0.081      ; 0.807      ;
; 0.660 ; v[1]~reg0_Duplicate_1       ; address[1]~reg0_Duplicate_1 ; clk          ; clk         ; 0.000        ; 0.082      ; 0.928      ;
; 0.667 ; state.INIT~_Duplicate_1     ; state.SET_ADDR              ; clk          ; clk         ; 0.000        ; 0.081      ; 0.934      ;
; 0.668 ; u[2]~reg0_Duplicate_1       ; address[5]~reg0_Duplicate_1 ; clk          ; clk         ; 0.000        ; 0.082      ; 0.936      ;
; 0.676 ; u[0]~reg0_Duplicate_1       ; address[3]~reg0_Duplicate_1 ; clk          ; clk         ; 0.000        ; 0.082      ; 0.944      ;
; 0.681 ; state.NEXT                  ; state.DONE~_Duplicate_1     ; clk          ; clk         ; 0.000        ; 0.081      ; 0.948      ;
; 0.690 ; state.SET_ADDR              ; address[3]~reg0_Duplicate_1 ; clk          ; clk         ; 0.000        ; 0.082      ; 0.958      ;
; 0.691 ; state.SET_ADDR              ; address[5]~reg0_Duplicate_1 ; clk          ; clk         ; 0.000        ; 0.082      ; 0.959      ;
; 0.691 ; state.SET_ADDR              ; address[2]~reg0_Duplicate_1 ; clk          ; clk         ; 0.000        ; 0.082      ; 0.959      ;
; 0.692 ; state.SET_ADDR              ; address[0]~reg0_Duplicate_1 ; clk          ; clk         ; 0.000        ; 0.082      ; 0.960      ;
; 0.694 ; state.SET_ADDR              ; address[4]~reg0_Duplicate_1 ; clk          ; clk         ; 0.000        ; 0.082      ; 0.962      ;
; 0.695 ; state.SET_ADDR              ; address[1]~reg0_Duplicate_1 ; clk          ; clk         ; 0.000        ; 0.082      ; 0.963      ;
; 0.742 ; state.NEXT                  ; state.SET_ADDR              ; clk          ; clk         ; 0.000        ; 0.081      ; 1.009      ;
; 0.859 ; state.NEXT                  ; v[1]~reg0_Duplicate_1       ; clk          ; clk         ; 0.000        ; 0.082      ; 1.127      ;
; 0.866 ; state.NEXT                  ; u[0]~reg0_Duplicate_1       ; clk          ; clk         ; 0.000        ; 0.082      ; 1.134      ;
; 1.003 ; v[2]~reg0_Duplicate_1       ; address[2]~reg0_Duplicate_1 ; clk          ; clk         ; 0.000        ; 0.082      ; 1.271      ;
; 1.074 ; v[0]~reg0_Duplicate_1       ; v[2]~reg0_Duplicate_1       ; clk          ; clk         ; 0.000        ; 0.082      ; 1.342      ;
; 1.096 ; state.SET_ADDR              ; state.RD_PULSE              ; clk          ; clk         ; 0.000        ; 0.017      ; 1.227      ;
; 1.117 ; u[1]~reg0_Duplicate_1       ; address[4]~reg0_Duplicate_1 ; clk          ; clk         ; 0.000        ; 0.082      ; 1.385      ;
; 1.135 ; x[1]~reg0_Duplicate_1       ; x[1]~reg0_Duplicate_1       ; clk          ; clk         ; 0.000        ; 0.081      ; 1.402      ;
; 1.136 ; y[2]~reg0_Duplicate_1       ; y[2]~reg0_Duplicate_1       ; clk          ; clk         ; 0.000        ; 0.081      ; 1.403      ;
; 1.137 ; u[2]~reg0_Duplicate_1       ; u[2]~reg0_Duplicate_1       ; clk          ; clk         ; 0.000        ; 0.082      ; 1.405      ;
; 1.191 ; state.NEXT                  ; v[2]~reg0_Duplicate_1       ; clk          ; clk         ; 0.000        ; 0.082      ; 1.459      ;
; 1.232 ; y[2]~reg0_Duplicate_1       ; state.SET_ADDR              ; clk          ; clk         ; 0.000        ; 0.081      ; 1.499      ;
; 1.240 ; y[2]~reg0_Duplicate_1       ; state.DONE~_Duplicate_1     ; clk          ; clk         ; 0.000        ; 0.081      ; 1.507      ;
; 1.244 ; v[1]~reg0_Duplicate_1       ; v[2]~reg0_Duplicate_1       ; clk          ; clk         ; 0.000        ; 0.082      ; 1.512      ;
; 1.260 ; v[0]~reg0_Duplicate_1       ; address[0]~reg0_Duplicate_1 ; clk          ; clk         ; 0.000        ; 0.082      ; 1.528      ;
; 1.268 ; v[0]~reg0_Duplicate_1       ; v[1]~reg0_Duplicate_1       ; clk          ; clk         ; 0.000        ; 0.082      ; 1.536      ;
; 1.269 ; y[2]~reg0_Duplicate_1       ; y[2]~reg0                   ; clk          ; clk         ; 0.000        ; 0.015      ; 1.398      ;
; 1.280 ; x[2]~reg0_Duplicate_1       ; x[2]~reg0_Duplicate_1       ; clk          ; clk         ; 0.000        ; 0.081      ; 1.547      ;
; 1.282 ; u[2]~reg0_Duplicate_1       ; u[2]~reg0                   ; clk          ; clk         ; 0.000        ; 0.017      ; 1.413      ;
; 1.283 ; x[1]~reg0_Duplicate_1       ; x[1]~reg0                   ; clk          ; clk         ; 0.000        ; 0.015      ; 1.412      ;
; 1.341 ; x[1]~reg0_Duplicate_1       ; x[2]~reg0_Duplicate_1       ; clk          ; clk         ; 0.000        ; 0.081      ; 1.608      ;
; 1.357 ; state.INIT~_Duplicate_1     ; address[1]~reg0_Duplicate_1 ; clk          ; clk         ; 0.000        ; 0.082      ; 1.625      ;
; 1.358 ; state.INIT~_Duplicate_1     ; address[4]~reg0_Duplicate_1 ; clk          ; clk         ; 0.000        ; 0.082      ; 1.626      ;
; 1.360 ; state.INIT~_Duplicate_1     ; address[2]~reg0_Duplicate_1 ; clk          ; clk         ; 0.000        ; 0.082      ; 1.628      ;
; 1.360 ; state.INIT~_Duplicate_1     ; address[0]~reg0_Duplicate_1 ; clk          ; clk         ; 0.000        ; 0.082      ; 1.628      ;
; 1.361 ; state.INIT~_Duplicate_1     ; address[5]~reg0_Duplicate_1 ; clk          ; clk         ; 0.000        ; 0.082      ; 1.629      ;
; 1.362 ; state.INIT~_Duplicate_1     ; address[3]~reg0_Duplicate_1 ; clk          ; clk         ; 0.000        ; 0.082      ; 1.630      ;
; 1.403 ; state.NEXT                  ; v[0]~reg0_Duplicate_1       ; clk          ; clk         ; 0.000        ; 0.082      ; 1.671      ;
; 1.410 ; x[0]~reg0_Duplicate_1       ; x[1]~reg0_Duplicate_1       ; clk          ; clk         ; 0.000        ; 0.081      ; 1.677      ;
; 1.420 ; x[0]~reg0_Duplicate_1       ; x[0]~reg0_Duplicate_1       ; clk          ; clk         ; 0.000        ; 0.081      ; 1.687      ;
; 1.423 ; u[1]~reg0_Duplicate_1       ; u[1]~reg0_Duplicate_1       ; clk          ; clk         ; 0.000        ; 0.082      ; 1.691      ;
; 1.438 ; v[0]~reg0_Duplicate_1       ; v[0]~reg0_Duplicate_1       ; clk          ; clk         ; 0.000        ; 0.082      ; 1.706      ;
; 1.443 ; state.SET_ADDR              ; v[0]~reg0_Duplicate_1       ; clk          ; clk         ; 0.000        ; 0.082      ; 1.711      ;
; 1.460 ; state.NEXT                  ; address[4]~reg0_Duplicate_1 ; clk          ; clk         ; 0.000        ; 0.082      ; 1.728      ;
; 1.460 ; state.NEXT                  ; address[1]~reg0_Duplicate_1 ; clk          ; clk         ; 0.000        ; 0.082      ; 1.728      ;
; 1.462 ; state.NEXT                  ; address[2]~reg0_Duplicate_1 ; clk          ; clk         ; 0.000        ; 0.082      ; 1.730      ;
; 1.462 ; state.NEXT                  ; address[0]~reg0_Duplicate_1 ; clk          ; clk         ; 0.000        ; 0.082      ; 1.730      ;
; 1.463 ; state.NEXT                  ; address[5]~reg0_Duplicate_1 ; clk          ; clk         ; 0.000        ; 0.082      ; 1.731      ;
; 1.463 ; state.NEXT                  ; address[3]~reg0_Duplicate_1 ; clk          ; clk         ; 0.000        ; 0.082      ; 1.731      ;
; 1.477 ; y[0]~reg0_Duplicate_1       ; y[0]~reg0_Duplicate_1       ; clk          ; clk         ; 0.000        ; 0.081      ; 1.744      ;
; 1.477 ; u[0]~reg0_Duplicate_1       ; u[1]~reg0_Duplicate_1       ; clk          ; clk         ; 0.000        ; 0.082      ; 1.745      ;
; 1.500 ; y[1]~reg0_Duplicate_1       ; y[1]~reg0_Duplicate_1       ; clk          ; clk         ; 0.000        ; 0.081      ; 1.767      ;
; 1.509 ; state.SET_ADDR              ; u[0]~reg0_Duplicate_1       ; clk          ; clk         ; 0.000        ; 0.082      ; 1.777      ;
; 1.514 ; state.INIT~_Duplicate_1     ; v[0]~reg0_Duplicate_1       ; clk          ; clk         ; 0.000        ; 0.082      ; 1.782      ;
; 1.516 ; state.SET_ADDR              ; v[1]~reg0_Duplicate_1       ; clk          ; clk         ; 0.000        ; 0.082      ; 1.784      ;
; 1.541 ; address[1]~reg0_Duplicate_1 ; address[1]~reg0             ; clk          ; clk         ; 0.000        ; 0.015      ; 1.670      ;
; 1.547 ; address[5]~reg0_Duplicate_1 ; address[5]~reg0             ; clk          ; clk         ; 0.000        ; 0.015      ; 1.676      ;
; 1.551 ; state.SET_ADDR              ; v[2]~reg0_Duplicate_1       ; clk          ; clk         ; 0.000        ; 0.082      ; 1.819      ;
; 1.556 ; address[4]~reg0_Duplicate_1 ; address[4]~reg0             ; clk          ; clk         ; 0.000        ; 0.015      ; 1.685      ;
; 1.565 ; x[0]~reg0_Duplicate_1       ; x[1]~reg0                   ; clk          ; clk         ; 0.000        ; 0.015      ; 1.694      ;
; 1.566 ; x[0]~reg0_Duplicate_1       ; x[2]~reg0_Duplicate_1       ; clk          ; clk         ; 0.000        ; 0.081      ; 1.833      ;
; 1.575 ; u[1]~reg0_Duplicate_1       ; u[1]~reg0                   ; clk          ; clk         ; 0.000        ; 0.017      ; 1.706      ;
; 1.580 ; x[2]~reg0_Duplicate_1       ; x[2]~reg0                   ; clk          ; clk         ; 0.000        ; 0.015      ; 1.709      ;
; 1.584 ; state.INIT~_Duplicate_1     ; u[0]~reg0_Duplicate_1       ; clk          ; clk         ; 0.000        ; 0.082      ; 1.852      ;
; 1.591 ; state.INIT~_Duplicate_1     ; v[1]~reg0_Duplicate_1       ; clk          ; clk         ; 0.000        ; 0.082      ; 1.859      ;
; 1.615 ; address[3]~reg0_Duplicate_1 ; address[3]~reg0             ; clk          ; clk         ; 0.000        ; 0.022      ; 1.751      ;
; 1.616 ; v[0]~reg0_Duplicate_1       ; u[0]~reg0_Duplicate_1       ; clk          ; clk         ; 0.000        ; 0.082      ; 1.884      ;
; 1.626 ; state.INIT~_Duplicate_1     ; v[2]~reg0_Duplicate_1       ; clk          ; clk         ; 0.000        ; 0.082      ; 1.894      ;
; 1.631 ; address[0]~reg0_Duplicate_1 ; address[0]~reg0             ; clk          ; clk         ; 0.000        ; 0.022      ; 1.767      ;
; 1.633 ; u[0]~reg0_Duplicate_1       ; u[1]~reg0                   ; clk          ; clk         ; 0.000        ; 0.017      ; 1.764      ;
; 1.641 ; x[1]~reg0_Duplicate_1       ; x[2]~reg0                   ; clk          ; clk         ; 0.000        ; 0.015      ; 1.770      ;
; 1.651 ; x[0]~reg0_Duplicate_1       ; y[0]~reg0_Duplicate_1       ; clk          ; clk         ; 0.000        ; 0.081      ; 1.918      ;
; 1.727 ; x[1]~reg0_Duplicate_1       ; y[0]~reg0_Duplicate_1       ; clk          ; clk         ; 0.000        ; 0.081      ; 1.994      ;
; 1.738 ; x[0]~reg0_Duplicate_1       ; state.SET_ADDR              ; clk          ; clk         ; 0.000        ; 0.081      ; 2.005      ;
; 1.746 ; x[0]~reg0_Duplicate_1       ; state.DONE~_Duplicate_1     ; clk          ; clk         ; 0.000        ; 0.081      ; 2.013      ;
; 1.778 ; y[0]~reg0_Duplicate_1       ; y[0]~reg0                   ; clk          ; clk         ; 0.000        ; 0.015      ; 1.907      ;
; 1.779 ; v[1]~reg0_Duplicate_1       ; u[0]~reg0_Duplicate_1       ; clk          ; clk         ; 0.000        ; 0.082      ; 2.047      ;
; 1.793 ; v[1]~reg0_Duplicate_1       ; address[1]~reg0             ; clk          ; clk         ; 0.000        ; 0.015      ; 1.922      ;
; 1.795 ; state.WAIT_MEM              ; state.ACCUM                 ; clk          ; clk         ; 0.000        ; 0.018      ; 1.927      ;
; 1.803 ; state.NEXT                  ; u[2]~reg0_Duplicate_1       ; clk          ; clk         ; 0.000        ; 0.082      ; 2.071      ;
; 1.807 ; u[2]~reg0_Duplicate_1       ; address[5]~reg0             ; clk          ; clk         ; 0.000        ; 0.015      ; 1.936      ;
; 1.818 ; y[0]~reg0_Duplicate_1       ; state.SET_ADDR              ; clk          ; clk         ; 0.000        ; 0.081      ; 2.085      ;
+-------+-----------------------------+-----------------------------+--------------+-------------+--------------+------------+------------+


+------------------------------------------------------------------------------------------------------------------------+
; Slow 1200mV 85C Model Recovery: 'clk'                                                                                  ;
+--------+-----------+-----------------------------+--------------+-------------+--------------+------------+------------+
; Slack  ; From Node ; To Node                     ; Launch Clock ; Latch Clock ; Relationship ; Clock Skew ; Data Delay ;
+--------+-----------+-----------------------------+--------------+-------------+--------------+------------+------------+
; 16.124 ; rst_in    ; state.IDLE                  ; clk          ; clk         ; 20.000       ; 2.995      ; 5.869      ;
; 16.124 ; rst_in    ; state.INIT~_Duplicate_1     ; clk          ; clk         ; 20.000       ; 2.995      ; 5.869      ;
; 16.124 ; rst_in    ; state.SET_ADDR              ; clk          ; clk         ; 20.000       ; 2.995      ; 5.869      ;
; 16.124 ; rst_in    ; state.RD_PULSE~_Duplicate_1 ; clk          ; clk         ; 20.000       ; 2.995      ; 5.869      ;
; 16.124 ; rst_in    ; state.WAIT_MEM              ; clk          ; clk         ; 20.000       ; 2.995      ; 5.869      ;
; 16.124 ; rst_in    ; state.ACCUM~_Duplicate_1    ; clk          ; clk         ; 20.000       ; 2.995      ; 5.869      ;
; 16.124 ; rst_in    ; state.GAP                   ; clk          ; clk         ; 20.000       ; 2.995      ; 5.869      ;
; 16.124 ; rst_in    ; state.NEXT                  ; clk          ; clk         ; 20.000       ; 2.995      ; 5.869      ;
; 16.124 ; rst_in    ; state.DONE~_Duplicate_1     ; clk          ; clk         ; 20.000       ; 2.995      ; 5.869      ;
; 16.150 ; rst_in    ; v[1]~reg0                   ; clk          ; clk         ; 20.000       ; 2.944      ; 5.679      ;
; 16.150 ; rst_in    ; v[2]~reg0                   ; clk          ; clk         ; 20.000       ; 2.944      ; 5.679      ;
; 16.163 ; rst_in    ; x[1]~reg0                   ; clk          ; clk         ; 20.000       ; 2.951      ; 5.673      ;
; 16.163 ; rst_in    ; x[2]~reg0                   ; clk          ; clk         ; 20.000       ; 2.951      ; 5.673      ;
; 16.163 ; rst_in    ; y[0]~reg0                   ; clk          ; clk         ; 20.000       ; 2.951      ; 5.673      ;
; 16.163 ; rst_in    ; y[2]~reg0                   ; clk          ; clk         ; 20.000       ; 2.951      ; 5.673      ;
; 16.199 ; rst_in    ; u[1]~reg0                   ; clk          ; clk         ; 20.000       ; 2.952      ; 5.638      ;
; 16.199 ; rst_in    ; u[2]~reg0                   ; clk          ; clk         ; 20.000       ; 2.952      ; 5.638      ;
; 16.199 ; rst_in    ; state.RD_PULSE              ; clk          ; clk         ; 20.000       ; 2.952      ; 5.638      ;
; 16.208 ; rst_in    ; v[0]~reg0                   ; clk          ; clk         ; 20.000       ; 2.950      ; 5.627      ;
; 16.208 ; rst_in    ; address[1]~reg0             ; clk          ; clk         ; 20.000       ; 2.950      ; 5.627      ;
; 16.276 ; rst_in    ; v[0]~reg0_Duplicate_1       ; clk          ; clk         ; 20.000       ; 2.995      ; 5.717      ;
; 16.276 ; rst_in    ; v[1]~reg0_Duplicate_1       ; clk          ; clk         ; 20.000       ; 2.995      ; 5.717      ;
; 16.276 ; rst_in    ; v[2]~reg0_Duplicate_1       ; clk          ; clk         ; 20.000       ; 2.995      ; 5.717      ;
; 16.276 ; rst_in    ; u[0]~reg0_Duplicate_1       ; clk          ; clk         ; 20.000       ; 2.995      ; 5.717      ;
; 16.276 ; rst_in    ; u[1]~reg0_Duplicate_1       ; clk          ; clk         ; 20.000       ; 2.995      ; 5.717      ;
; 16.276 ; rst_in    ; u[2]~reg0_Duplicate_1       ; clk          ; clk         ; 20.000       ; 2.995      ; 5.717      ;
; 16.276 ; rst_in    ; address[0]~reg0_Duplicate_1 ; clk          ; clk         ; 20.000       ; 2.995      ; 5.717      ;
; 16.276 ; rst_in    ; address[1]~reg0_Duplicate_1 ; clk          ; clk         ; 20.000       ; 2.995      ; 5.717      ;
; 16.276 ; rst_in    ; address[2]~reg0_Duplicate_1 ; clk          ; clk         ; 20.000       ; 2.995      ; 5.717      ;
; 16.276 ; rst_in    ; address[3]~reg0_Duplicate_1 ; clk          ; clk         ; 20.000       ; 2.995      ; 5.717      ;
; 16.276 ; rst_in    ; address[4]~reg0_Duplicate_1 ; clk          ; clk         ; 20.000       ; 2.995      ; 5.717      ;
; 16.276 ; rst_in    ; address[5]~reg0_Duplicate_1 ; clk          ; clk         ; 20.000       ; 2.995      ; 5.717      ;
; 16.298 ; rst_in    ; x[0]~reg0_Duplicate_1       ; clk          ; clk         ; 20.000       ; 2.995      ; 5.695      ;
; 16.298 ; rst_in    ; x[1]~reg0_Duplicate_1       ; clk          ; clk         ; 20.000       ; 2.995      ; 5.695      ;
; 16.298 ; rst_in    ; x[2]~reg0_Duplicate_1       ; clk          ; clk         ; 20.000       ; 2.995      ; 5.695      ;
; 16.298 ; rst_in    ; y[0]~reg0_Duplicate_1       ; clk          ; clk         ; 20.000       ; 2.995      ; 5.695      ;
; 16.298 ; rst_in    ; y[1]~reg0_Duplicate_1       ; clk          ; clk         ; 20.000       ; 2.995      ; 5.695      ;
; 16.298 ; rst_in    ; y[2]~reg0_Duplicate_1       ; clk          ; clk         ; 20.000       ; 2.995      ; 5.695      ;
; 16.332 ; rst_in    ; u[0]~reg0                   ; clk          ; clk         ; 20.000       ; 2.941      ; 5.494      ;
; 16.332 ; rst_in    ; address[2]~reg0             ; clk          ; clk         ; 20.000       ; 2.941      ; 5.494      ;
; 16.354 ; rst_in    ; x[0]~reg0                   ; clk          ; clk         ; 20.000       ; 2.947      ; 5.478      ;
; 16.354 ; rst_in    ; y[1]~reg0                   ; clk          ; clk         ; 20.000       ; 2.947      ; 5.478      ;
; 16.403 ; rst_in    ; address[4]~reg0             ; clk          ; clk         ; 20.000       ; 2.950      ; 5.432      ;
; 16.403 ; rst_in    ; address[5]~reg0             ; clk          ; clk         ; 20.000       ; 2.950      ; 5.432      ;
; 16.749 ; rst_in    ; state.DONE                  ; clk          ; clk         ; 20.000       ; 2.930      ; 5.066      ;
; 16.749 ; rst_in    ; state.ACCUM                 ; clk          ; clk         ; 20.000       ; 2.930      ; 5.066      ;
; 16.885 ; rst_in    ; address[0]~reg0             ; clk          ; clk         ; 20.000       ; 2.934      ; 4.934      ;
; 16.885 ; rst_in    ; address[3]~reg0             ; clk          ; clk         ; 20.000       ; 2.934      ; 4.934      ;
; 17.016 ; rst_in    ; state.INIT                  ; clk          ; clk         ; 20.000       ; 2.930      ; 4.799      ;
+--------+-----------+-----------------------------+--------------+-------------+--------------+------------+------------+


+-----------------------------------------------------------------------------------------------------------------------+
; Slow 1200mV 85C Model Removal: 'clk'                                                                                  ;
+-------+-----------+-----------------------------+--------------+-------------+--------------+------------+------------+
; Slack ; From Node ; To Node                     ; Launch Clock ; Latch Clock ; Relationship ; Clock Skew ; Data Delay ;
+-------+-----------+-----------------------------+--------------+-------------+--------------+------------+------------+
; 2.172 ; rst_in    ; state.INIT                  ; clk          ; clk         ; 0.000        ; 3.021      ; 4.307      ;
; 2.278 ; rst_in    ; address[0]~reg0             ; clk          ; clk         ; 0.000        ; 3.025      ; 4.417      ;
; 2.278 ; rst_in    ; address[3]~reg0             ; clk          ; clk         ; 0.000        ; 3.025      ; 4.417      ;
; 2.439 ; rst_in    ; state.DONE                  ; clk          ; clk         ; 0.000        ; 3.021      ; 4.574      ;
; 2.439 ; rst_in    ; state.ACCUM                 ; clk          ; clk         ; 0.000        ; 3.021      ; 4.574      ;
; 2.739 ; rst_in    ; address[4]~reg0             ; clk          ; clk         ; 0.000        ; 3.042      ; 4.895      ;
; 2.739 ; rst_in    ; address[5]~reg0             ; clk          ; clk         ; 0.000        ; 3.042      ; 4.895      ;
; 2.796 ; rst_in    ; x[0]~reg0                   ; clk          ; clk         ; 0.000        ; 3.039      ; 4.949      ;
; 2.796 ; rst_in    ; y[1]~reg0                   ; clk          ; clk         ; 0.000        ; 3.039      ; 4.949      ;
; 2.798 ; rst_in    ; x[0]~reg0_Duplicate_1       ; clk          ; clk         ; 0.000        ; 3.108      ; 5.092      ;
; 2.798 ; rst_in    ; x[1]~reg0_Duplicate_1       ; clk          ; clk         ; 0.000        ; 3.108      ; 5.092      ;
; 2.798 ; rst_in    ; x[2]~reg0_Duplicate_1       ; clk          ; clk         ; 0.000        ; 3.108      ; 5.092      ;
; 2.798 ; rst_in    ; y[0]~reg0_Duplicate_1       ; clk          ; clk         ; 0.000        ; 3.108      ; 5.092      ;
; 2.798 ; rst_in    ; y[1]~reg0_Duplicate_1       ; clk          ; clk         ; 0.000        ; 3.108      ; 5.092      ;
; 2.798 ; rst_in    ; y[2]~reg0_Duplicate_1       ; clk          ; clk         ; 0.000        ; 3.108      ; 5.092      ;
; 2.807 ; rst_in    ; u[0]~reg0                   ; clk          ; clk         ; 0.000        ; 3.033      ; 4.954      ;
; 2.807 ; rst_in    ; address[2]~reg0             ; clk          ; clk         ; 0.000        ; 3.033      ; 4.954      ;
; 2.813 ; rst_in    ; v[0]~reg0_Duplicate_1       ; clk          ; clk         ; 0.000        ; 3.109      ; 5.108      ;
; 2.813 ; rst_in    ; v[1]~reg0_Duplicate_1       ; clk          ; clk         ; 0.000        ; 3.109      ; 5.108      ;
; 2.813 ; rst_in    ; v[2]~reg0_Duplicate_1       ; clk          ; clk         ; 0.000        ; 3.109      ; 5.108      ;
; 2.813 ; rst_in    ; u[0]~reg0_Duplicate_1       ; clk          ; clk         ; 0.000        ; 3.109      ; 5.108      ;
; 2.813 ; rst_in    ; u[1]~reg0_Duplicate_1       ; clk          ; clk         ; 0.000        ; 3.109      ; 5.108      ;
; 2.813 ; rst_in    ; u[2]~reg0_Duplicate_1       ; clk          ; clk         ; 0.000        ; 3.109      ; 5.108      ;
; 2.813 ; rst_in    ; address[0]~reg0_Duplicate_1 ; clk          ; clk         ; 0.000        ; 3.109      ; 5.108      ;
; 2.813 ; rst_in    ; address[1]~reg0_Duplicate_1 ; clk          ; clk         ; 0.000        ; 3.109      ; 5.108      ;
; 2.813 ; rst_in    ; address[2]~reg0_Duplicate_1 ; clk          ; clk         ; 0.000        ; 3.109      ; 5.108      ;
; 2.813 ; rst_in    ; address[3]~reg0_Duplicate_1 ; clk          ; clk         ; 0.000        ; 3.109      ; 5.108      ;
; 2.813 ; rst_in    ; address[4]~reg0_Duplicate_1 ; clk          ; clk         ; 0.000        ; 3.109      ; 5.108      ;
; 2.813 ; rst_in    ; address[5]~reg0_Duplicate_1 ; clk          ; clk         ; 0.000        ; 3.109      ; 5.108      ;
; 2.902 ; rst_in    ; v[0]~reg0                   ; clk          ; clk         ; 0.000        ; 3.042      ; 5.058      ;
; 2.902 ; rst_in    ; address[1]~reg0             ; clk          ; clk         ; 0.000        ; 3.042      ; 5.058      ;
; 2.909 ; rst_in    ; u[1]~reg0                   ; clk          ; clk         ; 0.000        ; 3.044      ; 5.067      ;
; 2.909 ; rst_in    ; u[2]~reg0                   ; clk          ; clk         ; 0.000        ; 3.044      ; 5.067      ;
; 2.909 ; rst_in    ; state.RD_PULSE              ; clk          ; clk         ; 0.000        ; 3.044      ; 5.067      ;
; 2.954 ; rst_in    ; x[1]~reg0                   ; clk          ; clk         ; 0.000        ; 3.042      ; 5.110      ;
; 2.954 ; rst_in    ; x[2]~reg0                   ; clk          ; clk         ; 0.000        ; 3.042      ; 5.110      ;
; 2.954 ; rst_in    ; y[0]~reg0                   ; clk          ; clk         ; 0.000        ; 3.042      ; 5.110      ;
; 2.954 ; rst_in    ; y[2]~reg0                   ; clk          ; clk         ; 0.000        ; 3.042      ; 5.110      ;
; 2.955 ; rst_in    ; v[1]~reg0                   ; clk          ; clk         ; 0.000        ; 3.036      ; 5.105      ;
; 2.955 ; rst_in    ; v[2]~reg0                   ; clk          ; clk         ; 0.000        ; 3.036      ; 5.105      ;
; 2.998 ; rst_in    ; state.IDLE                  ; clk          ; clk         ; 0.000        ; 3.108      ; 5.292      ;
; 2.998 ; rst_in    ; state.INIT~_Duplicate_1     ; clk          ; clk         ; 0.000        ; 3.108      ; 5.292      ;
; 2.998 ; rst_in    ; state.SET_ADDR              ; clk          ; clk         ; 0.000        ; 3.108      ; 5.292      ;
; 2.998 ; rst_in    ; state.RD_PULSE~_Duplicate_1 ; clk          ; clk         ; 0.000        ; 3.108      ; 5.292      ;
; 2.998 ; rst_in    ; state.WAIT_MEM              ; clk          ; clk         ; 0.000        ; 3.108      ; 5.292      ;
; 2.998 ; rst_in    ; state.ACCUM~_Duplicate_1    ; clk          ; clk         ; 0.000        ; 3.108      ; 5.292      ;
; 2.998 ; rst_in    ; state.GAP                   ; clk          ; clk         ; 0.000        ; 3.108      ; 5.292      ;
; 2.998 ; rst_in    ; state.NEXT                  ; clk          ; clk         ; 0.000        ; 3.108      ; 5.292      ;
; 2.998 ; rst_in    ; state.DONE~_Duplicate_1     ; clk          ; clk         ; 0.000        ; 3.108      ; 5.292      ;
+-------+-----------+-----------------------------+--------------+-------------+--------------+------------+------------+


-----------------------------------------------
; Slow 1200mV 85C Model Metastability Summary ;
-----------------------------------------------
No synchronizer chains to report.


+--------------------------------------------------+
; Slow 1200mV 0C Model Fmax Summary                ;
+------------+-----------------+------------+------+
; Fmax       ; Restricted Fmax ; Clock Name ; Note ;
+------------+-----------------+------------+------+
; 137.91 MHz ; 137.91 MHz      ; clk        ;      ;
+------------+-----------------+------------+------+
This panel reports FMAX for every clock in the design, regardless of the user-specified clock periods.  FMAX is only computed for paths where the source and destination registers or ports are driven by the same clock.  Paths of different clocks, including generated clocks, are ignored.  For paths between a clock and its inversion, FMAX is computed as if the rising and falling edges are scaled along with FMAX, such that the duty cycle (in terms of a percentage) is maintained. Altera recommends that you always use clock constraints and other slack reports for sign-off analysis.


+------------------------------------+
; Slow 1200mV 0C Model Setup Summary ;
+-------+--------+-------------------+
; Clock ; Slack  ; End Point TNS     ;
+-------+--------+-------------------+
; clk   ; 12.749 ; 0.000             ;
+-------+--------+-------------------+


+-----------------------------------+
; Slow 1200mV 0C Model Hold Summary ;
+-------+-------+-------------------+
; Clock ; Slack ; End Point TNS     ;
+-------+-------+-------------------+
; clk   ; 0.353 ; 0.000             ;
+-------+-------+-------------------+


+---------------------------------------+
; Slow 1200mV 0C Model Recovery Summary ;
+-------+--------+----------------------+
; Clock ; Slack  ; End Point TNS        ;
+-------+--------+----------------------+
; clk   ; 16.558 ; 0.000                ;
+-------+--------+----------------------+


+--------------------------------------+
; Slow 1200mV 0C Model Removal Summary ;
+-------+-------+----------------------+
; Clock ; Slack ; End Point TNS        ;
+-------+-------+----------------------+
; clk   ; 2.004 ; 0.000                ;
+-------+-------+----------------------+


+--------------------------------------------------+
; Slow 1200mV 0C Model Minimum Pulse Width Summary ;
+-------+-------+----------------------------------+
; Clock ; Slack ; End Point TNS                    ;
+-------+-------+----------------------------------+
; clk   ; 9.763 ; 0.000                            ;
+-------+-------+----------------------------------+


+--------------------------------------------------------------------------------------------------------------------------------+
; Slow 1200mV 0C Model Setup: 'clk'                                                                                              ;
+--------+-----------------------+-------------------------+--------------+-------------+--------------+------------+------------+
; Slack  ; From Node             ; To Node                 ; Launch Clock ; Latch Clock ; Relationship ; Clock Skew ; Data Delay ;
+--------+-----------------------+-------------------------+--------------+-------------+--------------+------------+------------+
; 12.749 ; address[2]~reg0       ; address[2]              ; clk          ; clk         ; 20.000       ; -2.753     ; 3.478      ;
; 12.753 ; y[1]~reg0             ; y[1]                    ; clk          ; clk         ; 20.000       ; -2.759     ; 3.468      ;
; 12.757 ; y[2]~reg0             ; y[2]                    ; clk          ; clk         ; 20.000       ; -2.765     ; 3.458      ;
; 12.757 ; y[0]~reg0             ; y[0]                    ; clk          ; clk         ; 20.000       ; -2.765     ; 3.458      ;
; 12.759 ; u[0]~reg0             ; u[0]                    ; clk          ; clk         ; 20.000       ; -2.753     ; 3.468      ;
; 12.763 ; x[0]~reg0             ; x[0]                    ; clk          ; clk         ; 20.000       ; -2.759     ; 3.458      ;
; 12.766 ; v[1]~reg0             ; v[1]                    ; clk          ; clk         ; 20.000       ; -2.756     ; 3.458      ;
; 12.766 ; u[2]~reg0             ; u[2]                    ; clk          ; clk         ; 20.000       ; -2.766     ; 3.448      ;
; 12.766 ; u[1]~reg0             ; u[1]                    ; clk          ; clk         ; 20.000       ; -2.766     ; 3.448      ;
; 12.768 ; state.INIT            ; rst_out                 ; clk          ; clk         ; 20.000       ; -2.744     ; 3.468      ;
; 12.768 ; state.DONE            ; ready                   ; clk          ; clk         ; 20.000       ; -2.744     ; 3.468      ;
; 12.774 ; address[3]~reg0       ; address[3]              ; clk          ; clk         ; 20.000       ; -2.748     ; 3.458      ;
; 12.776 ; v[2]~reg0             ; v[2]                    ; clk          ; clk         ; 20.000       ; -2.756     ; 3.448      ;
; 12.778 ; state.ACCUM           ; act_mac                 ; clk          ; clk         ; 20.000       ; -2.744     ; 3.458      ;
; 12.778 ; address[5]~reg0       ; address[5]              ; clk          ; clk         ; 20.000       ; -2.764     ; 3.438      ;
; 12.787 ; x[1]~reg0             ; x[1]                    ; clk          ; clk         ; 20.000       ; -2.765     ; 3.428      ;
; 12.789 ; address[1]~reg0       ; address[1]              ; clk          ; clk         ; 20.000       ; -2.763     ; 3.428      ;
; 12.796 ; state.RD_PULSE        ; rd_en                   ; clk          ; clk         ; 20.000       ; -2.766     ; 3.418      ;
; 12.797 ; x[2]~reg0             ; x[2]                    ; clk          ; clk         ; 20.000       ; -2.765     ; 3.418      ;
; 12.798 ; address[4]~reg0       ; address[4]              ; clk          ; clk         ; 20.000       ; -2.764     ; 3.418      ;
; 12.895 ; v[0]~reg0             ; v[0]                    ; clk          ; clk         ; 20.000       ; -2.763     ; 3.322      ;
; 12.920 ; address[0]~reg0       ; address[0]              ; clk          ; clk         ; 20.000       ; -2.748     ; 3.312      ;
; 14.803 ; v[2]~reg0_Duplicate_1 ; state.DONE              ; clk          ; clk         ; 20.000       ; -0.156     ; 4.930      ;
; 14.912 ; v[1]~reg0_Duplicate_1 ; state.DONE              ; clk          ; clk         ; 20.000       ; -0.156     ; 4.821      ;
; 15.068 ; v[0]~reg0_Duplicate_1 ; state.DONE              ; clk          ; clk         ; 20.000       ; -0.156     ; 4.665      ;
; 15.158 ; u[1]~reg0_Duplicate_1 ; y[1]~reg0               ; clk          ; clk         ; 20.000       ; -0.121     ; 4.610      ;
; 15.172 ; v[2]~reg0_Duplicate_1 ; y[1]~reg0               ; clk          ; clk         ; 20.000       ; -0.121     ; 4.596      ;
; 15.281 ; v[1]~reg0_Duplicate_1 ; y[1]~reg0               ; clk          ; clk         ; 20.000       ; -0.121     ; 4.487      ;
; 15.288 ; u[0]~reg0_Duplicate_1 ; y[1]~reg0               ; clk          ; clk         ; 20.000       ; -0.121     ; 4.480      ;
; 15.368 ; u[1]~reg0_Duplicate_1 ; y[2]~reg0               ; clk          ; clk         ; 20.000       ; -0.115     ; 4.406      ;
; 15.391 ; u[1]~reg0_Duplicate_1 ; state.DONE              ; clk          ; clk         ; 20.000       ; -0.156     ; 4.342      ;
; 15.437 ; v[0]~reg0_Duplicate_1 ; y[1]~reg0               ; clk          ; clk         ; 20.000       ; -0.121     ; 4.331      ;
; 15.486 ; v[2]~reg0_Duplicate_1 ; y[2]~reg0               ; clk          ; clk         ; 20.000       ; -0.115     ; 4.288      ;
; 15.498 ; u[0]~reg0_Duplicate_1 ; y[2]~reg0               ; clk          ; clk         ; 20.000       ; -0.115     ; 4.276      ;
; 15.523 ; u[2]~reg0_Duplicate_1 ; y[1]~reg0               ; clk          ; clk         ; 20.000       ; -0.121     ; 4.245      ;
; 15.540 ; u[2]~reg0_Duplicate_1 ; state.DONE              ; clk          ; clk         ; 20.000       ; -0.156     ; 4.193      ;
; 15.546 ; u[1]~reg0_Duplicate_1 ; y[2]~reg0_Duplicate_1   ; clk          ; clk         ; 20.000       ; -0.074     ; 4.379      ;
; 15.546 ; v[2]~reg0_Duplicate_1 ; y[0]~reg0               ; clk          ; clk         ; 20.000       ; -0.115     ; 4.228      ;
; 15.595 ; v[1]~reg0_Duplicate_1 ; y[2]~reg0               ; clk          ; clk         ; 20.000       ; -0.115     ; 4.179      ;
; 15.601 ; v[2]~reg0_Duplicate_1 ; x[1]~reg0               ; clk          ; clk         ; 20.000       ; -0.115     ; 4.173      ;
; 15.638 ; u[1]~reg0_Duplicate_1 ; x[2]~reg0               ; clk          ; clk         ; 20.000       ; -0.115     ; 4.136      ;
; 15.652 ; v[2]~reg0_Duplicate_1 ; x[2]~reg0               ; clk          ; clk         ; 20.000       ; -0.115     ; 4.122      ;
; 15.655 ; v[1]~reg0_Duplicate_1 ; y[0]~reg0               ; clk          ; clk         ; 20.000       ; -0.115     ; 4.119      ;
; 15.664 ; v[2]~reg0_Duplicate_1 ; y[2]~reg0_Duplicate_1   ; clk          ; clk         ; 20.000       ; -0.074     ; 4.261      ;
; 15.676 ; u[0]~reg0_Duplicate_1 ; y[2]~reg0_Duplicate_1   ; clk          ; clk         ; 20.000       ; -0.074     ; 4.249      ;
; 15.710 ; v[1]~reg0_Duplicate_1 ; x[1]~reg0               ; clk          ; clk         ; 20.000       ; -0.115     ; 4.064      ;
; 15.733 ; u[2]~reg0_Duplicate_1 ; y[2]~reg0               ; clk          ; clk         ; 20.000       ; -0.115     ; 4.041      ;
; 15.751 ; v[0]~reg0_Duplicate_1 ; y[2]~reg0               ; clk          ; clk         ; 20.000       ; -0.115     ; 4.023      ;
; 15.754 ; u[0]~reg0_Duplicate_1 ; state.DONE              ; clk          ; clk         ; 20.000       ; -0.156     ; 3.979      ;
; 15.761 ; v[1]~reg0_Duplicate_1 ; x[2]~reg0               ; clk          ; clk         ; 20.000       ; -0.115     ; 4.013      ;
; 15.768 ; x[2]~reg0_Duplicate_1 ; y[2]~reg0               ; clk          ; clk         ; 20.000       ; -0.114     ; 4.007      ;
; 15.768 ; u[0]~reg0_Duplicate_1 ; x[2]~reg0               ; clk          ; clk         ; 20.000       ; -0.115     ; 4.006      ;
; 15.773 ; v[1]~reg0_Duplicate_1 ; y[2]~reg0_Duplicate_1   ; clk          ; clk         ; 20.000       ; -0.074     ; 4.152      ;
; 15.779 ; v[2]~reg0_Duplicate_1 ; x[1]~reg0_Duplicate_1   ; clk          ; clk         ; 20.000       ; -0.074     ; 4.146      ;
; 15.811 ; v[0]~reg0_Duplicate_1 ; y[0]~reg0               ; clk          ; clk         ; 20.000       ; -0.115     ; 3.963      ;
; 15.817 ; u[1]~reg0_Duplicate_1 ; y[1]~reg0_Duplicate_1   ; clk          ; clk         ; 20.000       ; -0.074     ; 4.108      ;
; 15.831 ; v[2]~reg0_Duplicate_1 ; y[1]~reg0_Duplicate_1   ; clk          ; clk         ; 20.000       ; -0.074     ; 4.094      ;
; 15.850 ; v[2]~reg0_Duplicate_1 ; y[0]~reg0_Duplicate_1   ; clk          ; clk         ; 20.000       ; -0.074     ; 4.075      ;
; 15.866 ; v[0]~reg0_Duplicate_1 ; x[1]~reg0               ; clk          ; clk         ; 20.000       ; -0.115     ; 3.908      ;
; 15.879 ; v[1]~reg0_Duplicate_1 ; x[1]~reg0_Duplicate_1   ; clk          ; clk         ; 20.000       ; -0.074     ; 4.046      ;
; 15.911 ; u[2]~reg0_Duplicate_1 ; y[2]~reg0_Duplicate_1   ; clk          ; clk         ; 20.000       ; -0.074     ; 4.014      ;
; 15.917 ; v[0]~reg0_Duplicate_1 ; x[2]~reg0               ; clk          ; clk         ; 20.000       ; -0.115     ; 3.857      ;
; 15.929 ; v[0]~reg0_Duplicate_1 ; y[2]~reg0_Duplicate_1   ; clk          ; clk         ; 20.000       ; -0.074     ; 3.996      ;
; 15.940 ; v[1]~reg0_Duplicate_1 ; y[1]~reg0_Duplicate_1   ; clk          ; clk         ; 20.000       ; -0.074     ; 3.985      ;
; 15.943 ; u[1]~reg0_Duplicate_1 ; x[2]~reg0_Duplicate_1   ; clk          ; clk         ; 20.000       ; -0.074     ; 3.982      ;
; 15.946 ; x[2]~reg0_Duplicate_1 ; y[2]~reg0_Duplicate_1   ; clk          ; clk         ; 20.000       ; -0.073     ; 3.980      ;
; 15.947 ; u[0]~reg0_Duplicate_1 ; y[1]~reg0_Duplicate_1   ; clk          ; clk         ; 20.000       ; -0.074     ; 3.978      ;
; 15.950 ; start                 ; state.INIT              ; clk          ; clk         ; 20.000       ; 2.663      ; 5.602      ;
; 15.955 ; u[1]~reg0_Duplicate_1 ; x[1]~reg0               ; clk          ; clk         ; 20.000       ; -0.115     ; 3.819      ;
; 15.957 ; v[2]~reg0_Duplicate_1 ; x[2]~reg0_Duplicate_1   ; clk          ; clk         ; 20.000       ; -0.074     ; 3.968      ;
; 15.959 ; v[1]~reg0_Duplicate_1 ; y[0]~reg0_Duplicate_1   ; clk          ; clk         ; 20.000       ; -0.074     ; 3.966      ;
; 15.973 ; u[1]~reg0_Duplicate_1 ; x[0]~reg0               ; clk          ; clk         ; 20.000       ; -0.121     ; 3.795      ;
; 16.003 ; u[2]~reg0_Duplicate_1 ; x[2]~reg0               ; clk          ; clk         ; 20.000       ; -0.115     ; 3.771      ;
; 16.004 ; y[1]~reg0_Duplicate_1 ; state.DONE              ; clk          ; clk         ; 20.000       ; -0.155     ; 3.730      ;
; 16.044 ; v[0]~reg0_Duplicate_1 ; x[1]~reg0_Duplicate_1   ; clk          ; clk         ; 20.000       ; -0.074     ; 3.881      ;
; 16.066 ; v[1]~reg0_Duplicate_1 ; x[2]~reg0_Duplicate_1   ; clk          ; clk         ; 20.000       ; -0.074     ; 3.859      ;
; 16.071 ; u[1]~reg0_Duplicate_1 ; y[0]~reg0               ; clk          ; clk         ; 20.000       ; -0.115     ; 3.703      ;
; 16.073 ; u[0]~reg0_Duplicate_1 ; x[2]~reg0_Duplicate_1   ; clk          ; clk         ; 20.000       ; -0.074     ; 3.852      ;
; 16.085 ; u[0]~reg0_Duplicate_1 ; x[1]~reg0               ; clk          ; clk         ; 20.000       ; -0.115     ; 3.689      ;
; 16.091 ; u[1]~reg0_Duplicate_1 ; x[1]~reg0_Duplicate_1   ; clk          ; clk         ; 20.000       ; -0.074     ; 3.834      ;
; 16.096 ; v[0]~reg0_Duplicate_1 ; y[1]~reg0_Duplicate_1   ; clk          ; clk         ; 20.000       ; -0.074     ; 3.829      ;
; 16.096 ; v[2]~reg0_Duplicate_1 ; x[0]~reg0               ; clk          ; clk         ; 20.000       ; -0.121     ; 3.672      ;
; 16.103 ; u[0]~reg0_Duplicate_1 ; x[0]~reg0               ; clk          ; clk         ; 20.000       ; -0.121     ; 3.665      ;
; 16.115 ; v[0]~reg0_Duplicate_1 ; y[0]~reg0_Duplicate_1   ; clk          ; clk         ; 20.000       ; -0.074     ; 3.810      ;
; 16.150 ; x[1]~reg0_Duplicate_1 ; y[2]~reg0               ; clk          ; clk         ; 20.000       ; -0.114     ; 3.625      ;
; 16.182 ; u[2]~reg0_Duplicate_1 ; y[1]~reg0_Duplicate_1   ; clk          ; clk         ; 20.000       ; -0.074     ; 3.743      ;
; 16.186 ; x[0]~reg0_Duplicate_1 ; y[2]~reg0               ; clk          ; clk         ; 20.000       ; -0.114     ; 3.589      ;
; 16.193 ; state.NEXT            ; y[1]~reg0               ; clk          ; clk         ; 20.000       ; -0.120     ; 3.576      ;
; 16.196 ; v[1]~reg0_Duplicate_1 ; x[0]~reg0               ; clk          ; clk         ; 20.000       ; -0.121     ; 3.572      ;
; 16.201 ; u[0]~reg0_Duplicate_1 ; y[0]~reg0               ; clk          ; clk         ; 20.000       ; -0.115     ; 3.573      ;
; 16.221 ; u[0]~reg0_Duplicate_1 ; x[1]~reg0_Duplicate_1   ; clk          ; clk         ; 20.000       ; -0.074     ; 3.704      ;
; 16.222 ; v[0]~reg0_Duplicate_1 ; x[2]~reg0_Duplicate_1   ; clk          ; clk         ; 20.000       ; -0.074     ; 3.703      ;
; 16.238 ; v[2]~reg0_Duplicate_1 ; state.DONE~_Duplicate_1 ; clk          ; clk         ; 20.000       ; -0.074     ; 3.687      ;
; 16.247 ; v[2]~reg0_Duplicate_1 ; state.SET_ADDR          ; clk          ; clk         ; 20.000       ; -0.074     ; 3.678      ;
; 16.274 ; x[2]~reg0_Duplicate_1 ; state.DONE              ; clk          ; clk         ; 20.000       ; -0.155     ; 3.460      ;
; 16.283 ; u[2]~reg0_Duplicate_1 ; y[0]~reg0               ; clk          ; clk         ; 20.000       ; -0.115     ; 3.491      ;
; 16.296 ; x[2]~reg0_Duplicate_1 ; y[1]~reg0               ; clk          ; clk         ; 20.000       ; -0.120     ; 3.473      ;
; 16.308 ; u[2]~reg0_Duplicate_1 ; x[2]~reg0_Duplicate_1   ; clk          ; clk         ; 20.000       ; -0.074     ; 3.617      ;
; 16.320 ; u[2]~reg0_Duplicate_1 ; x[1]~reg0               ; clk          ; clk         ; 20.000       ; -0.115     ; 3.454      ;
; 16.328 ; x[1]~reg0_Duplicate_1 ; y[2]~reg0_Duplicate_1   ; clk          ; clk         ; 20.000       ; -0.073     ; 3.598      ;
+--------+-----------------------+-------------------------+--------------+-------------+--------------+------------+------------+


+-----------------------------------------------------------------------------------------------------------------------------------------+
; Slow 1200mV 0C Model Hold: 'clk'                                                                                                        ;
+-------+-----------------------------+-----------------------------+--------------+-------------+--------------+------------+------------+
; Slack ; From Node                   ; To Node                     ; Launch Clock ; Latch Clock ; Relationship ; Clock Skew ; Data Delay ;
+-------+-----------------------------+-----------------------------+--------------+-------------+--------------+------------+------------+
; 0.353 ; address[5]~reg0_Duplicate_1 ; address[5]~reg0_Duplicate_1 ; clk          ; clk         ; 0.000        ; 0.073      ; 0.597      ;
; 0.353 ; address[4]~reg0_Duplicate_1 ; address[4]~reg0_Duplicate_1 ; clk          ; clk         ; 0.000        ; 0.073      ; 0.597      ;
; 0.353 ; address[3]~reg0_Duplicate_1 ; address[3]~reg0_Duplicate_1 ; clk          ; clk         ; 0.000        ; 0.073      ; 0.597      ;
; 0.353 ; address[2]~reg0_Duplicate_1 ; address[2]~reg0_Duplicate_1 ; clk          ; clk         ; 0.000        ; 0.073      ; 0.597      ;
; 0.353 ; address[1]~reg0_Duplicate_1 ; address[1]~reg0_Duplicate_1 ; clk          ; clk         ; 0.000        ; 0.073      ; 0.597      ;
; 0.353 ; address[0]~reg0_Duplicate_1 ; address[0]~reg0_Duplicate_1 ; clk          ; clk         ; 0.000        ; 0.073      ; 0.597      ;
; 0.353 ; state.IDLE                  ; state.IDLE                  ; clk          ; clk         ; 0.000        ; 0.073      ; 0.597      ;
; 0.353 ; u[0]~reg0_Duplicate_1       ; u[0]~reg0_Duplicate_1       ; clk          ; clk         ; 0.000        ; 0.073      ; 0.597      ;
; 0.353 ; v[2]~reg0_Duplicate_1       ; v[2]~reg0_Duplicate_1       ; clk          ; clk         ; 0.000        ; 0.073      ; 0.597      ;
; 0.353 ; v[1]~reg0_Duplicate_1       ; v[1]~reg0_Duplicate_1       ; clk          ; clk         ; 0.000        ; 0.073      ; 0.597      ;
; 0.383 ; state.DONE~_Duplicate_1     ; state.IDLE                  ; clk          ; clk         ; 0.000        ; 0.073      ; 0.627      ;
; 0.396 ; state.GAP                   ; state.NEXT                  ; clk          ; clk         ; 0.000        ; 0.073      ; 0.640      ;
; 0.396 ; state.RD_PULSE~_Duplicate_1 ; state.WAIT_MEM              ; clk          ; clk         ; 0.000        ; 0.073      ; 0.640      ;
; 0.397 ; state.ACCUM~_Duplicate_1    ; state.GAP                   ; clk          ; clk         ; 0.000        ; 0.073      ; 0.641      ;
; 0.415 ; state.WAIT_MEM              ; state.ACCUM~_Duplicate_1    ; clk          ; clk         ; 0.000        ; 0.073      ; 0.659      ;
; 0.425 ; state.SET_ADDR              ; state.RD_PULSE~_Duplicate_1 ; clk          ; clk         ; 0.000        ; 0.073      ; 0.669      ;
; 0.489 ; state.IDLE                  ; state.INIT~_Duplicate_1     ; clk          ; clk         ; 0.000        ; 0.073      ; 0.733      ;
; 0.605 ; v[1]~reg0_Duplicate_1       ; address[1]~reg0_Duplicate_1 ; clk          ; clk         ; 0.000        ; 0.073      ; 0.849      ;
; 0.608 ; state.INIT~_Duplicate_1     ; state.SET_ADDR              ; clk          ; clk         ; 0.000        ; 0.073      ; 0.852      ;
; 0.612 ; u[2]~reg0_Duplicate_1       ; address[5]~reg0_Duplicate_1 ; clk          ; clk         ; 0.000        ; 0.073      ; 0.856      ;
; 0.618 ; u[0]~reg0_Duplicate_1       ; address[3]~reg0_Duplicate_1 ; clk          ; clk         ; 0.000        ; 0.073      ; 0.862      ;
; 0.622 ; state.NEXT                  ; state.DONE~_Duplicate_1     ; clk          ; clk         ; 0.000        ; 0.073      ; 0.866      ;
; 0.646 ; state.SET_ADDR              ; address[3]~reg0_Duplicate_1 ; clk          ; clk         ; 0.000        ; 0.074      ; 0.891      ;
; 0.647 ; state.SET_ADDR              ; address[5]~reg0_Duplicate_1 ; clk          ; clk         ; 0.000        ; 0.074      ; 0.892      ;
; 0.647 ; state.SET_ADDR              ; address[2]~reg0_Duplicate_1 ; clk          ; clk         ; 0.000        ; 0.074      ; 0.892      ;
; 0.648 ; state.SET_ADDR              ; address[0]~reg0_Duplicate_1 ; clk          ; clk         ; 0.000        ; 0.074      ; 0.893      ;
; 0.650 ; state.SET_ADDR              ; address[4]~reg0_Duplicate_1 ; clk          ; clk         ; 0.000        ; 0.074      ; 0.895      ;
; 0.651 ; state.SET_ADDR              ; address[1]~reg0_Duplicate_1 ; clk          ; clk         ; 0.000        ; 0.074      ; 0.896      ;
; 0.680 ; state.NEXT                  ; state.SET_ADDR              ; clk          ; clk         ; 0.000        ; 0.073      ; 0.924      ;
; 0.784 ; state.NEXT                  ; v[1]~reg0_Duplicate_1       ; clk          ; clk         ; 0.000        ; 0.074      ; 1.029      ;
; 0.793 ; state.NEXT                  ; u[0]~reg0_Duplicate_1       ; clk          ; clk         ; 0.000        ; 0.074      ; 1.038      ;
; 0.902 ; v[2]~reg0_Duplicate_1       ; address[2]~reg0_Duplicate_1 ; clk          ; clk         ; 0.000        ; 0.073      ; 1.146      ;
; 0.974 ; v[0]~reg0_Duplicate_1       ; v[2]~reg0_Duplicate_1       ; clk          ; clk         ; 0.000        ; 0.073      ; 1.218      ;
; 1.005 ; u[1]~reg0_Duplicate_1       ; address[4]~reg0_Duplicate_1 ; clk          ; clk         ; 0.000        ; 0.073      ; 1.249      ;
; 1.021 ; state.SET_ADDR              ; state.RD_PULSE              ; clk          ; clk         ; 0.000        ; 0.014      ; 1.136      ;
; 1.028 ; x[1]~reg0_Duplicate_1       ; x[1]~reg0_Duplicate_1       ; clk          ; clk         ; 0.000        ; 0.073      ; 1.272      ;
; 1.033 ; u[2]~reg0_Duplicate_1       ; u[2]~reg0_Duplicate_1       ; clk          ; clk         ; 0.000        ; 0.073      ; 1.277      ;
; 1.052 ; y[2]~reg0_Duplicate_1       ; y[2]~reg0_Duplicate_1       ; clk          ; clk         ; 0.000        ; 0.073      ; 1.296      ;
; 1.105 ; state.NEXT                  ; v[2]~reg0_Duplicate_1       ; clk          ; clk         ; 0.000        ; 0.074      ; 1.350      ;
; 1.116 ; v[0]~reg0_Duplicate_1       ; address[0]~reg0_Duplicate_1 ; clk          ; clk         ; 0.000        ; 0.073      ; 1.360      ;
; 1.122 ; v[0]~reg0_Duplicate_1       ; v[1]~reg0_Duplicate_1       ; clk          ; clk         ; 0.000        ; 0.073      ; 1.366      ;
; 1.127 ; y[2]~reg0_Duplicate_1       ; state.DONE~_Duplicate_1     ; clk          ; clk         ; 0.000        ; 0.073      ; 1.371      ;
; 1.131 ; v[1]~reg0_Duplicate_1       ; v[2]~reg0_Duplicate_1       ; clk          ; clk         ; 0.000        ; 0.073      ; 1.375      ;
; 1.142 ; y[2]~reg0_Duplicate_1       ; state.SET_ADDR              ; clk          ; clk         ; 0.000        ; 0.073      ; 1.386      ;
; 1.168 ; y[2]~reg0_Duplicate_1       ; y[2]~reg0                   ; clk          ; clk         ; 0.000        ; 0.013      ; 1.282      ;
; 1.171 ; x[2]~reg0_Duplicate_1       ; x[2]~reg0_Duplicate_1       ; clk          ; clk         ; 0.000        ; 0.073      ; 1.415      ;
; 1.179 ; x[1]~reg0_Duplicate_1       ; x[1]~reg0                   ; clk          ; clk         ; 0.000        ; 0.013      ; 1.293      ;
; 1.182 ; u[2]~reg0_Duplicate_1       ; u[2]~reg0                   ; clk          ; clk         ; 0.000        ; 0.013      ; 1.296      ;
; 1.216 ; state.INIT~_Duplicate_1     ; address[1]~reg0_Duplicate_1 ; clk          ; clk         ; 0.000        ; 0.074      ; 1.461      ;
; 1.217 ; state.INIT~_Duplicate_1     ; address[4]~reg0_Duplicate_1 ; clk          ; clk         ; 0.000        ; 0.074      ; 1.462      ;
; 1.219 ; state.INIT~_Duplicate_1     ; address[0]~reg0_Duplicate_1 ; clk          ; clk         ; 0.000        ; 0.074      ; 1.464      ;
; 1.220 ; state.INIT~_Duplicate_1     ; address[5]~reg0_Duplicate_1 ; clk          ; clk         ; 0.000        ; 0.074      ; 1.465      ;
; 1.220 ; state.INIT~_Duplicate_1     ; address[2]~reg0_Duplicate_1 ; clk          ; clk         ; 0.000        ; 0.074      ; 1.465      ;
; 1.221 ; state.INIT~_Duplicate_1     ; address[3]~reg0_Duplicate_1 ; clk          ; clk         ; 0.000        ; 0.074      ; 1.466      ;
; 1.234 ; x[1]~reg0_Duplicate_1       ; x[2]~reg0_Duplicate_1       ; clk          ; clk         ; 0.000        ; 0.073      ; 1.478      ;
; 1.276 ; x[0]~reg0_Duplicate_1       ; x[1]~reg0_Duplicate_1       ; clk          ; clk         ; 0.000        ; 0.073      ; 1.520      ;
; 1.278 ; u[1]~reg0_Duplicate_1       ; u[1]~reg0_Duplicate_1       ; clk          ; clk         ; 0.000        ; 0.073      ; 1.522      ;
; 1.303 ; v[0]~reg0_Duplicate_1       ; v[0]~reg0_Duplicate_1       ; clk          ; clk         ; 0.000        ; 0.073      ; 1.547      ;
; 1.304 ; state.NEXT                  ; v[0]~reg0_Duplicate_1       ; clk          ; clk         ; 0.000        ; 0.074      ; 1.549      ;
; 1.306 ; x[0]~reg0_Duplicate_1       ; x[0]~reg0_Duplicate_1       ; clk          ; clk         ; 0.000        ; 0.073      ; 1.550      ;
; 1.329 ; state.SET_ADDR              ; v[0]~reg0_Duplicate_1       ; clk          ; clk         ; 0.000        ; 0.074      ; 1.574      ;
; 1.336 ; u[0]~reg0_Duplicate_1       ; u[1]~reg0_Duplicate_1       ; clk          ; clk         ; 0.000        ; 0.073      ; 1.580      ;
; 1.342 ; y[0]~reg0_Duplicate_1       ; y[0]~reg0_Duplicate_1       ; clk          ; clk         ; 0.000        ; 0.073      ; 1.586      ;
; 1.354 ; state.NEXT                  ; address[4]~reg0_Duplicate_1 ; clk          ; clk         ; 0.000        ; 0.074      ; 1.599      ;
; 1.354 ; state.NEXT                  ; address[1]~reg0_Duplicate_1 ; clk          ; clk         ; 0.000        ; 0.074      ; 1.599      ;
; 1.356 ; state.NEXT                  ; address[0]~reg0_Duplicate_1 ; clk          ; clk         ; 0.000        ; 0.074      ; 1.601      ;
; 1.357 ; state.NEXT                  ; address[5]~reg0_Duplicate_1 ; clk          ; clk         ; 0.000        ; 0.074      ; 1.602      ;
; 1.357 ; state.NEXT                  ; address[2]~reg0_Duplicate_1 ; clk          ; clk         ; 0.000        ; 0.074      ; 1.602      ;
; 1.358 ; state.NEXT                  ; address[3]~reg0_Duplicate_1 ; clk          ; clk         ; 0.000        ; 0.074      ; 1.603      ;
; 1.365 ; y[1]~reg0_Duplicate_1       ; y[1]~reg0_Duplicate_1       ; clk          ; clk         ; 0.000        ; 0.073      ; 1.609      ;
; 1.374 ; state.INIT~_Duplicate_1     ; v[0]~reg0_Duplicate_1       ; clk          ; clk         ; 0.000        ; 0.074      ; 1.619      ;
; 1.390 ; state.SET_ADDR              ; u[0]~reg0_Duplicate_1       ; clk          ; clk         ; 0.000        ; 0.074      ; 1.635      ;
; 1.397 ; state.SET_ADDR              ; v[1]~reg0_Duplicate_1       ; clk          ; clk         ; 0.000        ; 0.074      ; 1.642      ;
; 1.407 ; address[1]~reg0_Duplicate_1 ; address[1]~reg0             ; clk          ; clk         ; 0.000        ; 0.010      ; 1.518      ;
; 1.415 ; address[5]~reg0_Duplicate_1 ; address[5]~reg0             ; clk          ; clk         ; 0.000        ; 0.011      ; 1.527      ;
; 1.417 ; address[4]~reg0_Duplicate_1 ; address[4]~reg0             ; clk          ; clk         ; 0.000        ; 0.011      ; 1.529      ;
; 1.427 ; state.INIT~_Duplicate_1     ; u[0]~reg0_Duplicate_1       ; clk          ; clk         ; 0.000        ; 0.074      ; 1.672      ;
; 1.428 ; state.SET_ADDR              ; v[2]~reg0_Duplicate_1       ; clk          ; clk         ; 0.000        ; 0.074      ; 1.673      ;
; 1.431 ; x[0]~reg0_Duplicate_1       ; x[1]~reg0                   ; clk          ; clk         ; 0.000        ; 0.013      ; 1.545      ;
; 1.432 ; v[0]~reg0_Duplicate_1       ; u[0]~reg0_Duplicate_1       ; clk          ; clk         ; 0.000        ; 0.073      ; 1.676      ;
; 1.434 ; state.INIT~_Duplicate_1     ; v[1]~reg0_Duplicate_1       ; clk          ; clk         ; 0.000        ; 0.074      ; 1.679      ;
; 1.435 ; u[1]~reg0_Duplicate_1       ; u[1]~reg0                   ; clk          ; clk         ; 0.000        ; 0.013      ; 1.549      ;
; 1.435 ; x[0]~reg0_Duplicate_1       ; x[2]~reg0_Duplicate_1       ; clk          ; clk         ; 0.000        ; 0.073      ; 1.679      ;
; 1.448 ; x[2]~reg0_Duplicate_1       ; x[2]~reg0                   ; clk          ; clk         ; 0.000        ; 0.013      ; 1.562      ;
; 1.465 ; state.INIT~_Duplicate_1     ; v[2]~reg0_Duplicate_1       ; clk          ; clk         ; 0.000        ; 0.074      ; 1.710      ;
; 1.482 ; address[3]~reg0_Duplicate_1 ; address[3]~reg0             ; clk          ; clk         ; 0.000        ; 0.016      ; 1.599      ;
; 1.483 ; x[0]~reg0_Duplicate_1       ; y[0]~reg0_Duplicate_1       ; clk          ; clk         ; 0.000        ; 0.073      ; 1.727      ;
; 1.493 ; address[0]~reg0_Duplicate_1 ; address[0]~reg0             ; clk          ; clk         ; 0.000        ; 0.016      ; 1.610      ;
; 1.493 ; u[0]~reg0_Duplicate_1       ; u[1]~reg0                   ; clk          ; clk         ; 0.000        ; 0.013      ; 1.607      ;
; 1.513 ; x[1]~reg0_Duplicate_1       ; x[2]~reg0                   ; clk          ; clk         ; 0.000        ; 0.013      ; 1.627      ;
; 1.587 ; x[1]~reg0_Duplicate_1       ; y[0]~reg0_Duplicate_1       ; clk          ; clk         ; 0.000        ; 0.073      ; 1.831      ;
; 1.604 ; v[1]~reg0_Duplicate_1       ; u[0]~reg0_Duplicate_1       ; clk          ; clk         ; 0.000        ; 0.073      ; 1.848      ;
; 1.606 ; x[0]~reg0_Duplicate_1       ; state.SET_ADDR              ; clk          ; clk         ; 0.000        ; 0.073      ; 1.850      ;
; 1.617 ; x[0]~reg0_Duplicate_1       ; state.DONE~_Duplicate_1     ; clk          ; clk         ; 0.000        ; 0.073      ; 1.861      ;
; 1.622 ; y[0]~reg0_Duplicate_1       ; y[0]~reg0                   ; clk          ; clk         ; 0.000        ; 0.013      ; 1.736      ;
; 1.635 ; state.NEXT                  ; u[2]~reg0_Duplicate_1       ; clk          ; clk         ; 0.000        ; 0.074      ; 1.880      ;
; 1.639 ; y[0]~reg0_Duplicate_1       ; state.DONE~_Duplicate_1     ; clk          ; clk         ; 0.000        ; 0.073      ; 1.883      ;
; 1.652 ; v[1]~reg0_Duplicate_1       ; address[1]~reg0             ; clk          ; clk         ; 0.000        ; 0.010      ; 1.763      ;
; 1.660 ; y[0]~reg0_Duplicate_1       ; state.SET_ADDR              ; clk          ; clk         ; 0.000        ; 0.073      ; 1.904      ;
; 1.666 ; u[2]~reg0_Duplicate_1       ; address[5]~reg0             ; clk          ; clk         ; 0.000        ; 0.011      ; 1.778      ;
+-------+-----------------------------+-----------------------------+--------------+-------------+--------------+------------+------------+


+------------------------------------------------------------------------------------------------------------------------+
; Slow 1200mV 0C Model Recovery: 'clk'                                                                                   ;
+--------+-----------+-----------------------------+--------------+-------------+--------------+------------+------------+
; Slack  ; From Node ; To Node                     ; Launch Clock ; Latch Clock ; Relationship ; Clock Skew ; Data Delay ;
+--------+-----------+-----------------------------+--------------+-------------+--------------+------------+------------+
; 16.558 ; rst_in    ; v[1]~reg0                   ; clk          ; clk         ; 20.000       ; 2.675      ; 5.006      ;
; 16.558 ; rst_in    ; v[2]~reg0                   ; clk          ; clk         ; 20.000       ; 2.675      ; 5.006      ;
; 16.567 ; rst_in    ; state.IDLE                  ; clk          ; clk         ; 20.000       ; 2.724      ; 5.156      ;
; 16.567 ; rst_in    ; state.INIT~_Duplicate_1     ; clk          ; clk         ; 20.000       ; 2.724      ; 5.156      ;
; 16.567 ; rst_in    ; state.SET_ADDR              ; clk          ; clk         ; 20.000       ; 2.724      ; 5.156      ;
; 16.567 ; rst_in    ; state.RD_PULSE~_Duplicate_1 ; clk          ; clk         ; 20.000       ; 2.724      ; 5.156      ;
; 16.567 ; rst_in    ; state.WAIT_MEM              ; clk          ; clk         ; 20.000       ; 2.724      ; 5.156      ;
; 16.567 ; rst_in    ; state.ACCUM~_Duplicate_1    ; clk          ; clk         ; 20.000       ; 2.724      ; 5.156      ;
; 16.567 ; rst_in    ; state.GAP                   ; clk          ; clk         ; 20.000       ; 2.724      ; 5.156      ;
; 16.567 ; rst_in    ; state.NEXT                  ; clk          ; clk         ; 20.000       ; 2.724      ; 5.156      ;
; 16.567 ; rst_in    ; state.DONE~_Duplicate_1     ; clk          ; clk         ; 20.000       ; 2.724      ; 5.156      ;
; 16.575 ; rst_in    ; x[1]~reg0                   ; clk          ; clk         ; 20.000       ; 2.683      ; 4.997      ;
; 16.575 ; rst_in    ; x[2]~reg0                   ; clk          ; clk         ; 20.000       ; 2.683      ; 4.997      ;
; 16.575 ; rst_in    ; y[0]~reg0                   ; clk          ; clk         ; 20.000       ; 2.683      ; 4.997      ;
; 16.575 ; rst_in    ; y[2]~reg0                   ; clk          ; clk         ; 20.000       ; 2.683      ; 4.997      ;
; 16.604 ; rst_in    ; u[1]~reg0                   ; clk          ; clk         ; 20.000       ; 2.684      ; 4.969      ;
; 16.604 ; rst_in    ; u[2]~reg0                   ; clk          ; clk         ; 20.000       ; 2.684      ; 4.969      ;
; 16.604 ; rst_in    ; state.RD_PULSE              ; clk          ; clk         ; 20.000       ; 2.684      ; 4.969      ;
; 16.613 ; rst_in    ; v[0]~reg0                   ; clk          ; clk         ; 20.000       ; 2.681      ; 4.957      ;
; 16.613 ; rst_in    ; address[1]~reg0             ; clk          ; clk         ; 20.000       ; 2.681      ; 4.957      ;
; 16.705 ; rst_in    ; v[0]~reg0_Duplicate_1       ; clk          ; clk         ; 20.000       ; 2.725      ; 5.019      ;
; 16.705 ; rst_in    ; v[1]~reg0_Duplicate_1       ; clk          ; clk         ; 20.000       ; 2.725      ; 5.019      ;
; 16.705 ; rst_in    ; v[2]~reg0_Duplicate_1       ; clk          ; clk         ; 20.000       ; 2.725      ; 5.019      ;
; 16.705 ; rst_in    ; u[0]~reg0_Duplicate_1       ; clk          ; clk         ; 20.000       ; 2.725      ; 5.019      ;
; 16.705 ; rst_in    ; u[1]~reg0_Duplicate_1       ; clk          ; clk         ; 20.000       ; 2.725      ; 5.019      ;
; 16.705 ; rst_in    ; u[2]~reg0_Duplicate_1       ; clk          ; clk         ; 20.000       ; 2.725      ; 5.019      ;
; 16.705 ; rst_in    ; address[0]~reg0_Duplicate_1 ; clk          ; clk         ; 20.000       ; 2.725      ; 5.019      ;
; 16.705 ; rst_in    ; address[1]~reg0_Duplicate_1 ; clk          ; clk         ; 20.000       ; 2.725      ; 5.019      ;
; 16.705 ; rst_in    ; address[2]~reg0_Duplicate_1 ; clk          ; clk         ; 20.000       ; 2.725      ; 5.019      ;
; 16.705 ; rst_in    ; address[3]~reg0_Duplicate_1 ; clk          ; clk         ; 20.000       ; 2.725      ; 5.019      ;
; 16.705 ; rst_in    ; address[4]~reg0_Duplicate_1 ; clk          ; clk         ; 20.000       ; 2.725      ; 5.019      ;
; 16.705 ; rst_in    ; address[5]~reg0_Duplicate_1 ; clk          ; clk         ; 20.000       ; 2.725      ; 5.019      ;
; 16.720 ; rst_in    ; x[0]~reg0_Duplicate_1       ; clk          ; clk         ; 20.000       ; 2.724      ; 5.003      ;
; 16.720 ; rst_in    ; x[1]~reg0_Duplicate_1       ; clk          ; clk         ; 20.000       ; 2.724      ; 5.003      ;
; 16.720 ; rst_in    ; x[2]~reg0_Duplicate_1       ; clk          ; clk         ; 20.000       ; 2.724      ; 5.003      ;
; 16.720 ; rst_in    ; y[0]~reg0_Duplicate_1       ; clk          ; clk         ; 20.000       ; 2.724      ; 5.003      ;
; 16.720 ; rst_in    ; y[1]~reg0_Duplicate_1       ; clk          ; clk         ; 20.000       ; 2.724      ; 5.003      ;
; 16.720 ; rst_in    ; y[2]~reg0_Duplicate_1       ; clk          ; clk         ; 20.000       ; 2.724      ; 5.003      ;
; 16.724 ; rst_in    ; u[0]~reg0                   ; clk          ; clk         ; 20.000       ; 2.672      ; 4.837      ;
; 16.724 ; rst_in    ; address[2]~reg0             ; clk          ; clk         ; 20.000       ; 2.672      ; 4.837      ;
; 16.743 ; rst_in    ; x[0]~reg0                   ; clk          ; clk         ; 20.000       ; 2.677      ; 4.823      ;
; 16.743 ; rst_in    ; y[1]~reg0                   ; clk          ; clk         ; 20.000       ; 2.677      ; 4.823      ;
; 16.790 ; rst_in    ; address[4]~reg0             ; clk          ; clk         ; 20.000       ; 2.682      ; 4.781      ;
; 16.790 ; rst_in    ; address[5]~reg0             ; clk          ; clk         ; 20.000       ; 2.682      ; 4.781      ;
; 17.098 ; rst_in    ; state.DONE                  ; clk          ; clk         ; 20.000       ; 2.663      ; 4.454      ;
; 17.098 ; rst_in    ; state.ACCUM                 ; clk          ; clk         ; 20.000       ; 2.663      ; 4.454      ;
; 17.215 ; rst_in    ; address[0]~reg0             ; clk          ; clk         ; 20.000       ; 2.667      ; 4.341      ;
; 17.215 ; rst_in    ; address[3]~reg0             ; clk          ; clk         ; 20.000       ; 2.667      ; 4.341      ;
; 17.347 ; rst_in    ; state.INIT                  ; clk          ; clk         ; 20.000       ; 2.663      ; 4.205      ;
+--------+-----------+-----------------------------+--------------+-------------+--------------+------------+------------+


+-----------------------------------------------------------------------------------------------------------------------+
; Slow 1200mV 0C Model Removal: 'clk'                                                                                   ;
+-------+-----------+-----------------------------+--------------+-------------+--------------+------------+------------+
; Slack ; From Node ; To Node                     ; Launch Clock ; Latch Clock ; Relationship ; Clock Skew ; Data Delay ;
+-------+-----------+-----------------------------+--------------+-------------+--------------+------------+------------+
; 2.004 ; rst_in    ; state.INIT                  ; clk          ; clk         ; 0.000        ; 2.744      ; 3.849      ;
; 2.084 ; rst_in    ; address[0]~reg0             ; clk          ; clk         ; 0.000        ; 2.748      ; 3.933      ;
; 2.084 ; rst_in    ; address[3]~reg0             ; clk          ; clk         ; 0.000        ; 2.748      ; 3.933      ;
; 2.251 ; rst_in    ; state.DONE                  ; clk          ; clk         ; 0.000        ; 2.744      ; 4.096      ;
; 2.251 ; rst_in    ; state.ACCUM                 ; clk          ; clk         ; 0.000        ; 2.744      ; 4.096      ;
; 2.529 ; rst_in    ; address[4]~reg0             ; clk          ; clk         ; 0.000        ; 2.764      ; 4.394      ;
; 2.529 ; rst_in    ; address[5]~reg0             ; clk          ; clk         ; 0.000        ; 2.764      ; 4.394      ;
; 2.578 ; rst_in    ; x[0]~reg0_Duplicate_1       ; clk          ; clk         ; 0.000        ; 2.825      ; 4.574      ;
; 2.578 ; rst_in    ; x[1]~reg0_Duplicate_1       ; clk          ; clk         ; 0.000        ; 2.825      ; 4.574      ;
; 2.578 ; rst_in    ; x[2]~reg0_Duplicate_1       ; clk          ; clk         ; 0.000        ; 2.825      ; 4.574      ;
; 2.578 ; rst_in    ; y[0]~reg0_Duplicate_1       ; clk          ; clk         ; 0.000        ; 2.825      ; 4.574      ;
; 2.578 ; rst_in    ; y[1]~reg0_Duplicate_1       ; clk          ; clk         ; 0.000        ; 2.825      ; 4.574      ;
; 2.578 ; rst_in    ; y[2]~reg0_Duplicate_1       ; clk          ; clk         ; 0.000        ; 2.825      ; 4.574      ;
; 2.587 ; rst_in    ; x[0]~reg0                   ; clk          ; clk         ; 0.000        ; 2.759      ; 4.447      ;
; 2.587 ; rst_in    ; y[1]~reg0                   ; clk          ; clk         ; 0.000        ; 2.759      ; 4.447      ;
; 2.590 ; rst_in    ; v[0]~reg0_Duplicate_1       ; clk          ; clk         ; 0.000        ; 2.826      ; 4.587      ;
; 2.590 ; rst_in    ; v[1]~reg0_Duplicate_1       ; clk          ; clk         ; 0.000        ; 2.826      ; 4.587      ;
; 2.590 ; rst_in    ; v[2]~reg0_Duplicate_1       ; clk          ; clk         ; 0.000        ; 2.826      ; 4.587      ;
; 2.590 ; rst_in    ; u[0]~reg0_Duplicate_1       ; clk          ; clk         ; 0.000        ; 2.826      ; 4.587      ;
; 2.590 ; rst_in    ; u[1]~reg0_Duplicate_1       ; clk          ; clk         ; 0.000        ; 2.826      ; 4.587      ;
; 2.590 ; rst_in    ; u[2]~reg0_Duplicate_1       ; clk          ; clk         ; 0.000        ; 2.826      ; 4.587      ;
; 2.590 ; rst_in    ; address[0]~reg0_Duplicate_1 ; clk          ; clk         ; 0.000        ; 2.826      ; 4.587      ;
; 2.590 ; rst_in    ; address[1]~reg0_Duplicate_1 ; clk          ; clk         ; 0.000        ; 2.826      ; 4.587      ;
; 2.590 ; rst_in    ; address[2]~reg0_Duplicate_1 ; clk          ; clk         ; 0.000        ; 2.826      ; 4.587      ;
; 2.590 ; rst_in    ; address[3]~reg0_Duplicate_1 ; clk          ; clk         ; 0.000        ; 2.826      ; 4.587      ;
; 2.590 ; rst_in    ; address[4]~reg0_Duplicate_1 ; clk          ; clk         ; 0.000        ; 2.826      ; 4.587      ;
; 2.590 ; rst_in    ; address[5]~reg0_Duplicate_1 ; clk          ; clk         ; 0.000        ; 2.826      ; 4.587      ;
; 2.599 ; rst_in    ; u[0]~reg0                   ; clk          ; clk         ; 0.000        ; 2.753      ; 4.453      ;
; 2.599 ; rst_in    ; address[2]~reg0             ; clk          ; clk         ; 0.000        ; 2.753      ; 4.453      ;
; 2.667 ; rst_in    ; v[0]~reg0                   ; clk          ; clk         ; 0.000        ; 2.763      ; 4.531      ;
; 2.667 ; rst_in    ; address[1]~reg0             ; clk          ; clk         ; 0.000        ; 2.763      ; 4.531      ;
; 2.674 ; rst_in    ; u[1]~reg0                   ; clk          ; clk         ; 0.000        ; 2.766      ; 4.541      ;
; 2.674 ; rst_in    ; u[2]~reg0                   ; clk          ; clk         ; 0.000        ; 2.766      ; 4.541      ;
; 2.674 ; rst_in    ; state.RD_PULSE              ; clk          ; clk         ; 0.000        ; 2.766      ; 4.541      ;
; 2.718 ; rst_in    ; x[1]~reg0                   ; clk          ; clk         ; 0.000        ; 2.765      ; 4.584      ;
; 2.718 ; rst_in    ; x[2]~reg0                   ; clk          ; clk         ; 0.000        ; 2.765      ; 4.584      ;
; 2.718 ; rst_in    ; y[0]~reg0                   ; clk          ; clk         ; 0.000        ; 2.765      ; 4.584      ;
; 2.718 ; rst_in    ; y[2]~reg0                   ; clk          ; clk         ; 0.000        ; 2.765      ; 4.584      ;
; 2.720 ; rst_in    ; v[1]~reg0                   ; clk          ; clk         ; 0.000        ; 2.756      ; 4.577      ;
; 2.720 ; rst_in    ; v[2]~reg0                   ; clk          ; clk         ; 0.000        ; 2.756      ; 4.577      ;
; 2.764 ; rst_in    ; state.IDLE                  ; clk          ; clk         ; 0.000        ; 2.825      ; 4.760      ;
; 2.764 ; rst_in    ; state.INIT~_Duplicate_1     ; clk          ; clk         ; 0.000        ; 2.825      ; 4.760      ;
; 2.764 ; rst_in    ; state.SET_ADDR              ; clk          ; clk         ; 0.000        ; 2.825      ; 4.760      ;
; 2.764 ; rst_in    ; state.RD_PULSE~_Duplicate_1 ; clk          ; clk         ; 0.000        ; 2.825      ; 4.760      ;
; 2.764 ; rst_in    ; state.WAIT_MEM              ; clk          ; clk         ; 0.000        ; 2.825      ; 4.760      ;
; 2.764 ; rst_in    ; state.ACCUM~_Duplicate_1    ; clk          ; clk         ; 0.000        ; 2.825      ; 4.760      ;
; 2.764 ; rst_in    ; state.GAP                   ; clk          ; clk         ; 0.000        ; 2.825      ; 4.760      ;
; 2.764 ; rst_in    ; state.NEXT                  ; clk          ; clk         ; 0.000        ; 2.825      ; 4.760      ;
; 2.764 ; rst_in    ; state.DONE~_Duplicate_1     ; clk          ; clk         ; 0.000        ; 2.825      ; 4.760      ;
+-------+-----------+-----------------------------+--------------+-------------+--------------+------------+------------+


----------------------------------------------
; Slow 1200mV 0C Model Metastability Summary ;
----------------------------------------------
No synchronizer chains to report.


+------------------------------------+
; Fast 1200mV 0C Model Setup Summary ;
+-------+--------+-------------------+
; Clock ; Slack  ; End Point TNS     ;
+-------+--------+-------------------+
; clk   ; 15.151 ; 0.000             ;
+-------+--------+-------------------+


+-----------------------------------+
; Fast 1200mV 0C Model Hold Summary ;
+-------+-------+-------------------+
; Clock ; Slack ; End Point TNS     ;
+-------+-------+-------------------+
; clk   ; 0.181 ; 0.000             ;
+-------+-------+-------------------+


+---------------------------------------+
; Fast 1200mV 0C Model Recovery Summary ;
+-------+--------+----------------------+
; Clock ; Slack  ; End Point TNS        ;
+-------+--------+----------------------+
; clk   ; 17.170 ; 0.000                ;
+-------+--------+----------------------+


+--------------------------------------+
; Fast 1200mV 0C Model Removal Summary ;
+-------+-------+----------------------+
; Clock ; Slack ; End Point TNS        ;
+-------+-------+----------------------+
; clk   ; 1.504 ; 0.000                ;
+-------+-------+----------------------+


+--------------------------------------------------+
; Fast 1200mV 0C Model Minimum Pulse Width Summary ;
+-------+-------+----------------------------------+
; Clock ; Slack ; End Point TNS                    ;
+-------+-------+----------------------------------+
; clk   ; 9.439 ; 0.000                            ;
+-------+-------+----------------------------------+


+--------------------------------------------------------------------------------------------------------------------------------+
; Fast 1200mV 0C Model Setup: 'clk'                                                                                              ;
+--------+-----------------------+-------------------------+--------------+-------------+--------------+------------+------------+
; Slack  ; From Node             ; To Node                 ; Launch Clock ; Latch Clock ; Relationship ; Clock Skew ; Data Delay ;
+--------+-----------------------+-------------------------+--------------+-------------+--------------+------------+------------+
; 15.151 ; address[2]~reg0       ; address[2]              ; clk          ; clk         ; 20.000       ; -1.624     ; 2.205      ;
; 15.157 ; y[1]~reg0             ; y[1]                    ; clk          ; clk         ; 20.000       ; -1.628     ; 2.195      ;
; 15.160 ; y[2]~reg0             ; y[2]                    ; clk          ; clk         ; 20.000       ; -1.635     ; 2.185      ;
; 15.160 ; y[0]~reg0             ; y[0]                    ; clk          ; clk         ; 20.000       ; -1.635     ; 2.185      ;
; 15.161 ; u[0]~reg0             ; u[0]                    ; clk          ; clk         ; 20.000       ; -1.624     ; 2.195      ;
; 15.167 ; x[0]~reg0             ; x[0]                    ; clk          ; clk         ; 20.000       ; -1.628     ; 2.185      ;
; 15.168 ; state.INIT            ; rst_out                 ; clk          ; clk         ; 20.000       ; -1.617     ; 2.195      ;
; 15.168 ; state.DONE            ; ready                   ; clk          ; clk         ; 20.000       ; -1.617     ; 2.195      ;
; 15.169 ; v[1]~reg0             ; v[1]                    ; clk          ; clk         ; 20.000       ; -1.626     ; 2.185      ;
; 15.170 ; u[2]~reg0             ; u[2]                    ; clk          ; clk         ; 20.000       ; -1.635     ; 2.175      ;
; 15.170 ; u[1]~reg0             ; u[1]                    ; clk          ; clk         ; 20.000       ; -1.635     ; 2.175      ;
; 15.173 ; address[3]~reg0       ; address[3]              ; clk          ; clk         ; 20.000       ; -1.622     ; 2.185      ;
; 15.178 ; state.ACCUM           ; act_mac                 ; clk          ; clk         ; 20.000       ; -1.617     ; 2.185      ;
; 15.179 ; v[2]~reg0             ; v[2]                    ; clk          ; clk         ; 20.000       ; -1.626     ; 2.175      ;
; 15.181 ; address[5]~reg0       ; address[5]              ; clk          ; clk         ; 20.000       ; -1.634     ; 2.165      ;
; 15.190 ; x[1]~reg0             ; x[1]                    ; clk          ; clk         ; 20.000       ; -1.635     ; 2.155      ;
; 15.193 ; address[1]~reg0       ; address[1]              ; clk          ; clk         ; 20.000       ; -1.632     ; 2.155      ;
; 15.200 ; state.RD_PULSE        ; rd_en                   ; clk          ; clk         ; 20.000       ; -1.635     ; 2.145      ;
; 15.200 ; x[2]~reg0             ; x[2]                    ; clk          ; clk         ; 20.000       ; -1.635     ; 2.145      ;
; 15.201 ; address[4]~reg0       ; address[4]              ; clk          ; clk         ; 20.000       ; -1.634     ; 2.145      ;
; 15.247 ; v[0]~reg0             ; v[0]                    ; clk          ; clk         ; 20.000       ; -1.632     ; 2.101      ;
; 15.267 ; address[0]~reg0       ; address[0]              ; clk          ; clk         ; 20.000       ; -1.622     ; 2.091      ;
; 16.863 ; start                 ; state.INIT              ; clk          ; clk         ; 20.000       ; 1.567      ; 3.644      ;
; 17.119 ; v[2]~reg0_Duplicate_1 ; state.DONE              ; clk          ; clk         ; 20.000       ; -0.100     ; 2.721      ;
; 17.186 ; v[1]~reg0_Duplicate_1 ; state.DONE              ; clk          ; clk         ; 20.000       ; -0.100     ; 2.654      ;
; 17.274 ; v[0]~reg0_Duplicate_1 ; state.DONE              ; clk          ; clk         ; 20.000       ; -0.100     ; 2.566      ;
; 17.334 ; v[2]~reg0_Duplicate_1 ; y[1]~reg0               ; clk          ; clk         ; 20.000       ; -0.074     ; 2.532      ;
; 17.338 ; u[1]~reg0_Duplicate_1 ; y[1]~reg0               ; clk          ; clk         ; 20.000       ; -0.074     ; 2.528      ;
; 17.401 ; v[1]~reg0_Duplicate_1 ; y[1]~reg0               ; clk          ; clk         ; 20.000       ; -0.074     ; 2.465      ;
; 17.407 ; u[0]~reg0_Duplicate_1 ; y[1]~reg0               ; clk          ; clk         ; 20.000       ; -0.074     ; 2.459      ;
; 17.465 ; u[1]~reg0_Duplicate_1 ; state.DONE              ; clk          ; clk         ; 20.000       ; -0.100     ; 2.375      ;
; 17.489 ; v[0]~reg0_Duplicate_1 ; y[1]~reg0               ; clk          ; clk         ; 20.000       ; -0.074     ; 2.377      ;
; 17.529 ; u[1]~reg0_Duplicate_1 ; y[2]~reg0               ; clk          ; clk         ; 20.000       ; -0.067     ; 2.344      ;
; 17.534 ; u[2]~reg0_Duplicate_1 ; state.DONE              ; clk          ; clk         ; 20.000       ; -0.100     ; 2.306      ;
; 17.545 ; u[2]~reg0_Duplicate_1 ; y[1]~reg0               ; clk          ; clk         ; 20.000       ; -0.074     ; 2.321      ;
; 17.579 ; v[2]~reg0_Duplicate_1 ; y[2]~reg0               ; clk          ; clk         ; 20.000       ; -0.067     ; 2.294      ;
; 17.598 ; u[0]~reg0_Duplicate_1 ; y[2]~reg0               ; clk          ; clk         ; 20.000       ; -0.067     ; 2.275      ;
; 17.619 ; v[2]~reg0_Duplicate_1 ; y[0]~reg0               ; clk          ; clk         ; 20.000       ; -0.067     ; 2.254      ;
; 17.621 ; u[1]~reg0_Duplicate_1 ; y[2]~reg0_Duplicate_1   ; clk          ; clk         ; 20.000       ; -0.043     ; 2.323      ;
; 17.644 ; v[2]~reg0_Duplicate_1 ; x[1]~reg0               ; clk          ; clk         ; 20.000       ; -0.067     ; 2.229      ;
; 17.646 ; v[1]~reg0_Duplicate_1 ; y[2]~reg0               ; clk          ; clk         ; 20.000       ; -0.067     ; 2.227      ;
; 17.648 ; v[2]~reg0_Duplicate_1 ; x[2]~reg0               ; clk          ; clk         ; 20.000       ; -0.067     ; 2.225      ;
; 17.652 ; u[1]~reg0_Duplicate_1 ; x[2]~reg0               ; clk          ; clk         ; 20.000       ; -0.067     ; 2.221      ;
; 17.668 ; u[0]~reg0_Duplicate_1 ; state.DONE              ; clk          ; clk         ; 20.000       ; -0.100     ; 2.172      ;
; 17.671 ; v[2]~reg0_Duplicate_1 ; y[2]~reg0_Duplicate_1   ; clk          ; clk         ; 20.000       ; -0.043     ; 2.273      ;
; 17.686 ; v[1]~reg0_Duplicate_1 ; y[0]~reg0               ; clk          ; clk         ; 20.000       ; -0.067     ; 2.187      ;
; 17.690 ; u[0]~reg0_Duplicate_1 ; y[2]~reg0_Duplicate_1   ; clk          ; clk         ; 20.000       ; -0.043     ; 2.254      ;
; 17.711 ; v[1]~reg0_Duplicate_1 ; x[1]~reg0               ; clk          ; clk         ; 20.000       ; -0.067     ; 2.162      ;
; 17.715 ; v[1]~reg0_Duplicate_1 ; x[2]~reg0               ; clk          ; clk         ; 20.000       ; -0.067     ; 2.158      ;
; 17.719 ; v[2]~reg0_Duplicate_1 ; y[1]~reg0_Duplicate_1   ; clk          ; clk         ; 20.000       ; -0.043     ; 2.225      ;
; 17.721 ; u[0]~reg0_Duplicate_1 ; x[2]~reg0               ; clk          ; clk         ; 20.000       ; -0.067     ; 2.152      ;
; 17.723 ; u[1]~reg0_Duplicate_1 ; y[1]~reg0_Duplicate_1   ; clk          ; clk         ; 20.000       ; -0.043     ; 2.221      ;
; 17.734 ; v[0]~reg0_Duplicate_1 ; y[2]~reg0               ; clk          ; clk         ; 20.000       ; -0.067     ; 2.139      ;
; 17.736 ; u[2]~reg0_Duplicate_1 ; y[2]~reg0               ; clk          ; clk         ; 20.000       ; -0.067     ; 2.137      ;
; 17.737 ; v[2]~reg0_Duplicate_1 ; x[1]~reg0_Duplicate_1   ; clk          ; clk         ; 20.000       ; -0.043     ; 2.207      ;
; 17.738 ; v[1]~reg0_Duplicate_1 ; y[2]~reg0_Duplicate_1   ; clk          ; clk         ; 20.000       ; -0.043     ; 2.206      ;
; 17.764 ; start                 ; state.INIT~_Duplicate_1 ; clk          ; clk         ; 20.000       ; 1.610      ; 2.833      ;
; 17.771 ; x[2]~reg0_Duplicate_1 ; y[2]~reg0               ; clk          ; clk         ; 20.000       ; -0.067     ; 2.102      ;
; 17.774 ; v[0]~reg0_Duplicate_1 ; y[0]~reg0               ; clk          ; clk         ; 20.000       ; -0.067     ; 2.099      ;
; 17.778 ; start                 ; state.IDLE              ; clk          ; clk         ; 20.000       ; 1.610      ; 2.819      ;
; 17.784 ; v[2]~reg0_Duplicate_1 ; y[0]~reg0_Duplicate_1   ; clk          ; clk         ; 20.000       ; -0.043     ; 2.160      ;
; 17.784 ; u[1]~reg0_Duplicate_1 ; x[0]~reg0               ; clk          ; clk         ; 20.000       ; -0.074     ; 2.082      ;
; 17.786 ; v[1]~reg0_Duplicate_1 ; y[1]~reg0_Duplicate_1   ; clk          ; clk         ; 20.000       ; -0.043     ; 2.158      ;
; 17.792 ; u[0]~reg0_Duplicate_1 ; y[1]~reg0_Duplicate_1   ; clk          ; clk         ; 20.000       ; -0.043     ; 2.152      ;
; 17.796 ; u[1]~reg0_Duplicate_1 ; x[1]~reg0               ; clk          ; clk         ; 20.000       ; -0.067     ; 2.077      ;
; 17.799 ; v[0]~reg0_Duplicate_1 ; x[1]~reg0               ; clk          ; clk         ; 20.000       ; -0.067     ; 2.074      ;
; 17.803 ; v[0]~reg0_Duplicate_1 ; x[2]~reg0               ; clk          ; clk         ; 20.000       ; -0.067     ; 2.070      ;
; 17.804 ; v[1]~reg0_Duplicate_1 ; x[1]~reg0_Duplicate_1   ; clk          ; clk         ; 20.000       ; -0.043     ; 2.140      ;
; 17.808 ; v[2]~reg0_Duplicate_1 ; x[2]~reg0_Duplicate_1   ; clk          ; clk         ; 20.000       ; -0.043     ; 2.136      ;
; 17.812 ; u[1]~reg0_Duplicate_1 ; x[2]~reg0_Duplicate_1   ; clk          ; clk         ; 20.000       ; -0.043     ; 2.132      ;
; 17.816 ; y[1]~reg0_Duplicate_1 ; state.DONE              ; clk          ; clk         ; 20.000       ; -0.100     ; 2.024      ;
; 17.826 ; v[0]~reg0_Duplicate_1 ; y[2]~reg0_Duplicate_1   ; clk          ; clk         ; 20.000       ; -0.043     ; 2.118      ;
; 17.828 ; u[2]~reg0_Duplicate_1 ; y[2]~reg0_Duplicate_1   ; clk          ; clk         ; 20.000       ; -0.043     ; 2.116      ;
; 17.843 ; v[2]~reg0_Duplicate_1 ; x[0]~reg0               ; clk          ; clk         ; 20.000       ; -0.074     ; 2.023      ;
; 17.851 ; v[1]~reg0_Duplicate_1 ; y[0]~reg0_Duplicate_1   ; clk          ; clk         ; 20.000       ; -0.043     ; 2.093      ;
; 17.853 ; u[0]~reg0_Duplicate_1 ; x[0]~reg0               ; clk          ; clk         ; 20.000       ; -0.074     ; 2.013      ;
; 17.859 ; u[2]~reg0_Duplicate_1 ; x[2]~reg0               ; clk          ; clk         ; 20.000       ; -0.067     ; 2.014      ;
; 17.863 ; x[2]~reg0_Duplicate_1 ; y[2]~reg0_Duplicate_1   ; clk          ; clk         ; 20.000       ; -0.043     ; 2.081      ;
; 17.865 ; u[0]~reg0_Duplicate_1 ; x[1]~reg0               ; clk          ; clk         ; 20.000       ; -0.067     ; 2.008      ;
; 17.874 ; v[0]~reg0_Duplicate_1 ; y[1]~reg0_Duplicate_1   ; clk          ; clk         ; 20.000       ; -0.043     ; 2.070      ;
; 17.875 ; v[1]~reg0_Duplicate_1 ; x[2]~reg0_Duplicate_1   ; clk          ; clk         ; 20.000       ; -0.043     ; 2.069      ;
; 17.879 ; u[1]~reg0_Duplicate_1 ; x[1]~reg0_Duplicate_1   ; clk          ; clk         ; 20.000       ; -0.043     ; 2.065      ;
; 17.881 ; u[0]~reg0_Duplicate_1 ; x[2]~reg0_Duplicate_1   ; clk          ; clk         ; 20.000       ; -0.043     ; 2.063      ;
; 17.884 ; u[1]~reg0_Duplicate_1 ; y[0]~reg0               ; clk          ; clk         ; 20.000       ; -0.067     ; 1.989      ;
; 17.889 ; v[2]~reg0_Duplicate_1 ; state.DONE~_Duplicate_1 ; clk          ; clk         ; 20.000       ; -0.042     ; 2.056      ;
; 17.892 ; v[0]~reg0_Duplicate_1 ; x[1]~reg0_Duplicate_1   ; clk          ; clk         ; 20.000       ; -0.043     ; 2.052      ;
; 17.893 ; v[2]~reg0_Duplicate_1 ; state.SET_ADDR          ; clk          ; clk         ; 20.000       ; -0.042     ; 2.052      ;
; 17.899 ; state.NEXT            ; y[1]~reg0               ; clk          ; clk         ; 20.000       ; -0.074     ; 1.967      ;
; 17.910 ; v[1]~reg0_Duplicate_1 ; x[0]~reg0               ; clk          ; clk         ; 20.000       ; -0.074     ; 1.956      ;
; 17.930 ; u[2]~reg0_Duplicate_1 ; y[1]~reg0_Duplicate_1   ; clk          ; clk         ; 20.000       ; -0.043     ; 2.014      ;
; 17.939 ; v[0]~reg0_Duplicate_1 ; y[0]~reg0_Duplicate_1   ; clk          ; clk         ; 20.000       ; -0.043     ; 2.005      ;
; 17.948 ; u[0]~reg0_Duplicate_1 ; x[1]~reg0_Duplicate_1   ; clk          ; clk         ; 20.000       ; -0.043     ; 1.996      ;
; 17.953 ; u[0]~reg0_Duplicate_1 ; y[0]~reg0               ; clk          ; clk         ; 20.000       ; -0.067     ; 1.920      ;
; 17.956 ; x[2]~reg0_Duplicate_1 ; state.DONE              ; clk          ; clk         ; 20.000       ; -0.100     ; 1.884      ;
; 17.956 ; v[1]~reg0_Duplicate_1 ; state.DONE~_Duplicate_1 ; clk          ; clk         ; 20.000       ; -0.042     ; 1.989      ;
; 17.960 ; v[1]~reg0_Duplicate_1 ; state.SET_ADDR          ; clk          ; clk         ; 20.000       ; -0.042     ; 1.985      ;
; 17.963 ; v[0]~reg0_Duplicate_1 ; x[2]~reg0_Duplicate_1   ; clk          ; clk         ; 20.000       ; -0.043     ; 1.981      ;
; 17.972 ; x[1]~reg0_Duplicate_1 ; state.DONE              ; clk          ; clk         ; 20.000       ; -0.100     ; 1.868      ;
; 17.985 ; x[1]~reg0_Duplicate_1 ; y[2]~reg0               ; clk          ; clk         ; 20.000       ; -0.067     ; 1.888      ;
; 17.991 ; u[2]~reg0_Duplicate_1 ; x[0]~reg0               ; clk          ; clk         ; 20.000       ; -0.074     ; 1.875      ;
+--------+-----------------------+-------------------------+--------------+-------------+--------------+------------+------------+


+-----------------------------------------------------------------------------------------------------------------------------------------+
; Fast 1200mV 0C Model Hold: 'clk'                                                                                                        ;
+-------+-----------------------------+-----------------------------+--------------+-------------+--------------+------------+------------+
; Slack ; From Node                   ; To Node                     ; Launch Clock ; Latch Clock ; Relationship ; Clock Skew ; Data Delay ;
+-------+-----------------------------+-----------------------------+--------------+-------------+--------------+------------+------------+
; 0.181 ; address[5]~reg0_Duplicate_1 ; address[5]~reg0_Duplicate_1 ; clk          ; clk         ; 0.000        ; 0.042      ; 0.307      ;
; 0.181 ; address[4]~reg0_Duplicate_1 ; address[4]~reg0_Duplicate_1 ; clk          ; clk         ; 0.000        ; 0.042      ; 0.307      ;
; 0.181 ; address[3]~reg0_Duplicate_1 ; address[3]~reg0_Duplicate_1 ; clk          ; clk         ; 0.000        ; 0.042      ; 0.307      ;
; 0.181 ; address[2]~reg0_Duplicate_1 ; address[2]~reg0_Duplicate_1 ; clk          ; clk         ; 0.000        ; 0.042      ; 0.307      ;
; 0.181 ; address[1]~reg0_Duplicate_1 ; address[1]~reg0_Duplicate_1 ; clk          ; clk         ; 0.000        ; 0.042      ; 0.307      ;
; 0.181 ; address[0]~reg0_Duplicate_1 ; address[0]~reg0_Duplicate_1 ; clk          ; clk         ; 0.000        ; 0.042      ; 0.307      ;
; 0.181 ; state.IDLE                  ; state.IDLE                  ; clk          ; clk         ; 0.000        ; 0.042      ; 0.307      ;
; 0.181 ; u[0]~reg0_Duplicate_1       ; u[0]~reg0_Duplicate_1       ; clk          ; clk         ; 0.000        ; 0.042      ; 0.307      ;
; 0.181 ; v[2]~reg0_Duplicate_1       ; v[2]~reg0_Duplicate_1       ; clk          ; clk         ; 0.000        ; 0.042      ; 0.307      ;
; 0.181 ; v[1]~reg0_Duplicate_1       ; v[1]~reg0_Duplicate_1       ; clk          ; clk         ; 0.000        ; 0.042      ; 0.307      ;
; 0.189 ; state.GAP                   ; state.NEXT                  ; clk          ; clk         ; 0.000        ; 0.042      ; 0.315      ;
; 0.190 ; state.ACCUM~_Duplicate_1    ; state.GAP                   ; clk          ; clk         ; 0.000        ; 0.042      ; 0.316      ;
; 0.190 ; state.RD_PULSE~_Duplicate_1 ; state.WAIT_MEM              ; clk          ; clk         ; 0.000        ; 0.042      ; 0.316      ;
; 0.195 ; state.DONE~_Duplicate_1     ; state.IDLE                  ; clk          ; clk         ; 0.000        ; 0.042      ; 0.321      ;
; 0.199 ; state.WAIT_MEM              ; state.ACCUM~_Duplicate_1    ; clk          ; clk         ; 0.000        ; 0.042      ; 0.325      ;
; 0.207 ; state.SET_ADDR              ; state.RD_PULSE~_Duplicate_1 ; clk          ; clk         ; 0.000        ; 0.042      ; 0.333      ;
; 0.246 ; state.IDLE                  ; state.INIT~_Duplicate_1     ; clk          ; clk         ; 0.000        ; 0.042      ; 0.372      ;
; 0.303 ; v[1]~reg0_Duplicate_1       ; address[1]~reg0_Duplicate_1 ; clk          ; clk         ; 0.000        ; 0.042      ; 0.429      ;
; 0.306 ; state.INIT~_Duplicate_1     ; state.SET_ADDR              ; clk          ; clk         ; 0.000        ; 0.042      ; 0.432      ;
; 0.308 ; u[2]~reg0_Duplicate_1       ; address[5]~reg0_Duplicate_1 ; clk          ; clk         ; 0.000        ; 0.042      ; 0.434      ;
; 0.308 ; state.SET_ADDR              ; address[3]~reg0_Duplicate_1 ; clk          ; clk         ; 0.000        ; 0.042      ; 0.434      ;
; 0.309 ; state.SET_ADDR              ; address[5]~reg0_Duplicate_1 ; clk          ; clk         ; 0.000        ; 0.042      ; 0.435      ;
; 0.309 ; state.SET_ADDR              ; address[2]~reg0_Duplicate_1 ; clk          ; clk         ; 0.000        ; 0.042      ; 0.435      ;
; 0.310 ; state.SET_ADDR              ; address[0]~reg0_Duplicate_1 ; clk          ; clk         ; 0.000        ; 0.042      ; 0.436      ;
; 0.311 ; u[0]~reg0_Duplicate_1       ; address[3]~reg0_Duplicate_1 ; clk          ; clk         ; 0.000        ; 0.042      ; 0.437      ;
; 0.312 ; state.SET_ADDR              ; address[4]~reg0_Duplicate_1 ; clk          ; clk         ; 0.000        ; 0.042      ; 0.438      ;
; 0.313 ; state.SET_ADDR              ; address[1]~reg0_Duplicate_1 ; clk          ; clk         ; 0.000        ; 0.042      ; 0.439      ;
; 0.314 ; state.NEXT                  ; state.DONE~_Duplicate_1     ; clk          ; clk         ; 0.000        ; 0.042      ; 0.440      ;
; 0.342 ; state.NEXT                  ; state.SET_ADDR              ; clk          ; clk         ; 0.000        ; 0.042      ; 0.468      ;
; 0.378 ; state.NEXT                  ; v[1]~reg0_Duplicate_1       ; clk          ; clk         ; 0.000        ; 0.042      ; 0.504      ;
; 0.385 ; state.NEXT                  ; u[0]~reg0_Duplicate_1       ; clk          ; clk         ; 0.000        ; 0.042      ; 0.511      ;
; 0.442 ; v[2]~reg0_Duplicate_1       ; address[2]~reg0_Duplicate_1 ; clk          ; clk         ; 0.000        ; 0.042      ; 0.568      ;
; 0.481 ; v[0]~reg0_Duplicate_1       ; v[2]~reg0_Duplicate_1       ; clk          ; clk         ; 0.000        ; 0.042      ; 0.607      ;
; 0.495 ; u[1]~reg0_Duplicate_1       ; address[4]~reg0_Duplicate_1 ; clk          ; clk         ; 0.000        ; 0.042      ; 0.621      ;
; 0.496 ; y[2]~reg0_Duplicate_1       ; y[2]~reg0_Duplicate_1       ; clk          ; clk         ; 0.000        ; 0.043      ; 0.623      ;
; 0.500 ; state.SET_ADDR              ; state.RD_PULSE              ; clk          ; clk         ; 0.000        ; 0.005      ; 0.563      ;
; 0.502 ; x[1]~reg0_Duplicate_1       ; x[1]~reg0_Duplicate_1       ; clk          ; clk         ; 0.000        ; 0.043      ; 0.629      ;
; 0.507 ; u[2]~reg0_Duplicate_1       ; u[2]~reg0_Duplicate_1       ; clk          ; clk         ; 0.000        ; 0.042      ; 0.633      ;
; 0.537 ; state.NEXT                  ; v[2]~reg0_Duplicate_1       ; clk          ; clk         ; 0.000        ; 0.042      ; 0.663      ;
; 0.555 ; y[2]~reg0_Duplicate_1       ; state.DONE~_Duplicate_1     ; clk          ; clk         ; 0.000        ; 0.043      ; 0.682      ;
; 0.557 ; v[0]~reg0_Duplicate_1       ; address[0]~reg0_Duplicate_1 ; clk          ; clk         ; 0.000        ; 0.042      ; 0.683      ;
; 0.558 ; v[0]~reg0_Duplicate_1       ; v[1]~reg0_Duplicate_1       ; clk          ; clk         ; 0.000        ; 0.042      ; 0.684      ;
; 0.559 ; y[2]~reg0_Duplicate_1       ; state.SET_ADDR              ; clk          ; clk         ; 0.000        ; 0.043      ; 0.686      ;
; 0.561 ; v[1]~reg0_Duplicate_1       ; v[2]~reg0_Duplicate_1       ; clk          ; clk         ; 0.000        ; 0.042      ; 0.687      ;
; 0.565 ; x[2]~reg0_Duplicate_1       ; x[2]~reg0_Duplicate_1       ; clk          ; clk         ; 0.000        ; 0.043      ; 0.692      ;
; 0.579 ; y[2]~reg0_Duplicate_1       ; y[2]~reg0                   ; clk          ; clk         ; 0.000        ; 0.006      ; 0.643      ;
; 0.586 ; x[1]~reg0_Duplicate_1       ; x[1]~reg0                   ; clk          ; clk         ; 0.000        ; 0.006      ; 0.650      ;
; 0.589 ; u[2]~reg0_Duplicate_1       ; u[2]~reg0                   ; clk          ; clk         ; 0.000        ; 0.005      ; 0.652      ;
; 0.592 ; x[1]~reg0_Duplicate_1       ; x[2]~reg0_Duplicate_1       ; clk          ; clk         ; 0.000        ; 0.043      ; 0.719      ;
; 0.619 ; state.NEXT                  ; v[0]~reg0_Duplicate_1       ; clk          ; clk         ; 0.000        ; 0.042      ; 0.745      ;
; 0.631 ; v[0]~reg0_Duplicate_1       ; v[0]~reg0_Duplicate_1       ; clk          ; clk         ; 0.000        ; 0.042      ; 0.757      ;
; 0.633 ; u[1]~reg0_Duplicate_1       ; u[1]~reg0_Duplicate_1       ; clk          ; clk         ; 0.000        ; 0.042      ; 0.759      ;
; 0.638 ; x[0]~reg0_Duplicate_1       ; x[0]~reg0_Duplicate_1       ; clk          ; clk         ; 0.000        ; 0.043      ; 0.765      ;
; 0.642 ; x[0]~reg0_Duplicate_1       ; x[1]~reg0_Duplicate_1       ; clk          ; clk         ; 0.000        ; 0.043      ; 0.769      ;
; 0.643 ; y[0]~reg0_Duplicate_1       ; y[0]~reg0_Duplicate_1       ; clk          ; clk         ; 0.000        ; 0.043      ; 0.770      ;
; 0.649 ; state.INIT~_Duplicate_1     ; address[4]~reg0_Duplicate_1 ; clk          ; clk         ; 0.000        ; 0.042      ; 0.775      ;
; 0.649 ; state.INIT~_Duplicate_1     ; address[1]~reg0_Duplicate_1 ; clk          ; clk         ; 0.000        ; 0.042      ; 0.775      ;
; 0.651 ; state.INIT~_Duplicate_1     ; address[0]~reg0_Duplicate_1 ; clk          ; clk         ; 0.000        ; 0.042      ; 0.777      ;
; 0.651 ; state.SET_ADDR              ; v[0]~reg0_Duplicate_1       ; clk          ; clk         ; 0.000        ; 0.042      ; 0.777      ;
; 0.652 ; state.INIT~_Duplicate_1     ; address[5]~reg0_Duplicate_1 ; clk          ; clk         ; 0.000        ; 0.042      ; 0.778      ;
; 0.652 ; state.INIT~_Duplicate_1     ; address[2]~reg0_Duplicate_1 ; clk          ; clk         ; 0.000        ; 0.042      ; 0.778      ;
; 0.653 ; state.INIT~_Duplicate_1     ; address[3]~reg0_Duplicate_1 ; clk          ; clk         ; 0.000        ; 0.042      ; 0.779      ;
; 0.659 ; u[0]~reg0_Duplicate_1       ; u[1]~reg0_Duplicate_1       ; clk          ; clk         ; 0.000        ; 0.042      ; 0.785      ;
; 0.671 ; y[1]~reg0_Duplicate_1       ; y[1]~reg0_Duplicate_1       ; clk          ; clk         ; 0.000        ; 0.043      ; 0.798      ;
; 0.673 ; state.NEXT                  ; address[4]~reg0_Duplicate_1 ; clk          ; clk         ; 0.000        ; 0.042      ; 0.799      ;
; 0.673 ; state.NEXT                  ; address[1]~reg0_Duplicate_1 ; clk          ; clk         ; 0.000        ; 0.042      ; 0.799      ;
; 0.675 ; state.NEXT                  ; address[0]~reg0_Duplicate_1 ; clk          ; clk         ; 0.000        ; 0.042      ; 0.801      ;
; 0.676 ; state.NEXT                  ; address[5]~reg0_Duplicate_1 ; clk          ; clk         ; 0.000        ; 0.042      ; 0.802      ;
; 0.676 ; state.NEXT                  ; address[2]~reg0_Duplicate_1 ; clk          ; clk         ; 0.000        ; 0.042      ; 0.802      ;
; 0.677 ; state.NEXT                  ; address[3]~reg0_Duplicate_1 ; clk          ; clk         ; 0.000        ; 0.042      ; 0.803      ;
; 0.683 ; state.INIT~_Duplicate_1     ; v[0]~reg0_Duplicate_1       ; clk          ; clk         ; 0.000        ; 0.042      ; 0.809      ;
; 0.699 ; state.SET_ADDR              ; u[0]~reg0_Duplicate_1       ; clk          ; clk         ; 0.000        ; 0.042      ; 0.825      ;
; 0.703 ; x[0]~reg0_Duplicate_1       ; x[2]~reg0_Duplicate_1       ; clk          ; clk         ; 0.000        ; 0.043      ; 0.830      ;
; 0.705 ; state.SET_ADDR              ; v[1]~reg0_Duplicate_1       ; clk          ; clk         ; 0.000        ; 0.042      ; 0.831      ;
; 0.713 ; v[0]~reg0_Duplicate_1       ; u[0]~reg0_Duplicate_1       ; clk          ; clk         ; 0.000        ; 0.042      ; 0.839      ;
; 0.716 ; u[1]~reg0_Duplicate_1       ; u[1]~reg0                   ; clk          ; clk         ; 0.000        ; 0.005      ; 0.779      ;
; 0.718 ; x[2]~reg0_Duplicate_1       ; x[2]~reg0                   ; clk          ; clk         ; 0.000        ; 0.006      ; 0.782      ;
; 0.719 ; state.SET_ADDR              ; v[2]~reg0_Duplicate_1       ; clk          ; clk         ; 0.000        ; 0.042      ; 0.845      ;
; 0.720 ; address[5]~reg0_Duplicate_1 ; address[5]~reg0             ; clk          ; clk         ; 0.000        ; 0.004      ; 0.782      ;
; 0.723 ; address[4]~reg0_Duplicate_1 ; address[4]~reg0             ; clk          ; clk         ; 0.000        ; 0.004      ; 0.785      ;
; 0.723 ; address[1]~reg0_Duplicate_1 ; address[1]~reg0             ; clk          ; clk         ; 0.000        ; 0.002      ; 0.783      ;
; 0.726 ; x[0]~reg0_Duplicate_1       ; x[1]~reg0                   ; clk          ; clk         ; 0.000        ; 0.006      ; 0.790      ;
; 0.739 ; x[0]~reg0_Duplicate_1       ; y[0]~reg0_Duplicate_1       ; clk          ; clk         ; 0.000        ; 0.043      ; 0.866      ;
; 0.742 ; u[0]~reg0_Duplicate_1       ; u[1]~reg0                   ; clk          ; clk         ; 0.000        ; 0.005      ; 0.805      ;
; 0.745 ; x[1]~reg0_Duplicate_1       ; x[2]~reg0                   ; clk          ; clk         ; 0.000        ; 0.006      ; 0.809      ;
; 0.759 ; x[1]~reg0_Duplicate_1       ; y[0]~reg0_Duplicate_1       ; clk          ; clk         ; 0.000        ; 0.043      ; 0.886      ;
; 0.760 ; state.INIT~_Duplicate_1     ; u[0]~reg0_Duplicate_1       ; clk          ; clk         ; 0.000        ; 0.042      ; 0.886      ;
; 0.764 ; state.INIT~_Duplicate_1     ; v[2]~reg0_Duplicate_1       ; clk          ; clk         ; 0.000        ; 0.042      ; 0.890      ;
; 0.767 ; state.INIT~_Duplicate_1     ; v[1]~reg0_Duplicate_1       ; clk          ; clk         ; 0.000        ; 0.042      ; 0.893      ;
; 0.772 ; address[3]~reg0_Duplicate_1 ; address[3]~reg0             ; clk          ; clk         ; 0.000        ; 0.007      ; 0.837      ;
; 0.779 ; address[0]~reg0_Duplicate_1 ; address[0]~reg0             ; clk          ; clk         ; 0.000        ; 0.007      ; 0.844      ;
; 0.787 ; x[0]~reg0_Duplicate_1       ; state.DONE~_Duplicate_1     ; clk          ; clk         ; 0.000        ; 0.043      ; 0.914      ;
; 0.788 ; v[1]~reg0_Duplicate_1       ; u[0]~reg0_Duplicate_1       ; clk          ; clk         ; 0.000        ; 0.042      ; 0.914      ;
; 0.791 ; x[0]~reg0_Duplicate_1       ; state.SET_ADDR              ; clk          ; clk         ; 0.000        ; 0.043      ; 0.918      ;
; 0.796 ; y[0]~reg0_Duplicate_1       ; y[0]~reg0                   ; clk          ; clk         ; 0.000        ; 0.006      ; 0.860      ;
; 0.800 ; state.NEXT                  ; u[2]~reg0_Duplicate_1       ; clk          ; clk         ; 0.000        ; 0.042      ; 0.926      ;
; 0.810 ; y[0]~reg0_Duplicate_1       ; state.DONE~_Duplicate_1     ; clk          ; clk         ; 0.000        ; 0.043      ; 0.937      ;
; 0.814 ; y[0]~reg0_Duplicate_1       ; state.SET_ADDR              ; clk          ; clk         ; 0.000        ; 0.043      ; 0.941      ;
; 0.832 ; v[2]~reg0_Duplicate_1       ; u[0]~reg0_Duplicate_1       ; clk          ; clk         ; 0.000        ; 0.042      ; 0.958      ;
; 0.845 ; v[1]~reg0_Duplicate_1       ; address[1]~reg0             ; clk          ; clk         ; 0.000        ; 0.002      ; 0.905      ;
+-------+-----------------------------+-----------------------------+--------------+-------------+--------------+------------+------------+


+------------------------------------------------------------------------------------------------------------------------+
; Fast 1200mV 0C Model Recovery: 'clk'                                                                                   ;
+--------+-----------+-----------------------------+--------------+-------------+--------------+------------+------------+
; Slack  ; From Node ; To Node                     ; Launch Clock ; Latch Clock ; Relationship ; Clock Skew ; Data Delay ;
+--------+-----------+-----------------------------+--------------+-------------+--------------+------------+------------+
; 17.170 ; rst_in    ; state.IDLE                  ; clk          ; clk         ; 20.000       ; 1.610      ; 3.427      ;
; 17.170 ; rst_in    ; state.INIT~_Duplicate_1     ; clk          ; clk         ; 20.000       ; 1.610      ; 3.427      ;
; 17.170 ; rst_in    ; state.SET_ADDR              ; clk          ; clk         ; 20.000       ; 1.610      ; 3.427      ;
; 17.170 ; rst_in    ; state.RD_PULSE~_Duplicate_1 ; clk          ; clk         ; 20.000       ; 1.610      ; 3.427      ;
; 17.170 ; rst_in    ; state.WAIT_MEM              ; clk          ; clk         ; 20.000       ; 1.610      ; 3.427      ;
; 17.170 ; rst_in    ; state.ACCUM~_Duplicate_1    ; clk          ; clk         ; 20.000       ; 1.610      ; 3.427      ;
; 17.170 ; rst_in    ; state.GAP                   ; clk          ; clk         ; 20.000       ; 1.610      ; 3.427      ;
; 17.170 ; rst_in    ; state.NEXT                  ; clk          ; clk         ; 20.000       ; 1.610      ; 3.427      ;
; 17.170 ; rst_in    ; state.DONE~_Duplicate_1     ; clk          ; clk         ; 20.000       ; 1.610      ; 3.427      ;
; 17.210 ; rst_in    ; v[1]~reg0                   ; clk          ; clk         ; 20.000       ; 1.576      ; 3.306      ;
; 17.210 ; rst_in    ; v[2]~reg0                   ; clk          ; clk         ; 20.000       ; 1.576      ; 3.306      ;
; 17.231 ; rst_in    ; x[1]~reg0                   ; clk          ; clk         ; 20.000       ; 1.585      ; 3.294      ;
; 17.231 ; rst_in    ; x[2]~reg0                   ; clk          ; clk         ; 20.000       ; 1.585      ; 3.294      ;
; 17.231 ; rst_in    ; y[0]~reg0                   ; clk          ; clk         ; 20.000       ; 1.585      ; 3.294      ;
; 17.231 ; rst_in    ; y[2]~reg0                   ; clk          ; clk         ; 20.000       ; 1.585      ; 3.294      ;
; 17.253 ; rst_in    ; u[1]~reg0                   ; clk          ; clk         ; 20.000       ; 1.585      ; 3.272      ;
; 17.253 ; rst_in    ; u[2]~reg0                   ; clk          ; clk         ; 20.000       ; 1.585      ; 3.272      ;
; 17.253 ; rst_in    ; v[0]~reg0                   ; clk          ; clk         ; 20.000       ; 1.582      ; 3.269      ;
; 17.253 ; rst_in    ; state.RD_PULSE              ; clk          ; clk         ; 20.000       ; 1.585      ; 3.272      ;
; 17.253 ; rst_in    ; address[1]~reg0             ; clk          ; clk         ; 20.000       ; 1.582      ; 3.269      ;
; 17.255 ; rst_in    ; v[0]~reg0_Duplicate_1       ; clk          ; clk         ; 20.000       ; 1.610      ; 3.342      ;
; 17.255 ; rst_in    ; v[1]~reg0_Duplicate_1       ; clk          ; clk         ; 20.000       ; 1.610      ; 3.342      ;
; 17.255 ; rst_in    ; v[2]~reg0_Duplicate_1       ; clk          ; clk         ; 20.000       ; 1.610      ; 3.342      ;
; 17.255 ; rst_in    ; u[0]~reg0_Duplicate_1       ; clk          ; clk         ; 20.000       ; 1.610      ; 3.342      ;
; 17.255 ; rst_in    ; u[1]~reg0_Duplicate_1       ; clk          ; clk         ; 20.000       ; 1.610      ; 3.342      ;
; 17.255 ; rst_in    ; u[2]~reg0_Duplicate_1       ; clk          ; clk         ; 20.000       ; 1.610      ; 3.342      ;
; 17.255 ; rst_in    ; address[0]~reg0_Duplicate_1 ; clk          ; clk         ; 20.000       ; 1.610      ; 3.342      ;
; 17.255 ; rst_in    ; address[1]~reg0_Duplicate_1 ; clk          ; clk         ; 20.000       ; 1.610      ; 3.342      ;
; 17.255 ; rst_in    ; address[2]~reg0_Duplicate_1 ; clk          ; clk         ; 20.000       ; 1.610      ; 3.342      ;
; 17.255 ; rst_in    ; address[3]~reg0_Duplicate_1 ; clk          ; clk         ; 20.000       ; 1.610      ; 3.342      ;
; 17.255 ; rst_in    ; address[4]~reg0_Duplicate_1 ; clk          ; clk         ; 20.000       ; 1.610      ; 3.342      ;
; 17.255 ; rst_in    ; address[5]~reg0_Duplicate_1 ; clk          ; clk         ; 20.000       ; 1.610      ; 3.342      ;
; 17.261 ; rst_in    ; x[0]~reg0_Duplicate_1       ; clk          ; clk         ; 20.000       ; 1.609      ; 3.335      ;
; 17.261 ; rst_in    ; x[1]~reg0_Duplicate_1       ; clk          ; clk         ; 20.000       ; 1.609      ; 3.335      ;
; 17.261 ; rst_in    ; x[2]~reg0_Duplicate_1       ; clk          ; clk         ; 20.000       ; 1.609      ; 3.335      ;
; 17.261 ; rst_in    ; y[0]~reg0_Duplicate_1       ; clk          ; clk         ; 20.000       ; 1.609      ; 3.335      ;
; 17.261 ; rst_in    ; y[1]~reg0_Duplicate_1       ; clk          ; clk         ; 20.000       ; 1.609      ; 3.335      ;
; 17.261 ; rst_in    ; y[2]~reg0_Duplicate_1       ; clk          ; clk         ; 20.000       ; 1.609      ; 3.335      ;
; 17.329 ; rst_in    ; u[0]~reg0                   ; clk          ; clk         ; 20.000       ; 1.574      ; 3.185      ;
; 17.329 ; rst_in    ; address[2]~reg0             ; clk          ; clk         ; 20.000       ; 1.574      ; 3.185      ;
; 17.341 ; rst_in    ; x[0]~reg0                   ; clk          ; clk         ; 20.000       ; 1.578      ; 3.177      ;
; 17.341 ; rst_in    ; y[1]~reg0                   ; clk          ; clk         ; 20.000       ; 1.578      ; 3.177      ;
; 17.370 ; rst_in    ; address[4]~reg0             ; clk          ; clk         ; 20.000       ; 1.584      ; 3.154      ;
; 17.370 ; rst_in    ; address[5]~reg0             ; clk          ; clk         ; 20.000       ; 1.584      ; 3.154      ;
; 17.565 ; rst_in    ; state.DONE                  ; clk          ; clk         ; 20.000       ; 1.567      ; 2.942      ;
; 17.565 ; rst_in    ; state.ACCUM                 ; clk          ; clk         ; 20.000       ; 1.567      ; 2.942      ;
; 17.627 ; rst_in    ; address[0]~reg0             ; clk          ; clk         ; 20.000       ; 1.572      ; 2.885      ;
; 17.627 ; rst_in    ; address[3]~reg0             ; clk          ; clk         ; 20.000       ; 1.572      ; 2.885      ;
; 17.682 ; rst_in    ; state.INIT                  ; clk          ; clk         ; 20.000       ; 1.567      ; 2.825      ;
+--------+-----------+-----------------------------+--------------+-------------+--------------+------------+------------+


+-----------------------------------------------------------------------------------------------------------------------+
; Fast 1200mV 0C Model Removal: 'clk'                                                                                   ;
+-------+-----------+-----------------------------+--------------+-------------+--------------+------------+------------+
; Slack ; From Node ; To Node                     ; Launch Clock ; Latch Clock ; Relationship ; Clock Skew ; Data Delay ;
+-------+-----------+-----------------------------+--------------+-------------+--------------+------------+------------+
; 1.504 ; rst_in    ; state.INIT                  ; clk          ; clk         ; 0.000        ; 1.617      ; 2.179      ;
; 1.567 ; rst_in    ; address[0]~reg0             ; clk          ; clk         ; 0.000        ; 1.622      ; 2.247      ;
; 1.567 ; rst_in    ; address[3]~reg0             ; clk          ; clk         ; 0.000        ; 1.622      ; 2.247      ;
; 1.624 ; rst_in    ; state.DONE                  ; clk          ; clk         ; 0.000        ; 1.617      ; 2.299      ;
; 1.624 ; rst_in    ; state.ACCUM                 ; clk          ; clk         ; 0.000        ; 1.617      ; 2.299      ;
; 1.780 ; rst_in    ; address[4]~reg0             ; clk          ; clk         ; 0.000        ; 1.634      ; 2.472      ;
; 1.780 ; rst_in    ; address[5]~reg0             ; clk          ; clk         ; 0.000        ; 1.634      ; 2.472      ;
; 1.809 ; rst_in    ; x[0]~reg0                   ; clk          ; clk         ; 0.000        ; 1.628      ; 2.495      ;
; 1.809 ; rst_in    ; y[1]~reg0                   ; clk          ; clk         ; 0.000        ; 1.628      ; 2.495      ;
; 1.816 ; rst_in    ; u[0]~reg0                   ; clk          ; clk         ; 0.000        ; 1.624      ; 2.498      ;
; 1.816 ; rst_in    ; address[2]~reg0             ; clk          ; clk         ; 0.000        ; 1.624      ; 2.498      ;
; 1.818 ; rst_in    ; v[0]~reg0_Duplicate_1       ; clk          ; clk         ; 0.000        ; 1.672      ; 2.574      ;
; 1.818 ; rst_in    ; v[1]~reg0_Duplicate_1       ; clk          ; clk         ; 0.000        ; 1.672      ; 2.574      ;
; 1.818 ; rst_in    ; v[2]~reg0_Duplicate_1       ; clk          ; clk         ; 0.000        ; 1.672      ; 2.574      ;
; 1.818 ; rst_in    ; u[0]~reg0_Duplicate_1       ; clk          ; clk         ; 0.000        ; 1.672      ; 2.574      ;
; 1.818 ; rst_in    ; u[1]~reg0_Duplicate_1       ; clk          ; clk         ; 0.000        ; 1.672      ; 2.574      ;
; 1.818 ; rst_in    ; u[2]~reg0_Duplicate_1       ; clk          ; clk         ; 0.000        ; 1.672      ; 2.574      ;
; 1.818 ; rst_in    ; address[0]~reg0_Duplicate_1 ; clk          ; clk         ; 0.000        ; 1.672      ; 2.574      ;
; 1.818 ; rst_in    ; address[1]~reg0_Duplicate_1 ; clk          ; clk         ; 0.000        ; 1.672      ; 2.574      ;
; 1.818 ; rst_in    ; address[2]~reg0_Duplicate_1 ; clk          ; clk         ; 0.000        ; 1.672      ; 2.574      ;
; 1.818 ; rst_in    ; address[3]~reg0_Duplicate_1 ; clk          ; clk         ; 0.000        ; 1.672      ; 2.574      ;
; 1.818 ; rst_in    ; address[4]~reg0_Duplicate_1 ; clk          ; clk         ; 0.000        ; 1.672      ; 2.574      ;
; 1.818 ; rst_in    ; address[5]~reg0_Duplicate_1 ; clk          ; clk         ; 0.000        ; 1.672      ; 2.574      ;
; 1.819 ; rst_in    ; x[0]~reg0_Duplicate_1       ; clk          ; clk         ; 0.000        ; 1.672      ; 2.575      ;
; 1.819 ; rst_in    ; x[1]~reg0_Duplicate_1       ; clk          ; clk         ; 0.000        ; 1.672      ; 2.575      ;
; 1.819 ; rst_in    ; x[2]~reg0_Duplicate_1       ; clk          ; clk         ; 0.000        ; 1.672      ; 2.575      ;
; 1.819 ; rst_in    ; y[0]~reg0_Duplicate_1       ; clk          ; clk         ; 0.000        ; 1.672      ; 2.575      ;
; 1.819 ; rst_in    ; y[1]~reg0_Duplicate_1       ; clk          ; clk         ; 0.000        ; 1.672      ; 2.575      ;
; 1.819 ; rst_in    ; y[2]~reg0_Duplicate_1       ; clk          ; clk         ; 0.000        ; 1.672      ; 2.575      ;
; 1.870 ; rst_in    ; u[1]~reg0                   ; clk          ; clk         ; 0.000        ; 1.635      ; 2.563      ;
; 1.870 ; rst_in    ; u[2]~reg0                   ; clk          ; clk         ; 0.000        ; 1.635      ; 2.563      ;
; 1.870 ; rst_in    ; state.RD_PULSE              ; clk          ; clk         ; 0.000        ; 1.635      ; 2.563      ;
; 1.872 ; rst_in    ; v[0]~reg0                   ; clk          ; clk         ; 0.000        ; 1.632      ; 2.562      ;
; 1.872 ; rst_in    ; address[1]~reg0             ; clk          ; clk         ; 0.000        ; 1.632      ; 2.562      ;
; 1.894 ; rst_in    ; x[1]~reg0                   ; clk          ; clk         ; 0.000        ; 1.635      ; 2.587      ;
; 1.894 ; rst_in    ; x[2]~reg0                   ; clk          ; clk         ; 0.000        ; 1.635      ; 2.587      ;
; 1.894 ; rst_in    ; y[0]~reg0                   ; clk          ; clk         ; 0.000        ; 1.635      ; 2.587      ;
; 1.894 ; rst_in    ; y[2]~reg0                   ; clk          ; clk         ; 0.000        ; 1.635      ; 2.587      ;
; 1.902 ; rst_in    ; state.IDLE                  ; clk          ; clk         ; 0.000        ; 1.672      ; 2.658      ;
; 1.902 ; rst_in    ; state.INIT~_Duplicate_1     ; clk          ; clk         ; 0.000        ; 1.672      ; 2.658      ;
; 1.902 ; rst_in    ; state.SET_ADDR              ; clk          ; clk         ; 0.000        ; 1.672      ; 2.658      ;
; 1.902 ; rst_in    ; state.RD_PULSE~_Duplicate_1 ; clk          ; clk         ; 0.000        ; 1.672      ; 2.658      ;
; 1.902 ; rst_in    ; state.WAIT_MEM              ; clk          ; clk         ; 0.000        ; 1.672      ; 2.658      ;
; 1.902 ; rst_in    ; state.ACCUM~_Duplicate_1    ; clk          ; clk         ; 0.000        ; 1.672      ; 2.658      ;
; 1.902 ; rst_in    ; state.GAP                   ; clk          ; clk         ; 0.000        ; 1.672      ; 2.658      ;
; 1.902 ; rst_in    ; state.NEXT                  ; clk          ; clk         ; 0.000        ; 1.672      ; 2.658      ;
; 1.902 ; rst_in    ; state.DONE~_Duplicate_1     ; clk          ; clk         ; 0.000        ; 1.672      ; 2.658      ;
; 1.905 ; rst_in    ; v[1]~reg0                   ; clk          ; clk         ; 0.000        ; 1.626      ; 2.589      ;
; 1.905 ; rst_in    ; v[2]~reg0                   ; clk          ; clk         ; 0.000        ; 1.626      ; 2.589      ;
+-------+-----------+-----------------------------+--------------+-------------+--------------+------------+------------+


----------------------------------------------
; Fast 1200mV 0C Model Metastability Summary ;
----------------------------------------------
No synchronizer chains to report.


+------------------------------------------------------------------------------+
; Multicorner Timing Analysis Summary                                          ;
+------------------+--------+-------+----------+---------+---------------------+
; Clock            ; Setup  ; Hold  ; Recovery ; Removal ; Minimum Pulse Width ;
+------------------+--------+-------+----------+---------+---------------------+
; Worst-case Slack ; 11.975 ; 0.181 ; 16.124   ; 1.504   ; 9.439               ;
;  clk             ; 11.975 ; 0.181 ; 16.124   ; 1.504   ; 9.439               ;
; Design-wide TNS  ; 0.0    ; 0.0   ; 0.0      ; 0.0     ; 0.0                 ;
;  clk             ; 0.000  ; 0.000 ; 0.000    ; 0.000   ; 0.000               ;
+------------------+--------+-------+----------+---------+---------------------+


+------------------------------------------------------------------------------------------------------------------------------------------------------------------------------------------------------------------------------------------------------------------------------------------------------------------------------------------------------------------------------------------------------------------+
; Board Trace Model Assignments                                                                                                                                                                                                                                                                                                                                                                                    ;
+---------------+--------------+-------------------+-------------------------+-------------------------+---------------+---------------------+----------------+------------------+--------+------------------+------------------------+------------------------+--------------+---------------+-----------------+-------+---------------------+--------------------+---------------+-----------------+-------------+
; Pin           ; I/O Standard ; Near Tline Length ; Near Tline L per Length ; Near Tline C per Length ; Near Series R ; Near Differential R ; Near Pull-up R ; Near Pull-down R ; Near C ; Far Tline Length ; Far Tline L per Length ; Far Tline C per Length ; Far Series R ; Far Pull-up R ; Far Pull-down R ; Far C ; Termination Voltage ; Far Differential R ; EBD File Name ; EBD Signal Name ; EBD Far-end ;
+---------------+--------------+-------------------+-------------------------+-------------------------+---------------+---------------------+----------------+------------------+--------+------------------+------------------------+------------------------+--------------+---------------+-----------------+-------+---------------------+--------------------+---------------+-----------------+-------------+
; ready         ; 2.5 V        ; 0 in              ; 0 H/in                  ; 0 F/in                  ; short         ; -                   ; open           ; open             ; open   ; 0 in             ; 0 H/in                 ; 0 F/in                 ; short        ; open          ; open            ; open  ; 0 V                 ; -                  ; n/a           ; n/a             ; n/a         ;
; u[0]          ; 2.5 V        ; 0 in              ; 0 H/in                  ; 0 F/in                  ; short         ; -                   ; open           ; open             ; open   ; 0 in             ; 0 H/in                 ; 0 F/in                 ; short        ; open          ; open            ; open  ; 0 V                 ; -                  ; n/a           ; n/a             ; n/a         ;
; u[1]          ; 2.5 V        ; 0 in              ; 0 H/in                  ; 0 F/in                  ; short         ; -                   ; open           ; open             ; open   ; 0 in             ; 0 H/in                 ; 0 F/in                 ; short        ; open          ; open            ; open  ; 0 V                 ; -                  ; n/a           ; n/a             ; n/a         ;
; u[2]          ; 2.5 V        ; 0 in              ; 0 H/in                  ; 0 F/in                  ; short         ; -                   ; open           ; open             ; open   ; 0 in             ; 0 H/in                 ; 0 F/in                 ; short        ; open          ; open            ; open  ; 0 V                 ; -                  ; n/a           ; n/a             ; n/a         ;
; v[0]          ; 2.5 V        ; 0 in              ; 0 H/in                  ; 0 F/in                  ; short         ; -                   ; open           ; open             ; open   ; 0 in             ; 0 H/in                 ; 0 F/in                 ; short        ; open          ; open            ; open  ; 0 V                 ; -                  ; n/a           ; n/a             ; n/a         ;
; v[1]          ; 2.5 V        ; 0 in              ; 0 H/in                  ; 0 F/in                  ; short         ; -                   ; open           ; open             ; open   ; 0 in             ; 0 H/in                 ; 0 F/in                 ; short        ; open          ; open            ; open  ; 0 V                 ; -                  ; n/a           ; n/a             ; n/a         ;
; v[2]          ; 2.5 V        ; 0 in              ; 0 H/in                  ; 0 F/in                  ; short         ; -                   ; open           ; open             ; open   ; 0 in             ; 0 H/in                 ; 0 F/in                 ; short        ; open          ; open            ; open  ; 0 V                 ; -                  ; n/a           ; n/a             ; n/a         ;
; x[0]          ; 2.5 V        ; 0 in              ; 0 H/in                  ; 0 F/in                  ; short         ; -                   ; open           ; open             ; open   ; 0 in             ; 0 H/in                 ; 0 F/in                 ; short        ; open          ; open            ; open  ; 0 V                 ; -                  ; n/a           ; n/a             ; n/a         ;
; x[1]          ; 2.5 V        ; 0 in              ; 0 H/in                  ; 0 F/in                  ; short         ; -                   ; open           ; open             ; open   ; 0 in             ; 0 H/in                 ; 0 F/in                 ; short        ; open          ; open            ; open  ; 0 V                 ; -                  ; n/a           ; n/a             ; n/a         ;
; x[2]          ; 2.5 V        ; 0 in              ; 0 H/in                  ; 0 F/in                  ; short         ; -                   ; open           ; open             ; open   ; 0 in             ; 0 H/in                 ; 0 F/in                 ; short        ; open          ; open            ; open  ; 0 V                 ; -                  ; n/a           ; n/a             ; n/a         ;
; y[0]          ; 2.5 V        ; 0 in              ; 0 H/in                  ; 0 F/in                  ; short         ; -                   ; open           ; open             ; open   ; 0 in             ; 0 H/in                 ; 0 F/in                 ; short        ; open          ; open            ; open  ; 0 V                 ; -                  ; n/a           ; n/a             ; n/a         ;
; y[1]          ; 2.5 V        ; 0 in              ; 0 H/in                  ; 0 F/in                  ; short         ; -                   ; open           ; open             ; open   ; 0 in             ; 0 H/in                 ; 0 F/in                 ; short        ; open          ; open            ; open  ; 0 V                 ; -                  ; n/a           ; n/a             ; n/a         ;
; y[2]          ; 2.5 V        ; 0 in              ; 0 H/in                  ; 0 F/in                  ; short         ; -                   ; open           ; open             ; open   ; 0 in             ; 0 H/in                 ; 0 F/in                 ; short        ; open          ; open            ; open  ; 0 V                 ; -                  ; n/a           ; n/a             ; n/a         ;
; act_mac       ; 2.5 V        ; 0 in              ; 0 H/in                  ; 0 F/in                  ; short         ; -                   ; open           ; open             ; open   ; 0 in             ; 0 H/in                 ; 0 F/in                 ; short        ; open          ; open            ; open  ; 0 V                 ; -                  ; n/a           ; n/a             ; n/a         ;
; rd_en         ; 2.5 V        ; 0 in              ; 0 H/in                  ; 0 F/in                  ; short         ; -                   ; open           ; open             ; open   ; 0 in             ; 0 H/in                 ; 0 F/in                 ; short        ; open          ; open            ; open  ; 0 V                 ; -                  ; n/a           ; n/a             ; n/a         ;
; address[0]    ; 2.5 V        ; 0 in              ; 0 H/in                  ; 0 F/in                  ; short         ; -                   ; open           ; open             ; open   ; 0 in             ; 0 H/in                 ; 0 F/in                 ; short        ; open          ; open            ; open  ; 0 V                 ; -                  ; n/a           ; n/a             ; n/a         ;
; address[1]    ; 2.5 V        ; 0 in              ; 0 H/in                  ; 0 F/in                  ; short         ; -                   ; open           ; open             ; open   ; 0 in             ; 0 H/in                 ; 0 F/in                 ; short        ; open          ; open            ; open  ; 0 V                 ; -                  ; n/a           ; n/a             ; n/a         ;
; address[2]    ; 2.5 V        ; 0 in              ; 0 H/in                  ; 0 F/in                  ; short         ; -                   ; open           ; open             ; open   ; 0 in             ; 0 H/in                 ; 0 F/in                 ; short        ; open          ; open            ; open  ; 0 V                 ; -                  ; n/a           ; n/a             ; n/a         ;
; address[3]    ; 2.5 V        ; 0 in              ; 0 H/in                  ; 0 F/in                  ; short         ; -                   ; open           ; open             ; open   ; 0 in             ; 0 H/in                 ; 0 F/in                 ; short        ; open          ; open            ; open  ; 0 V                 ; -                  ; n/a           ; n/a             ; n/a         ;
; address[4]    ; 2.5 V        ; 0 in              ; 0 H/in                  ; 0 F/in                  ; short         ; -                   ; open           ; open             ; open   ; 0 in             ; 0 H/in                 ; 0 F/in                 ; short        ; open          ; open            ; open  ; 0 V                 ; -                  ; n/a           ; n/a             ; n/a         ;
; address[5]    ; 2.5 V        ; 0 in              ; 0 H/in                  ; 0 F/in                  ; short         ; -                   ; open           ; open             ; open   ; 0 in             ; 0 H/in                 ; 0 F/in                 ; short        ; open          ; open            ; open  ; 0 V                 ; -                  ; n/a           ; n/a             ; n/a         ;
; rst_out       ; 2.5 V        ; 0 in              ; 0 H/in                  ; 0 F/in                  ; short         ; -                   ; open           ; open             ; open   ; 0 in             ; 0 H/in                 ; 0 F/in                 ; short        ; open          ; open            ; open  ; 0 V                 ; -                  ; n/a           ; n/a             ; n/a         ;
; ~ALTERA_DCLK~ ; 2.5 V        ; 0 in              ; 0 H/in                  ; 0 F/in                  ; short         ; -                   ; open           ; open             ; open   ; 0 in             ; 0 H/in                 ; 0 F/in                 ; short        ; open          ; open            ; open  ; 0 V                 ; -                  ; n/a           ; n/a             ; n/a         ;
; ~ALTERA_nCEO~ ; 2.5 V        ; 0 in              ; 0 H/in                  ; 0 F/in                  ; short         ; -                   ; open           ; open             ; open   ; 0 in             ; 0 H/in                 ; 0 F/in                 ; short        ; open          ; open            ; open  ; 0 V                 ; -                  ; n/a           ; n/a             ; n/a         ;
+---------------+--------------+-------------------+-------------------------+-------------------------+---------------+---------------------+----------------+------------------+--------+------------------+------------------------+------------------------+--------------+---------------+-----------------+-------+---------------------+--------------------+---------------+-----------------+-------------+


+----------------------------------------------------------------------------+
; Input Transition Times                                                     ;
+-------------------------+--------------+-----------------+-----------------+
; Pin                     ; I/O Standard ; 10-90 Rise Time ; 90-10 Fall Time ;
+-------------------------+--------------+-----------------+-----------------+
; clk                     ; 2.5 V        ; 2000 ps         ; 2000 ps         ;
; rst_in                  ; 2.5 V        ; 2000 ps         ; 2000 ps         ;
; start                   ; 2.5 V        ; 2000 ps         ; 2000 ps         ;
; ~ALTERA_ASDO_DATA1~     ; 2.5 V        ; 2000 ps         ; 2000 ps         ;
; ~ALTERA_FLASH_nCE_nCSO~ ; 2.5 V        ; 2000 ps         ; 2000 ps         ;
; ~ALTERA_DATA0~          ; 2.5 V        ; 2000 ps         ; 2000 ps         ;
+-------------------------+--------------+-----------------+-----------------+


+--------------------------------------------------------------------------------------------------------------------------------------------------------------------------------------------------------------------------------------------------------------------------------------------------------------------------------------------------------------------------------------------------------------------------------------------------------------------------------------------------------------------------------------------------------------------------------------------------------------------------------------------------------------------------------------------+
; Signal Integrity Metrics (Slow 1200mv 0c Model)                                                                                                                                                                                                                                                                                                                                                                                                                                                                                                                                                                                                                                            ;
+---------------+--------------+---------------------+---------------------+------------------------------+------------------------------+---------------------+---------------------+--------------------------------------+--------------------------------------+-----------------------------+-----------------------------+----------------------------+----------------------------+-----------------------------+-----------------------------+--------------------+--------------------+-------------------------------------+-------------------------------------+----------------------------+----------------------------+---------------------------+---------------------------+
; Pin           ; I/O Standard ; Board Delay on Rise ; Board Delay on Fall ; Steady State Voh at FPGA Pin ; Steady State Vol at FPGA Pin ; Voh Max at FPGA Pin ; Vol Min at FPGA Pin ; Ringback Voltage on Rise at FPGA Pin ; Ringback Voltage on Fall at FPGA Pin ; 10-90 Rise Time at FPGA Pin ; 90-10 Fall Time at FPGA Pin ; Monotonic Rise at FPGA Pin ; Monotonic Fall at FPGA Pin ; Steady State Voh at Far-end ; Steady State Vol at Far-end ; Voh Max at Far-end ; Vol Min at Far-end ; Ringback Voltage on Rise at Far-end ; Ringback Voltage on Fall at Far-end ; 10-90 Rise Time at Far-end ; 90-10 Fall Time at Far-end ; Monotonic Rise at Far-end ; Monotonic Fall at Far-end ;
+---------------+--------------+---------------------+---------------------+------------------------------+------------------------------+---------------------+---------------------+--------------------------------------+--------------------------------------+-----------------------------+-----------------------------+----------------------------+----------------------------+-----------------------------+-----------------------------+--------------------+--------------------+-------------------------------------+-------------------------------------+----------------------------+----------------------------+---------------------------+---------------------------+
; ready         ; 2.5 V        ; 0 s                 ; 0 s                 ; 2.32 V                       ; 3.07e-09 V                   ; 2.37 V              ; -0.00994 V          ; 0.186 V                              ; 0.028 V                              ; 4.98e-10 s                  ; 4.96e-10 s                  ; Yes                        ; Yes                        ; 2.32 V                      ; 3.07e-09 V                  ; 2.37 V             ; -0.00994 V         ; 0.186 V                             ; 0.028 V                             ; 4.98e-10 s                 ; 4.96e-10 s                 ; Yes                       ; Yes                       ;
; u[0]          ; 2.5 V        ; 0 s                 ; 0 s                 ; 2.32 V                       ; 3.07e-09 V                   ; 2.37 V              ; -0.00994 V          ; 0.186 V                              ; 0.028 V                              ; 4.98e-10 s                  ; 4.96e-10 s                  ; Yes                        ; Yes                        ; 2.32 V                      ; 3.07e-09 V                  ; 2.37 V             ; -0.00994 V         ; 0.186 V                             ; 0.028 V                             ; 4.98e-10 s                 ; 4.96e-10 s                 ; Yes                       ; Yes                       ;
; u[1]          ; 2.5 V        ; 0 s                 ; 0 s                 ; 2.32 V                       ; 3.07e-09 V                   ; 2.37 V              ; -0.00994 V          ; 0.186 V                              ; 0.028 V                              ; 4.98e-10 s                  ; 4.96e-10 s                  ; Yes                        ; Yes                        ; 2.32 V                      ; 3.07e-09 V                  ; 2.37 V             ; -0.00994 V         ; 0.186 V                             ; 0.028 V                             ; 4.98e-10 s                 ; 4.96e-10 s                 ; Yes                       ; Yes                       ;
; u[2]          ; 2.5 V        ; 0 s                 ; 0 s                 ; 2.32 V                       ; 3.07e-09 V                   ; 2.37 V              ; -0.00994 V          ; 0.186 V                              ; 0.028 V                              ; 4.98e-10 s                  ; 4.96e-10 s                  ; Yes                        ; Yes                        ; 2.32 V                      ; 3.07e-09 V                  ; 2.37 V             ; -0.00994 V         ; 0.186 V                             ; 0.028 V                             ; 4.98e-10 s                 ; 4.96e-10 s                 ; Yes                       ; Yes                       ;
; v[0]          ; 2.5 V        ; 0 s                 ; 0 s                 ; 2.32 V                       ; 3.07e-09 V                   ; 2.38 V              ; -0.0144 V           ; 0.227 V                              ; 0.024 V                              ; 3.14e-10 s                  ; 3.39e-10 s                  ; Yes                        ; Yes                        ; 2.32 V                      ; 3.07e-09 V                  ; 2.38 V             ; -0.0144 V          ; 0.227 V                             ; 0.024 V                             ; 3.14e-10 s                 ; 3.39e-10 s                 ; Yes                       ; Yes                       ;
; v[1]          ; 2.5 V        ; 0 s                 ; 0 s                 ; 2.32 V                       ; 3.07e-09 V                   ; 2.37 V              ; -0.00994 V          ; 0.186 V                              ; 0.028 V                              ; 4.98e-10 s                  ; 4.96e-10 s                  ; Yes                        ; Yes                        ; 2.32 V                      ; 3.07e-09 V                  ; 2.37 V             ; -0.00994 V         ; 0.186 V                             ; 0.028 V                             ; 4.98e-10 s                 ; 4.96e-10 s                 ; Yes                       ; Yes                       ;
; v[2]          ; 2.5 V        ; 0 s                 ; 0 s                 ; 2.32 V                       ; 3.07e-09 V                   ; 2.37 V              ; -0.00994 V          ; 0.186 V                              ; 0.028 V                              ; 4.98e-10 s                  ; 4.96e-10 s                  ; Yes                        ; Yes                        ; 2.32 V                      ; 3.07e-09 V                  ; 2.37 V             ; -0.00994 V         ; 0.186 V                             ; 0.028 V                             ; 4.98e-10 s                 ; 4.96e-10 s                 ; Yes                       ; Yes                       ;
; x[0]          ; 2.5 V        ; 0 s                 ; 0 s                 ; 2.32 V                       ; 3.07e-09 V                   ; 2.37 V              ; -0.00994 V          ; 0.186 V                              ; 0.028 V                              ; 4.98e-10 s                  ; 4.96e-10 s                  ; Yes                        ; Yes                        ; 2.32 V                      ; 3.07e-09 V                  ; 2.37 V             ; -0.00994 V         ; 0.186 V                             ; 0.028 V                             ; 4.98e-10 s                 ; 4.96e-10 s                 ; Yes                       ; Yes                       ;
; x[1]          ; 2.5 V        ; 0 s                 ; 0 s                 ; 2.32 V                       ; 3.07e-09 V                   ; 2.37 V              ; -0.00994 V          ; 0.186 V                              ; 0.028 V                              ; 4.98e-10 s                  ; 4.96e-10 s                  ; Yes                        ; Yes                        ; 2.32 V                      ; 3.07e-09 V                  ; 2.37 V             ; -0.00994 V         ; 0.186 V                             ; 0.028 V                             ; 4.98e-10 s                 ; 4.96e-10 s                 ; Yes                       ; Yes                       ;
; x[2]          ; 2.5 V        ; 0 s                 ; 0 s                 ; 2.32 V                       ; 3.07e-09 V                   ; 2.37 V              ; -0.00994 V          ; 0.186 V                              ; 0.028 V                              ; 4.98e-10 s                  ; 4.96e-10 s                  ; Yes                        ; Yes                        ; 2.32 V                      ; 3.07e-09 V                  ; 2.37 V             ; -0.00994 V         ; 0.186 V                             ; 0.028 V                             ; 4.98e-10 s                 ; 4.96e-10 s                 ; Yes                       ; Yes                       ;
; y[0]          ; 2.5 V        ; 0 s                 ; 0 s                 ; 2.32 V                       ; 3.07e-09 V                   ; 2.37 V              ; -0.00994 V          ; 0.186 V                              ; 0.028 V                              ; 4.98e-10 s                  ; 4.96e-10 s                  ; Yes                        ; Yes                        ; 2.32 V                      ; 3.07e-09 V                  ; 2.37 V             ; -0.00994 V         ; 0.186 V                             ; 0.028 V                             ; 4.98e-10 s                 ; 4.96e-10 s                 ; Yes                       ; Yes                       ;
; y[1]          ; 2.5 V        ; 0 s                 ; 0 s                 ; 2.32 V                       ; 3.07e-09 V                   ; 2.37 V              ; -0.00994 V          ; 0.186 V                              ; 0.028 V                              ; 4.98e-10 s                  ; 4.96e-10 s                  ; Yes                        ; Yes                        ; 2.32 V                      ; 3.07e-09 V                  ; 2.37 V             ; -0.00994 V         ; 0.186 V                             ; 0.028 V                             ; 4.98e-10 s                 ; 4.96e-10 s                 ; Yes                       ; Yes                       ;
; y[2]          ; 2.5 V        ; 0 s                 ; 0 s                 ; 2.32 V                       ; 3.07e-09 V                   ; 2.37 V              ; -0.00994 V          ; 0.186 V                              ; 0.028 V                              ; 4.98e-10 s                  ; 4.96e-10 s                  ; Yes                        ; Yes                        ; 2.32 V                      ; 3.07e-09 V                  ; 2.37 V             ; -0.00994 V         ; 0.186 V                             ; 0.028 V                             ; 4.98e-10 s                 ; 4.96e-10 s                 ; Yes                       ; Yes                       ;
; act_mac       ; 2.5 V        ; 0 s                 ; 0 s                 ; 2.32 V                       ; 3.07e-09 V                   ; 2.37 V              ; -0.00994 V          ; 0.186 V                              ; 0.028 V                              ; 4.98e-10 s                  ; 4.96e-10 s                  ; Yes                        ; Yes                        ; 2.32 V                      ; 3.07e-09 V                  ; 2.37 V             ; -0.00994 V         ; 0.186 V                             ; 0.028 V                             ; 4.98e-10 s                 ; 4.96e-10 s                 ; Yes                       ; Yes                       ;
; rd_en         ; 2.5 V        ; 0 s                 ; 0 s                 ; 2.32 V                       ; 3.07e-09 V                   ; 2.37 V              ; -0.00994 V          ; 0.186 V                              ; 0.028 V                              ; 4.98e-10 s                  ; 4.96e-10 s                  ; Yes                        ; Yes                        ; 2.32 V                      ; 3.07e-09 V                  ; 2.37 V             ; -0.00994 V         ; 0.186 V                             ; 0.028 V                             ; 4.98e-10 s                 ; 4.96e-10 s                 ; Yes                       ; Yes                       ;
; address[0]    ; 2.5 V        ; 0 s                 ; 0 s                 ; 2.32 V                       ; 3.07e-09 V                   ; 2.38 V              ; -0.0144 V           ; 0.227 V                              ; 0.024 V                              ; 3.14e-10 s                  ; 3.39e-10 s                  ; Yes                        ; Yes                        ; 2.32 V                      ; 3.07e-09 V                  ; 2.38 V             ; -0.0144 V          ; 0.227 V                             ; 0.024 V                             ; 3.14e-10 s                 ; 3.39e-10 s                 ; Yes                       ; Yes                       ;
; address[1]    ; 2.5 V        ; 0 s                 ; 0 s                 ; 2.32 V                       ; 3.07e-09 V                   ; 2.37 V              ; -0.00994 V          ; 0.186 V                              ; 0.028 V                              ; 4.98e-10 s                  ; 4.96e-10 s                  ; Yes                        ; Yes                        ; 2.32 V                      ; 3.07e-09 V                  ; 2.37 V             ; -0.00994 V         ; 0.186 V                             ; 0.028 V                             ; 4.98e-10 s                 ; 4.96e-10 s                 ; Yes                       ; Yes                       ;
; address[2]    ; 2.5 V        ; 0 s                 ; 0 s                 ; 2.32 V                       ; 3.07e-09 V                   ; 2.37 V              ; -0.00994 V          ; 0.186 V                              ; 0.028 V                              ; 4.98e-10 s                  ; 4.96e-10 s                  ; Yes                        ; Yes                        ; 2.32 V                      ; 3.07e-09 V                  ; 2.37 V             ; -0.00994 V         ; 0.186 V                             ; 0.028 V                             ; 4.98e-10 s                 ; 4.96e-10 s                 ; Yes                       ; Yes                       ;
; address[3]    ; 2.5 V        ; 0 s                 ; 0 s                 ; 2.32 V                       ; 3.07e-09 V                   ; 2.37 V              ; -0.00994 V          ; 0.186 V                              ; 0.028 V                              ; 4.98e-10 s                  ; 4.96e-10 s                  ; Yes                        ; Yes                        ; 2.32 V                      ; 3.07e-09 V                  ; 2.37 V             ; -0.00994 V         ; 0.186 V                             ; 0.028 V                             ; 4.98e-10 s                 ; 4.96e-10 s                 ; Yes                       ; Yes                       ;
; address[4]    ; 2.5 V        ; 0 s                 ; 0 s                 ; 2.32 V                       ; 3.07e-09 V                   ; 2.37 V              ; -0.00994 V          ; 0.186 V                              ; 0.028 V                              ; 4.98e-10 s                  ; 4.96e-10 s                  ; Yes                        ; Yes                        ; 2.32 V                      ; 3.07e-09 V                  ; 2.37 V             ; -0.00994 V         ; 0.186 V                             ; 0.028 V                             ; 4.98e-10 s                 ; 4.96e-10 s                 ; Yes                       ; Yes                       ;
; address[5]    ; 2.5 V        ; 0 s                 ; 0 s                 ; 2.32 V                       ; 3.07e-09 V                   ; 2.37 V              ; -0.00994 V          ; 0.186 V                              ; 0.028 V                              ; 4.98e-10 s                  ; 4.96e-10 s                  ; Yes                        ; Yes                        ; 2.32 V                      ; 3.07e-09 V                  ; 2.37 V             ; -0.00994 V         ; 0.186 V                             ; 0.028 V                             ; 4.98e-10 s                 ; 4.96e-10 s                 ; Yes                       ; Yes                       ;
; rst_out       ; 2.5 V        ; 0 s                 ; 0 s                 ; 2.32 V                       ; 3.07e-09 V                   ; 2.37 V              ; -0.00994 V          ; 0.186 V                              ; 0.028 V                              ; 4.98e-10 s                  ; 4.96e-10 s                  ; Yes                        ; Yes                        ; 2.32 V                      ; 3.07e-09 V                  ; 2.37 V             ; -0.00994 V         ; 0.186 V                             ; 0.028 V                             ; 4.98e-10 s                 ; 4.96e-10 s                 ; Yes                       ; Yes                       ;
; ~ALTERA_DCLK~ ; 2.5 V        ; 0 s                 ; 0 s                 ; 2.32 V                       ; 2.67e-09 V                   ; 2.38 V              ; -0.0485 V           ; 0.167 V                              ; 0.096 V                              ; 2.95e-10 s                  ; 2.73e-10 s                  ; Yes                        ; Yes                        ; 2.32 V                      ; 2.67e-09 V                  ; 2.38 V             ; -0.0485 V          ; 0.167 V                             ; 0.096 V                             ; 2.95e-10 s                 ; 2.73e-10 s                 ; Yes                       ; Yes                       ;
; ~ALTERA_nCEO~ ; 2.5 V        ; 0 s                 ; 0 s                 ; 2.32 V                       ; 4.18e-09 V                   ; 2.38 V              ; -0.00483 V          ; 0.152 V                              ; 0.012 V                              ; 4.81e-10 s                  ; 6.29e-10 s                  ; Yes                        ; Yes                        ; 2.32 V                      ; 4.18e-09 V                  ; 2.38 V             ; -0.00483 V         ; 0.152 V                             ; 0.012 V                             ; 4.81e-10 s                 ; 6.29e-10 s                 ; Yes                       ; Yes                       ;
+---------------+--------------+---------------------+---------------------+------------------------------+------------------------------+---------------------+---------------------+--------------------------------------+--------------------------------------+-----------------------------+-----------------------------+----------------------------+----------------------------+-----------------------------+-----------------------------+--------------------+--------------------+-------------------------------------+-------------------------------------+----------------------------+----------------------------+---------------------------+---------------------------+


+--------------------------------------------------------------------------------------------------------------------------------------------------------------------------------------------------------------------------------------------------------------------------------------------------------------------------------------------------------------------------------------------------------------------------------------------------------------------------------------------------------------------------------------------------------------------------------------------------------------------------------------------------------------------------------------------+
; Signal Integrity Metrics (Slow 1200mv 85c Model)                                                                                                                                                                                                                                                                                                                                                                                                                                                                                                                                                                                                                                           ;
+---------------+--------------+---------------------+---------------------+------------------------------+------------------------------+---------------------+---------------------+--------------------------------------+--------------------------------------+-----------------------------+-----------------------------+----------------------------+----------------------------+-----------------------------+-----------------------------+--------------------+--------------------+-------------------------------------+-------------------------------------+----------------------------+----------------------------+---------------------------+---------------------------+
; Pin           ; I/O Standard ; Board Delay on Rise ; Board Delay on Fall ; Steady State Voh at FPGA Pin ; Steady State Vol at FPGA Pin ; Voh Max at FPGA Pin ; Vol Min at FPGA Pin ; Ringback Voltage on Rise at FPGA Pin ; Ringback Voltage on Fall at FPGA Pin ; 10-90 Rise Time at FPGA Pin ; 90-10 Fall Time at FPGA Pin ; Monotonic Rise at FPGA Pin ; Monotonic Fall at FPGA Pin ; Steady State Voh at Far-end ; Steady State Vol at Far-end ; Voh Max at Far-end ; Vol Min at Far-end ; Ringback Voltage on Rise at Far-end ; Ringback Voltage on Fall at Far-end ; 10-90 Rise Time at Far-end ; 90-10 Fall Time at Far-end ; Monotonic Rise at Far-end ; Monotonic Fall at Far-end ;
+---------------+--------------+---------------------+---------------------+------------------------------+------------------------------+---------------------+---------------------+--------------------------------------+--------------------------------------+-----------------------------+-----------------------------+----------------------------+----------------------------+-----------------------------+-----------------------------+--------------------+--------------------+-------------------------------------+-------------------------------------+----------------------------+----------------------------+---------------------------+---------------------------+
; ready         ; 2.5 V        ; 0 s                 ; 0 s                 ; 2.32 V                       ; 4.67e-07 V                   ; 2.35 V              ; -0.00942 V          ; 0.116 V                              ; 0.033 V                              ; 6.66e-10 s                  ; 6.27e-10 s                  ; Yes                        ; Yes                        ; 2.32 V                      ; 4.67e-07 V                  ; 2.35 V             ; -0.00942 V         ; 0.116 V                             ; 0.033 V                             ; 6.66e-10 s                 ; 6.27e-10 s                 ; Yes                       ; Yes                       ;
; u[0]          ; 2.5 V        ; 0 s                 ; 0 s                 ; 2.32 V                       ; 4.67e-07 V                   ; 2.35 V              ; -0.00942 V          ; 0.116 V                              ; 0.033 V                              ; 6.66e-10 s                  ; 6.27e-10 s                  ; Yes                        ; Yes                        ; 2.32 V                      ; 4.67e-07 V                  ; 2.35 V             ; -0.00942 V         ; 0.116 V                             ; 0.033 V                             ; 6.66e-10 s                 ; 6.27e-10 s                 ; Yes                       ; Yes                       ;
; u[1]          ; 2.5 V        ; 0 s                 ; 0 s                 ; 2.32 V                       ; 4.67e-07 V                   ; 2.35 V              ; -0.00942 V          ; 0.116 V                              ; 0.033 V                              ; 6.66e-10 s                  ; 6.27e-10 s                  ; Yes                        ; Yes                        ; 2.32 V                      ; 4.67e-07 V                  ; 2.35 V             ; -0.00942 V         ; 0.116 V                             ; 0.033 V                             ; 6.66e-10 s                 ; 6.27e-10 s                 ; Yes                       ; Yes                       ;
; u[2]          ; 2.5 V        ; 0 s                 ; 0 s                 ; 2.32 V                       ; 4.67e-07 V                   ; 2.35 V              ; -0.00942 V          ; 0.116 V                              ; 0.033 V                              ; 6.66e-10 s                  ; 6.27e-10 s                  ; Yes                        ; Yes                        ; 2.32 V                      ; 4.67e-07 V                  ; 2.35 V             ; -0.00942 V         ; 0.116 V                             ; 0.033 V                             ; 6.66e-10 s                 ; 6.27e-10 s                 ; Yes                       ; Yes                       ;
; v[0]          ; 2.5 V        ; 0 s                 ; 0 s                 ; 2.32 V                       ; 4.67e-07 V                   ; 2.36 V              ; -0.00552 V          ; 0.11 V                               ; 0.007 V                              ; 4.54e-10 s                  ; 4.35e-10 s                  ; Yes                        ; Yes                        ; 2.32 V                      ; 4.67e-07 V                  ; 2.36 V             ; -0.00552 V         ; 0.11 V                              ; 0.007 V                             ; 4.54e-10 s                 ; 4.35e-10 s                 ; Yes                       ; Yes                       ;
; v[1]          ; 2.5 V        ; 0 s                 ; 0 s                 ; 2.32 V                       ; 4.67e-07 V                   ; 2.35 V              ; -0.00942 V          ; 0.116 V                              ; 0.033 V                              ; 6.66e-10 s                  ; 6.27e-10 s                  ; Yes                        ; Yes                        ; 2.32 V                      ; 4.67e-07 V                  ; 2.35 V             ; -0.00942 V         ; 0.116 V                             ; 0.033 V                             ; 6.66e-10 s                 ; 6.27e-10 s                 ; Yes                       ; Yes                       ;
; v[2]          ; 2.5 V        ; 0 s                 ; 0 s                 ; 2.32 V                       ; 4.67e-07 V                   ; 2.35 V              ; -0.00942 V          ; 0.116 V                              ; 0.033 V                              ; 6.66e-10 s                  ; 6.27e-10 s                  ; Yes                        ; Yes                        ; 2.32 V                      ; 4.67e-07 V                  ; 2.35 V             ; -0.00942 V         ; 0.116 V                             ; 0.033 V                             ; 6.66e-10 s                 ; 6.27e-10 s                 ; Yes                       ; Yes                       ;
; x[0]          ; 2.5 V        ; 0 s                 ; 0 s                 ; 2.32 V                       ; 4.67e-07 V                   ; 2.35 V              ; -0.00942 V          ; 0.116 V                              ; 0.033 V                              ; 6.66e-10 s                  ; 6.27e-10 s                  ; Yes                        ; Yes                        ; 2.32 V                      ; 4.67e-07 V                  ; 2.35 V             ; -0.00942 V         ; 0.116 V                             ; 0.033 V                             ; 6.66e-10 s                 ; 6.27e-10 s                 ; Yes                       ; Yes                       ;
; x[1]          ; 2.5 V        ; 0 s                 ; 0 s                 ; 2.32 V                       ; 4.67e-07 V                   ; 2.35 V              ; -0.00942 V          ; 0.116 V                              ; 0.033 V                              ; 6.66e-10 s                  ; 6.27e-10 s                  ; Yes                        ; Yes                        ; 2.32 V                      ; 4.67e-07 V                  ; 2.35 V             ; -0.00942 V         ; 0.116 V                             ; 0.033 V                             ; 6.66e-10 s                 ; 6.27e-10 s                 ; Yes                       ; Yes                       ;
; x[2]          ; 2.5 V        ; 0 s                 ; 0 s                 ; 2.32 V                       ; 4.67e-07 V                   ; 2.35 V              ; -0.00942 V          ; 0.116 V                              ; 0.033 V                              ; 6.66e-10 s                  ; 6.27e-10 s                  ; Yes                        ; Yes                        ; 2.32 V                      ; 4.67e-07 V                  ; 2.35 V             ; -0.00942 V         ; 0.116 V                             ; 0.033 V                             ; 6.66e-10 s                 ; 6.27e-10 s                 ; Yes                       ; Yes                       ;
; y[0]          ; 2.5 V        ; 0 s                 ; 0 s                 ; 2.32 V                       ; 4.67e-07 V                   ; 2.35 V              ; -0.00942 V          ; 0.116 V                              ; 0.033 V                              ; 6.66e-10 s                  ; 6.27e-10 s                  ; Yes                        ; Yes                        ; 2.32 V                      ; 4.67e-07 V                  ; 2.35 V             ; -0.00942 V         ; 0.116 V                             ; 0.033 V                             ; 6.66e-10 s                 ; 6.27e-10 s                 ; Yes                       ; Yes                       ;
; y[1]          ; 2.5 V        ; 0 s                 ; 0 s                 ; 2.32 V                       ; 4.67e-07 V                   ; 2.35 V              ; -0.00942 V          ; 0.116 V                              ; 0.033 V                              ; 6.66e-10 s                  ; 6.27e-10 s                  ; Yes                        ; Yes                        ; 2.32 V                      ; 4.67e-07 V                  ; 2.35 V             ; -0.00942 V         ; 0.116 V                             ; 0.033 V                             ; 6.66e-10 s                 ; 6.27e-10 s                 ; Yes                       ; Yes                       ;
; y[2]          ; 2.5 V        ; 0 s                 ; 0 s                 ; 2.32 V                       ; 4.67e-07 V                   ; 2.35 V              ; -0.00942 V          ; 0.116 V                              ; 0.033 V                              ; 6.66e-10 s                  ; 6.27e-10 s                  ; Yes                        ; Yes                        ; 2.32 V                      ; 4.67e-07 V                  ; 2.35 V             ; -0.00942 V         ; 0.116 V                             ; 0.033 V                             ; 6.66e-10 s                 ; 6.27e-10 s                 ; Yes                       ; Yes                       ;
; act_mac       ; 2.5 V        ; 0 s                 ; 0 s                 ; 2.32 V                       ; 4.67e-07 V                   ; 2.35 V              ; -0.00942 V          ; 0.116 V                              ; 0.033 V                              ; 6.66e-10 s                  ; 6.27e-10 s                  ; Yes                        ; Yes                        ; 2.32 V                      ; 4.67e-07 V                  ; 2.35 V             ; -0.00942 V         ; 0.116 V                             ; 0.033 V                             ; 6.66e-10 s                 ; 6.27e-10 s                 ; Yes                       ; Yes                       ;
; rd_en         ; 2.5 V        ; 0 s                 ; 0 s                 ; 2.32 V                       ; 4.67e-07 V                   ; 2.35 V              ; -0.00942 V          ; 0.116 V                              ; 0.033 V                              ; 6.66e-10 s                  ; 6.27e-10 s                  ; Yes                        ; Yes                        ; 2.32 V                      ; 4.67e-07 V                  ; 2.35 V             ; -0.00942 V         ; 0.116 V                             ; 0.033 V                             ; 6.66e-10 s                 ; 6.27e-10 s                 ; Yes                       ; Yes                       ;
; address[0]    ; 2.5 V        ; 0 s                 ; 0 s                 ; 2.32 V                       ; 4.67e-07 V                   ; 2.36 V              ; -0.00552 V          ; 0.11 V                               ; 0.007 V                              ; 4.54e-10 s                  ; 4.35e-10 s                  ; Yes                        ; Yes                        ; 2.32 V                      ; 4.67e-07 V                  ; 2.36 V             ; -0.00552 V         ; 0.11 V                              ; 0.007 V                             ; 4.54e-10 s                 ; 4.35e-10 s                 ; Yes                       ; Yes                       ;
; address[1]    ; 2.5 V        ; 0 s                 ; 0 s                 ; 2.32 V                       ; 4.67e-07 V                   ; 2.35 V              ; -0.00942 V          ; 0.116 V                              ; 0.033 V                              ; 6.66e-10 s                  ; 6.27e-10 s                  ; Yes                        ; Yes                        ; 2.32 V                      ; 4.67e-07 V                  ; 2.35 V             ; -0.00942 V         ; 0.116 V                             ; 0.033 V                             ; 6.66e-10 s                 ; 6.27e-10 s                 ; Yes                       ; Yes                       ;
; address[2]    ; 2.5 V        ; 0 s                 ; 0 s                 ; 2.32 V                       ; 4.67e-07 V                   ; 2.35 V              ; -0.00942 V          ; 0.116 V                              ; 0.033 V                              ; 6.66e-10 s                  ; 6.27e-10 s                  ; Yes                        ; Yes                        ; 2.32 V                      ; 4.67e-07 V                  ; 2.35 V             ; -0.00942 V         ; 0.116 V                             ; 0.033 V                             ; 6.66e-10 s                 ; 6.27e-10 s                 ; Yes                       ; Yes                       ;
; address[3]    ; 2.5 V        ; 0 s                 ; 0 s                 ; 2.32 V                       ; 4.67e-07 V                   ; 2.35 V              ; -0.00942 V          ; 0.116 V                              ; 0.033 V                              ; 6.66e-10 s                  ; 6.27e-10 s                  ; Yes                        ; Yes                        ; 2.32 V                      ; 4.67e-07 V                  ; 2.35 V             ; -0.00942 V         ; 0.116 V                             ; 0.033 V                             ; 6.66e-10 s                 ; 6.27e-10 s                 ; Yes                       ; Yes                       ;
; address[4]    ; 2.5 V        ; 0 s                 ; 0 s                 ; 2.32 V                       ; 4.67e-07 V                   ; 2.35 V              ; -0.00942 V          ; 0.116 V                              ; 0.033 V                              ; 6.66e-10 s                  ; 6.27e-10 s                  ; Yes                        ; Yes                        ; 2.32 V                      ; 4.67e-07 V                  ; 2.35 V             ; -0.00942 V         ; 0.116 V                             ; 0.033 V                             ; 6.66e-10 s                 ; 6.27e-10 s                 ; Yes                       ; Yes                       ;
; address[5]    ; 2.5 V        ; 0 s                 ; 0 s                 ; 2.32 V                       ; 4.67e-07 V                   ; 2.35 V              ; -0.00942 V          ; 0.116 V                              ; 0.033 V                              ; 6.66e-10 s                  ; 6.27e-10 s                  ; Yes                        ; Yes                        ; 2.32 V                      ; 4.67e-07 V                  ; 2.35 V             ; -0.00942 V         ; 0.116 V                             ; 0.033 V                             ; 6.66e-10 s                 ; 6.27e-10 s                 ; Yes                       ; Yes                       ;
; rst_out       ; 2.5 V        ; 0 s                 ; 0 s                 ; 2.32 V                       ; 4.67e-07 V                   ; 2.35 V              ; -0.00942 V          ; 0.116 V                              ; 0.033 V                              ; 6.66e-10 s                  ; 6.27e-10 s                  ; Yes                        ; Yes                        ; 2.32 V                      ; 4.67e-07 V                  ; 2.35 V             ; -0.00942 V         ; 0.116 V                             ; 0.033 V                             ; 6.66e-10 s                 ; 6.27e-10 s                 ; Yes                       ; Yes                       ;
; ~ALTERA_DCLK~ ; 2.5 V        ; 0 s                 ; 0 s                 ; 2.32 V                       ; 3.75e-07 V                   ; 2.35 V              ; -0.0109 V           ; 0.084 V                              ; 0.027 V                              ; 4.31e-10 s                  ; 3.61e-10 s                  ; Yes                        ; Yes                        ; 2.32 V                      ; 3.75e-07 V                  ; 2.35 V             ; -0.0109 V          ; 0.084 V                             ; 0.027 V                             ; 4.31e-10 s                 ; 3.61e-10 s                 ; Yes                       ; Yes                       ;
; ~ALTERA_nCEO~ ; 2.5 V        ; 0 s                 ; 0 s                 ; 2.32 V                       ; 6.15e-07 V                   ; 2.35 V              ; -0.00712 V          ; 0.093 V                              ; 0.02 V                               ; 6.21e-10 s                  ; 7.9e-10 s                   ; Yes                        ; Yes                        ; 2.32 V                      ; 6.15e-07 V                  ; 2.35 V             ; -0.00712 V         ; 0.093 V                             ; 0.02 V                              ; 6.21e-10 s                 ; 7.9e-10 s                  ; Yes                       ; Yes                       ;
+---------------+--------------+---------------------+---------------------+------------------------------+------------------------------+---------------------+---------------------+--------------------------------------+--------------------------------------+-----------------------------+-----------------------------+----------------------------+----------------------------+-----------------------------+-----------------------------+--------------------+--------------------+-------------------------------------+-------------------------------------+----------------------------+----------------------------+---------------------------+---------------------------+


+--------------------------------------------------------------------------------------------------------------------------------------------------------------------------------------------------------------------------------------------------------------------------------------------------------------------------------------------------------------------------------------------------------------------------------------------------------------------------------------------------------------------------------------------------------------------------------------------------------------------------------------------------------------------------------------------+
; Signal Integrity Metrics (Fast 1200mv 0c Model)                                                                                                                                                                                                                                                                                                                                                                                                                                                                                                                                                                                                                                            ;
+---------------+--------------+---------------------+---------------------+------------------------------+------------------------------+---------------------+---------------------+--------------------------------------+--------------------------------------+-----------------------------+-----------------------------+----------------------------+----------------------------+-----------------------------+-----------------------------+--------------------+--------------------+-------------------------------------+-------------------------------------+----------------------------+----------------------------+---------------------------+---------------------------+
; Pin           ; I/O Standard ; Board Delay on Rise ; Board Delay on Fall ; Steady State Voh at FPGA Pin ; Steady State Vol at FPGA Pin ; Voh Max at FPGA Pin ; Vol Min at FPGA Pin ; Ringback Voltage on Rise at FPGA Pin ; Ringback Voltage on Fall at FPGA Pin ; 10-90 Rise Time at FPGA Pin ; 90-10 Fall Time at FPGA Pin ; Monotonic Rise at FPGA Pin ; Monotonic Fall at FPGA Pin ; Steady State Voh at Far-end ; Steady State Vol at Far-end ; Voh Max at Far-end ; Vol Min at Far-end ; Ringback Voltage on Rise at Far-end ; Ringback Voltage on Fall at Far-end ; 10-90 Rise Time at Far-end ; 90-10 Fall Time at Far-end ; Monotonic Rise at Far-end ; Monotonic Fall at Far-end ;
+---------------+--------------+---------------------+---------------------+------------------------------+------------------------------+---------------------+---------------------+--------------------------------------+--------------------------------------+-----------------------------+-----------------------------+----------------------------+----------------------------+-----------------------------+-----------------------------+--------------------+--------------------+-------------------------------------+-------------------------------------+----------------------------+----------------------------+---------------------------+---------------------------+
; ready         ; 2.5 V        ; 0 s                 ; 0 s                 ; 2.62 V                       ; 2.74e-08 V                   ; 2.71 V              ; -0.0317 V           ; 0.148 V                              ; 0.064 V                              ; 4.51e-10 s                  ; 4.15e-10 s                  ; No                         ; Yes                        ; 2.62 V                      ; 2.74e-08 V                  ; 2.71 V             ; -0.0317 V          ; 0.148 V                             ; 0.064 V                             ; 4.51e-10 s                 ; 4.15e-10 s                 ; No                        ; Yes                       ;
; u[0]          ; 2.5 V        ; 0 s                 ; 0 s                 ; 2.62 V                       ; 2.74e-08 V                   ; 2.71 V              ; -0.0317 V           ; 0.148 V                              ; 0.064 V                              ; 4.51e-10 s                  ; 4.15e-10 s                  ; No                         ; Yes                        ; 2.62 V                      ; 2.74e-08 V                  ; 2.71 V             ; -0.0317 V          ; 0.148 V                             ; 0.064 V                             ; 4.51e-10 s                 ; 4.15e-10 s                 ; No                        ; Yes                       ;
; u[1]          ; 2.5 V        ; 0 s                 ; 0 s                 ; 2.62 V                       ; 2.74e-08 V                   ; 2.71 V              ; -0.0317 V           ; 0.148 V                              ; 0.064 V                              ; 4.51e-10 s                  ; 4.15e-10 s                  ; No                         ; Yes                        ; 2.62 V                      ; 2.74e-08 V                  ; 2.71 V             ; -0.0317 V          ; 0.148 V                             ; 0.064 V                             ; 4.51e-10 s                 ; 4.15e-10 s                 ; No                        ; Yes                       ;
; u[2]          ; 2.5 V        ; 0 s                 ; 0 s                 ; 2.62 V                       ; 2.74e-08 V                   ; 2.71 V              ; -0.0317 V           ; 0.148 V                              ; 0.064 V                              ; 4.51e-10 s                  ; 4.15e-10 s                  ; No                         ; Yes                        ; 2.62 V                      ; 2.74e-08 V                  ; 2.71 V             ; -0.0317 V          ; 0.148 V                             ; 0.064 V                             ; 4.51e-10 s                 ; 4.15e-10 s                 ; No                        ; Yes                       ;
; v[0]          ; 2.5 V        ; 0 s                 ; 0 s                 ; 2.62 V                       ; 2.74e-08 V                   ; 2.73 V              ; -0.0384 V           ; 0.169 V                              ; 0.089 V                              ; 2.7e-10 s                   ; 2.62e-10 s                  ; Yes                        ; Yes                        ; 2.62 V                      ; 2.74e-08 V                  ; 2.73 V             ; -0.0384 V          ; 0.169 V                             ; 0.089 V                             ; 2.7e-10 s                  ; 2.62e-10 s                 ; Yes                       ; Yes                       ;
; v[1]          ; 2.5 V        ; 0 s                 ; 0 s                 ; 2.62 V                       ; 2.74e-08 V                   ; 2.71 V              ; -0.0317 V           ; 0.148 V                              ; 0.064 V                              ; 4.51e-10 s                  ; 4.15e-10 s                  ; No                         ; Yes                        ; 2.62 V                      ; 2.74e-08 V                  ; 2.71 V             ; -0.0317 V          ; 0.148 V                             ; 0.064 V                             ; 4.51e-10 s                 ; 4.15e-10 s                 ; No                        ; Yes                       ;
; v[2]          ; 2.5 V        ; 0 s                 ; 0 s                 ; 2.62 V                       ; 2.74e-08 V                   ; 2.71 V              ; -0.0317 V           ; 0.148 V                              ; 0.064 V                              ; 4.51e-10 s                  ; 4.15e-10 s                  ; No                         ; Yes                        ; 2.62 V                      ; 2.74e-08 V                  ; 2.71 V             ; -0.0317 V          ; 0.148 V                             ; 0.064 V                             ; 4.51e-10 s                 ; 4.15e-10 s                 ; No                        ; Yes                       ;
; x[0]          ; 2.5 V        ; 0 s                 ; 0 s                 ; 2.62 V                       ; 2.74e-08 V                   ; 2.71 V              ; -0.0317 V           ; 0.148 V                              ; 0.064 V                              ; 4.51e-10 s                  ; 4.15e-10 s                  ; No                         ; Yes                        ; 2.62 V                      ; 2.74e-08 V                  ; 2.71 V             ; -0.0317 V          ; 0.148 V                             ; 0.064 V                             ; 4.51e-10 s                 ; 4.15e-10 s                 ; No                        ; Yes                       ;
; x[1]          ; 2.5 V        ; 0 s                 ; 0 s                 ; 2.62 V                       ; 2.74e-08 V                   ; 2.71 V              ; -0.0317 V           ; 0.148 V                              ; 0.064 V                              ; 4.51e-10 s                  ; 4.15e-10 s                  ; No                         ; Yes                        ; 2.62 V                      ; 2.74e-08 V                  ; 2.71 V             ; -0.0317 V          ; 0.148 V                             ; 0.064 V                             ; 4.51e-10 s                 ; 4.15e-10 s                 ; No                        ; Yes                       ;
; x[2]          ; 2.5 V        ; 0 s                 ; 0 s                 ; 2.62 V                       ; 2.74e-08 V                   ; 2.71 V              ; -0.0317 V           ; 0.148 V                              ; 0.064 V                              ; 4.51e-10 s                  ; 4.15e-10 s                  ; No                         ; Yes                        ; 2.62 V                      ; 2.74e-08 V                  ; 2.71 V             ; -0.0317 V          ; 0.148 V                             ; 0.064 V                             ; 4.51e-10 s                 ; 4.15e-10 s                 ; No                        ; Yes                       ;
; y[0]          ; 2.5 V        ; 0 s                 ; 0 s                 ; 2.62 V                       ; 2.74e-08 V                   ; 2.71 V              ; -0.0317 V           ; 0.148 V                              ; 0.064 V                              ; 4.51e-10 s                  ; 4.15e-10 s                  ; No                         ; Yes                        ; 2.62 V                      ; 2.74e-08 V                  ; 2.71 V             ; -0.0317 V          ; 0.148 V                             ; 0.064 V                             ; 4.51e-10 s                 ; 4.15e-10 s                 ; No                        ; Yes                       ;
; y[1]          ; 2.5 V        ; 0 s                 ; 0 s                 ; 2.62 V                       ; 2.74e-08 V                   ; 2.71 V              ; -0.0317 V           ; 0.148 V                              ; 0.064 V                              ; 4.51e-10 s                  ; 4.15e-10 s                  ; No                         ; Yes                        ; 2.62 V                      ; 2.74e-08 V                  ; 2.71 V             ; -0.0317 V          ; 0.148 V                             ; 0.064 V                             ; 4.51e-10 s                 ; 4.15e-10 s                 ; No                        ; Yes                       ;
; y[2]          ; 2.5 V        ; 0 s                 ; 0 s                 ; 2.62 V                       ; 2.74e-08 V                   ; 2.71 V              ; -0.0317 V           ; 0.148 V                              ; 0.064 V                              ; 4.51e-10 s                  ; 4.15e-10 s                  ; No                         ; Yes                        ; 2.62 V                      ; 2.74e-08 V                  ; 2.71 V             ; -0.0317 V          ; 0.148 V                             ; 0.064 V                             ; 4.51e-10 s                 ; 4.15e-10 s                 ; No                        ; Yes                       ;
; act_mac       ; 2.5 V        ; 0 s                 ; 0 s                 ; 2.62 V                       ; 2.74e-08 V                   ; 2.71 V              ; -0.0317 V           ; 0.148 V                              ; 0.064 V                              ; 4.51e-10 s                  ; 4.15e-10 s                  ; No                         ; Yes                        ; 2.62 V                      ; 2.74e-08 V                  ; 2.71 V             ; -0.0317 V          ; 0.148 V                             ; 0.064 V                             ; 4.51e-10 s                 ; 4.15e-10 s                 ; No                        ; Yes                       ;
; rd_en         ; 2.5 V        ; 0 s                 ; 0 s                 ; 2.62 V                       ; 2.74e-08 V                   ; 2.71 V              ; -0.0317 V           ; 0.148 V                              ; 0.064 V                              ; 4.51e-10 s                  ; 4.15e-10 s                  ; No                         ; Yes                        ; 2.62 V                      ; 2.74e-08 V                  ; 2.71 V             ; -0.0317 V          ; 0.148 V                             ; 0.064 V                             ; 4.51e-10 s                 ; 4.15e-10 s                 ; No                        ; Yes                       ;
; address[0]    ; 2.5 V        ; 0 s                 ; 0 s                 ; 2.62 V                       ; 2.74e-08 V                   ; 2.73 V              ; -0.0384 V           ; 0.169 V                              ; 0.089 V                              ; 2.7e-10 s                   ; 2.62e-10 s                  ; Yes                        ; Yes                        ; 2.62 V                      ; 2.74e-08 V                  ; 2.73 V             ; -0.0384 V          ; 0.169 V                             ; 0.089 V                             ; 2.7e-10 s                  ; 2.62e-10 s                 ; Yes                       ; Yes                       ;
; address[1]    ; 2.5 V        ; 0 s                 ; 0 s                 ; 2.62 V                       ; 2.74e-08 V                   ; 2.71 V              ; -0.0317 V           ; 0.148 V                              ; 0.064 V                              ; 4.51e-10 s                  ; 4.15e-10 s                  ; No                         ; Yes                        ; 2.62 V                      ; 2.74e-08 V                  ; 2.71 V             ; -0.0317 V          ; 0.148 V                             ; 0.064 V                             ; 4.51e-10 s                 ; 4.15e-10 s                 ; No                        ; Yes                       ;
; address[2]    ; 2.5 V        ; 0 s                 ; 0 s                 ; 2.62 V                       ; 2.74e-08 V                   ; 2.71 V              ; -0.0317 V           ; 0.148 V                              ; 0.064 V                              ; 4.51e-10 s                  ; 4.15e-10 s                  ; No                         ; Yes                        ; 2.62 V                      ; 2.74e-08 V                  ; 2.71 V             ; -0.0317 V          ; 0.148 V                             ; 0.064 V                             ; 4.51e-10 s                 ; 4.15e-10 s                 ; No                        ; Yes                       ;
; address[3]    ; 2.5 V        ; 0 s                 ; 0 s                 ; 2.62 V                       ; 2.74e-08 V                   ; 2.71 V              ; -0.0317 V           ; 0.148 V                              ; 0.064 V                              ; 4.51e-10 s                  ; 4.15e-10 s                  ; No                         ; Yes                        ; 2.62 V                      ; 2.74e-08 V                  ; 2.71 V             ; -0.0317 V          ; 0.148 V                             ; 0.064 V                             ; 4.51e-10 s                 ; 4.15e-10 s                 ; No                        ; Yes                       ;
; address[4]    ; 2.5 V        ; 0 s                 ; 0 s                 ; 2.62 V                       ; 2.74e-08 V                   ; 2.71 V              ; -0.0317 V           ; 0.148 V                              ; 0.064 V                              ; 4.51e-10 s                  ; 4.15e-10 s                  ; No                         ; Yes                        ; 2.62 V                      ; 2.74e-08 V                  ; 2.71 V             ; -0.0317 V          ; 0.148 V                             ; 0.064 V                             ; 4.51e-10 s                 ; 4.15e-10 s                 ; No                        ; Yes                       ;
; address[5]    ; 2.5 V        ; 0 s                 ; 0 s                 ; 2.62 V                       ; 2.74e-08 V                   ; 2.71 V              ; -0.0317 V           ; 0.148 V                              ; 0.064 V                              ; 4.51e-10 s                  ; 4.15e-10 s                  ; No                         ; Yes                        ; 2.62 V                      ; 2.74e-08 V                  ; 2.71 V             ; -0.0317 V          ; 0.148 V                             ; 0.064 V                             ; 4.51e-10 s                 ; 4.15e-10 s                 ; No                        ; Yes                       ;
; rst_out       ; 2.5 V        ; 0 s                 ; 0 s                 ; 2.62 V                       ; 2.74e-08 V                   ; 2.71 V              ; -0.0317 V           ; 0.148 V                              ; 0.064 V                              ; 4.51e-10 s                  ; 4.15e-10 s                  ; No                         ; Yes                        ; 2.62 V                      ; 2.74e-08 V                  ; 2.71 V             ; -0.0317 V          ; 0.148 V                             ; 0.064 V                             ; 4.51e-10 s                 ; 4.15e-10 s                 ; No                        ; Yes                       ;
; ~ALTERA_DCLK~ ; 2.5 V        ; 0 s                 ; 0 s                 ; 2.62 V                       ; 2.22e-08 V                   ; 2.74 V              ; -0.06 V             ; 0.158 V                              ; 0.08 V                               ; 2.68e-10 s                  ; 2.19e-10 s                  ; Yes                        ; Yes                        ; 2.62 V                      ; 2.22e-08 V                  ; 2.74 V             ; -0.06 V            ; 0.158 V                             ; 0.08 V                              ; 2.68e-10 s                 ; 2.19e-10 s                 ; Yes                       ; Yes                       ;
; ~ALTERA_nCEO~ ; 2.5 V        ; 0 s                 ; 0 s                 ; 2.62 V                       ; 3.54e-08 V                   ; 2.7 V               ; -0.00943 V          ; 0.276 V                              ; 0.035 V                              ; 3.19e-10 s                  ; 4.99e-10 s                  ; No                         ; Yes                        ; 2.62 V                      ; 3.54e-08 V                  ; 2.7 V              ; -0.00943 V         ; 0.276 V                             ; 0.035 V                             ; 3.19e-10 s                 ; 4.99e-10 s                 ; No                        ; Yes                       ;
+---------------+--------------+---------------------+---------------------+------------------------------+------------------------------+---------------------+---------------------+--------------------------------------+--------------------------------------+-----------------------------+-----------------------------+----------------------------+----------------------------+-----------------------------+-----------------------------+--------------------+--------------------+-------------------------------------+-------------------------------------+----------------------------+----------------------------+---------------------------+---------------------------+


+-------------------------------------------------------------------+
; Setup Transfers                                                   ;
+------------+----------+----------+----------+----------+----------+
; From Clock ; To Clock ; RR Paths ; FR Paths ; RF Paths ; FF Paths ;
+------------+----------+----------+----------+----------+----------+
; clk        ; clk      ; 508      ; 0        ; 0        ; 0        ;
+------------+----------+----------+----------+----------+----------+
Entries labeled "false path" only account for clock-to-clock false paths and not path-based false paths. As a result, actual path counts may be lower than reported.


+-------------------------------------------------------------------+
; Hold Transfers                                                    ;
+------------+----------+----------+----------+----------+----------+
; From Clock ; To Clock ; RR Paths ; FR Paths ; RF Paths ; FF Paths ;
+------------+----------+----------+----------+----------+----------+
; clk        ; clk      ; 508      ; 0        ; 0        ; 0        ;
+------------+----------+----------+----------+----------+----------+
Entries labeled "false path" only account for clock-to-clock false paths and not path-based false paths. As a result, actual path counts may be lower than reported.


+-------------------------------------------------------------------+
; Recovery Transfers                                                ;
+------------+----------+----------+----------+----------+----------+
; From Clock ; To Clock ; RR Paths ; FR Paths ; RF Paths ; FF Paths ;
+------------+----------+----------+----------+----------+----------+
; clk        ; clk      ; 49       ; 0        ; 0        ; 0        ;
+------------+----------+----------+----------+----------+----------+
Entries labeled "false path" only account for clock-to-clock false paths and not path-based false paths. As a result, actual path counts may be lower than reported.


+-------------------------------------------------------------------+
; Removal Transfers                                                 ;
+------------+----------+----------+----------+----------+----------+
; From Clock ; To Clock ; RR Paths ; FR Paths ; RF Paths ; FF Paths ;
+------------+----------+----------+----------+----------+----------+
; clk        ; clk      ; 49       ; 0        ; 0        ; 0        ;
+------------+----------+----------+----------+----------+----------+
Entries labeled "false path" only account for clock-to-clock false paths and not path-based false paths. As a result, actual path counts may be lower than reported.


---------------
; Report TCCS ;
---------------
No dedicated SERDES Transmitter circuitry present in device or used in design


---------------
; Report RSKM ;
---------------
No non-DPA dedicated SERDES Receiver circuitry present in device or used in design


+------------------------------------------------+
; Unconstrained Paths Summary                    ;
+---------------------------------+-------+------+
; Property                        ; Setup ; Hold ;
+---------------------------------+-------+------+
; Illegal Clocks                  ; 0     ; 0    ;
; Unconstrained Clocks            ; 0     ; 0    ;
; Unconstrained Input Ports       ; 0     ; 0    ;
; Unconstrained Input Port Paths  ; 0     ; 0    ;
; Unconstrained Output Ports      ; 0     ; 0    ;
; Unconstrained Output Port Paths ; 0     ; 0    ;
+---------------------------------+-------+------+


+-------------------------------------+
; Clock Status Summary                ;
+--------+-------+------+-------------+
; Target ; Clock ; Type ; Status      ;
+--------+-------+------+-------------+
; clk    ; clk   ; Base ; Constrained ;
+--------+-------+------+-------------+


+--------------------------+
; Timing Analyzer Messages ;
+--------------------------+
Info: *******************************************************************
Info: Running Quartus Prime Timing Analyzer
    Info: Version 20.1.1 Build 720 11/11/2020 SJ Lite Edition
    Info: Processing started: Sun Dec 28 17:09:36 2025
Info: Command: quartus_sta FSM_Control -c FSM_Control
Info: qsta_default_script.tcl version: #1
Warning (18236): Number of processors has not been specified which may cause overloading on shared machines.  Set the global assignment NUM_PARALLEL_PROCESSORS in your QSF to an appropriate value for best performance.
Info (20030): Parallel compilation is enabled and will use 12 of the 12 processors detected
Info (21077): Low junction temperature is 0 degrees C
Info (21077): High junction temperature is 85 degrees C
Info (332104): Reading SDC File: 'FSM_Control3.sdc'
Info: Found TIMING_ANALYZER_REPORT_SCRIPT_INCLUDE_DEFAULT_ANALYSIS = ON
Info: Analyzing Slow 1200mV 85C Model
Info (332146): Worst-case setup slack is 11.975
    Info (332119):     Slack       End Point TNS Clock 
    Info (332119): ========= =================== =====================
    Info (332119):    11.975               0.000 clk 
Info (332146): Worst-case hold slack is 0.401
    Info (332119):     Slack       End Point TNS Clock 
    Info (332119): ========= =================== =====================
    Info (332119):     0.401               0.000 clk 
Info (332146): Worst-case recovery slack is 16.124
    Info (332119):     Slack       End Point TNS Clock 
    Info (332119): ========= =================== =====================
    Info (332119):    16.124               0.000 clk 
Info (332146): Worst-case removal slack is 2.172
    Info (332119):     Slack       End Point TNS Clock 
    Info (332119): ========= =================== =====================
    Info (332119):     2.172               0.000 clk 
Info (332146): Worst-case minimum pulse width slack is 9.739
    Info (332119):     Slack       End Point TNS Clock 
    Info (332119): ========= =================== =====================
    Info (332119):     9.739               0.000 clk 
Info: Analyzing Slow 1200mV 0C Model
Info (334003): Started post-fitting delay annotation
Info (334004): Delay annotation completed successfully
Info (332146): Worst-case setup slack is 12.749
    Info (332119):     Slack       End Point TNS Clock 
    Info (332119): ========= =================== =====================
    Info (332119):    12.749               0.000 clk 
Info (332146): Worst-case hold slack is 0.353
    Info (332119):     Slack       End Point TNS Clock 
    Info (332119): ========= =================== =====================
    Info (332119):     0.353               0.000 clk 
Info (332146): Worst-case recovery slack is 16.558
    Info (332119):     Slack       End Point TNS Clock 
    Info (332119): ========= =================== =====================
    Info (332119):    16.558               0.000 clk 
Info (332146): Worst-case removal slack is 2.004
    Info (332119):     Slack       End Point TNS Clock 
    Info (332119): ========= =================== =====================
    Info (332119):     2.004               0.000 clk 
Info (332146): Worst-case minimum pulse width slack is 9.763
    Info (332119):     Slack       End Point TNS Clock 
    Info (332119): ========= =================== =====================
    Info (332119):     9.763               0.000 clk 
Info: Analyzing Fast 1200mV 0C Model
Info (332146): Worst-case setup slack is 15.151
    Info (332119):     Slack       End Point TNS Clock 
    Info (332119): ========= =================== =====================
    Info (332119):    15.151               0.000 clk 
Info (332146): Worst-case hold slack is 0.181
    Info (332119):     Slack       End Point TNS Clock 
    Info (332119): ========= =================== =====================
    Info (332119):     0.181               0.000 clk 
Info (332146): Worst-case recovery slack is 17.170
    Info (332119):     Slack       End Point TNS Clock 
    Info (332119): ========= =================== =====================
    Info (332119):    17.170               0.000 clk 
Info (332146): Worst-case removal slack is 1.504
    Info (332119):     Slack       End Point TNS Clock 
    Info (332119): ========= =================== =====================
    Info (332119):     1.504               0.000 clk 
Info (332146): Worst-case minimum pulse width slack is 9.439
    Info (332119):     Slack       End Point TNS Clock 
    Info (332119): ========= =================== =====================
    Info (332119):     9.439               0.000 clk 
Info (332101): Design is fully constrained for setup requirements
Info (332101): Design is fully constrained for hold requirements
Info: Quartus Prime Timing Analyzer was successful. 0 errors, 1 warning
    Info: Peak virtual memory: 4947 megabytes
    Info: Processing ended: Sun Dec 28 17:09:38 2025
    Info: Elapsed time: 00:00:02
    Info: Total CPU time (on all processors): 00:00:01


